# Blender 3.4.1
# www.blender.org
mtllib ursotopeira.mtl
o Plane
v 0.000000 0.371932 0.245564
v -0.000000 0.421524 -0.192949
v -0.373100 0.636522 -0.174619
v -0.432624 0.585471 0.202320
v -0.187335 -0.073198 0.051979
v -0.180907 0.048224 -0.097539
v -0.410477 0.057619 -0.105466
v -0.416905 -0.063803 0.044052
v 0.307150 0.302702 0.378859
v -0.000000 0.297671 1.091944
v 0.345125 0.743408 1.166610
v 0.596345 0.588622 0.764304
v 0.390598 -0.017085 0.858203
v 0.319278 -0.125689 1.003919
v 0.536400 -0.151631 1.065054
v 0.607720 -0.043027 0.919338
v -0.163723 0.804829 -0.280461
v 0.163723 0.804829 -0.280461
v 0.192729 1.060184 -0.107806
v -0.192729 1.060184 -0.107806
v -0.307150 0.302702 0.378859
v 0.306585 0.856275 0.451200
v -0.306585 0.856275 0.451200
v -0.198298 -0.062280 -0.236583
v -0.198199 -0.030108 -0.236573
v -0.364186 -0.029593 -0.252982
v -0.364285 -0.061765 -0.252991
v 0.396547 -0.073522 0.704599
v 0.383201 -0.118215 0.704599
v 0.537890 -0.164405 0.704599
v 0.551236 -0.119712 0.704599
v -0.135969 0.883950 -0.408810
v 0.135969 0.883950 -0.408810
v 0.135969 1.148430 -0.413432
v -0.135969 1.148430 -0.413432
v -0.024909 0.911084 -0.720959
v 0.024909 0.911084 -0.720959
v 0.024909 0.959454 -0.732463
v -0.024909 0.959454 -0.732463
v -0.005284 0.902846 -0.950844
v 0.005284 0.902846 -0.950844
v 0.005284 0.913356 -0.951949
v -0.005284 0.913356 -0.951949
v 0.432624 0.585471 0.202320
v 0.373100 0.636522 -0.174619
v 0.180907 0.048224 -0.097539
v 0.187335 -0.073198 0.051979
v 0.416905 -0.063803 0.044052
v 0.410477 0.057619 -0.105466
v -0.596345 0.588622 0.764304
v -0.345125 0.743408 1.166610
v -0.319278 -0.125689 1.003919
v -0.390598 -0.017085 0.858203
v -0.607720 -0.043027 0.919338
v -0.536400 -0.151631 1.065054
v 0.198199 -0.030108 -0.236573
v 0.198298 -0.062280 -0.236583
v 0.364285 -0.061765 -0.252991
v 0.364186 -0.029593 -0.252982
v -0.383201 -0.118215 0.704599
v -0.396547 -0.073522 0.704599
v -0.551236 -0.119712 0.704599
v -0.537890 -0.164405 0.704599
v -0.145375 0.159129 0.130489
v -0.143781 0.185316 -0.129419
v -0.411981 0.227093 -0.130489
v -0.413575 0.200906 0.129419
v 0.371081 0.089782 0.752749
v 0.239323 0.080073 1.062037
v 0.510584 0.177004 1.173952
v 0.638462 0.188046 0.873040
v -0.180541 -0.094450 -0.129723
v -0.178735 0.000820 -0.155886
v -0.400196 0.002577 -0.175187
v -0.402002 -0.092694 -0.149025
v 0.381322 -0.040956 0.794775
v 0.347353 -0.139943 0.819343
v 0.553115 -0.196971 0.829650
v 0.587084 -0.097985 0.805082
v -0.070574 0.900647 -0.595377
v 0.070574 0.900647 -0.595377
v 0.070574 1.037721 -0.626085
v -0.070574 1.037721 -0.626085
v -0.015227 0.910055 -0.787291
v 0.015227 0.910055 -0.787291
v 0.015227 0.940251 -0.791055
v -0.015227 0.940252 -0.791055
v -0.013256 0.907910 -0.826406
v 0.013256 0.907910 -0.826406
v 0.013256 0.934278 -0.829177
v -0.013256 0.934278 -0.829178
v -0.011694 0.906245 -0.857191
v 0.011694 0.906245 -0.857191
v 0.011694 0.929505 -0.859636
v -0.011694 0.929505 -0.859636
v -0.010301 0.904760 -0.884650
v 0.010301 0.904760 -0.884650
v 0.010301 0.925248 -0.886803
v -0.010301 0.925248 -0.886803
v -0.009017 0.903392 -0.909939
v 0.009017 0.903392 -0.909939
v 0.009017 0.921328 -0.911824
v -0.009017 0.921328 -0.911824
v -0.007815 0.902110 -0.933643
v 0.007815 0.902110 -0.933643
v 0.007815 0.917653 -0.935277
v -0.007815 0.917653 -0.935277
v 0.143781 0.185316 -0.129419
v 0.145375 0.159129 0.130489
v 0.413575 0.200906 0.129419
v 0.411981 0.227093 -0.130489
v -0.239323 0.080073 1.062037
v -0.371081 0.089782 0.752749
v -0.638462 0.188046 0.873040
v -0.510584 0.177004 1.173952
v 0.178735 0.000820 -0.155886
v 0.180541 -0.094450 -0.129723
v 0.402002 -0.092694 -0.149025
v 0.400196 0.002577 -0.175187
v -0.347353 -0.139943 0.819343
v -0.381322 -0.040956 0.794775
v -0.587084 -0.097985 0.805082
v -0.553115 -0.196971 0.829650
v -0.101053 0.361822 -0.156625
v -0.400150 0.482833 -0.158819
v -0.410294 0.478467 0.161014
v 0.400150 0.482833 -0.158819
v 0.410294 0.478467 0.161014
v 0.101053 0.361822 -0.156624
v 0.191575 0.846691 -0.271847
v 0.207520 0.884490 -0.260795
v 0.217111 0.920872 -0.246914
v 0.221857 0.955051 -0.229944
v 0.222657 0.986165 -0.209456
v 0.219215 1.013989 -0.184402
v 0.210646 1.038448 -0.153104
v 0.235643 1.005682 -0.096844
v 0.269617 0.954626 -0.095795
v 0.299219 0.902800 -0.100377
v 0.324602 0.850295 -0.109344
v 0.345532 0.797486 -0.121766
v 0.361491 0.744834 -0.136874
v 0.371651 0.692557 -0.154062
v 0.346122 0.659491 -0.200990
v 0.323198 0.680436 -0.218661
v 0.300539 0.701349 -0.232385
v 0.277003 0.722429 -0.243299
v 0.251831 0.743671 -0.252292
v 0.225111 0.764667 -0.260436
v 0.196880 0.784925 -0.268951
v 0.199346 1.041254 -0.040366
v 0.208264 1.020357 0.022353
v 0.219077 0.997606 0.086389
v 0.231581 0.973384 0.152381
v 0.245720 0.947899 0.220624
v 0.261847 0.920897 0.291428
v 0.280701 0.891752 0.365574
v 0.378898 -0.112812 0.702350
v 0.374697 -0.105546 0.699929
v 0.372457 -0.097981 0.698220
v 0.372925 -0.090808 0.697584
v 0.376466 -0.084552 0.698220
v 0.382488 -0.079454 0.699929
v 0.389986 -0.075681 0.702350
v 0.344599 0.819664 0.383297
v 0.369544 0.784994 0.337707
v 0.388774 0.749850 0.301914
v 0.403759 0.714157 0.273123
v 0.415333 0.678243 0.249556
v 0.423849 0.643619 0.230336
v 0.429536 0.612093 0.214809
v 0.438450 0.606515 0.165412
v 0.441201 0.623115 0.122711
v 0.440701 0.635413 0.075743
v 0.436773 0.643552 0.026033
v 0.429158 0.647684 -0.024914
v 0.417273 0.647990 -0.075676
v 0.400151 0.644593 -0.125001
v 0.423960 0.560049 0.232403
v 0.412928 0.531164 0.256602
v 0.400057 0.499938 0.276351
v 0.385879 0.467495 0.293083
v 0.370809 0.434513 0.308273
v 0.354818 0.399882 0.323560
v 0.337161 0.361250 0.341445
v 0.525016 -0.161731 0.702350
v 0.505783 -0.157195 0.699929
v 0.483401 -0.151324 0.698220
v 0.459592 -0.144504 0.697584
v 0.435942 -0.137153 0.698220
v 0.414006 -0.129791 0.699929
v 0.395434 -0.123037 0.702350
v 0.227769 0.286959 0.274989
v 0.177825 0.288320 0.201101
v 0.136974 0.295570 0.133965
v 0.102235 0.307245 0.070741
v 0.071967 0.322837 0.009789
v 0.045995 0.343216 -0.050661
v 0.024139 0.370495 -0.113142
v 0.075672 0.451444 -0.218927
v 0.129720 0.474081 -0.231114
v 0.179175 0.496054 -0.237179
v 0.225322 0.518812 -0.237978
v 0.268325 0.543366 -0.233680
v 0.307623 0.570107 -0.223514
v 0.342475 0.599589 -0.206031
v 0.036596 0.490041 -0.231142
v 0.061868 0.539106 -0.247143
v 0.083305 0.584045 -0.257717
v 0.102174 0.627054 -0.265167
v 0.119250 0.669429 -0.270719
v 0.134828 0.711821 -0.274864
v 0.149162 0.755062 -0.277930
v -0.036596 0.490041 -0.231142
v -0.061868 0.539106 -0.247143
v -0.083305 0.584045 -0.257717
v -0.102174 0.627054 -0.265167
v -0.119250 0.669429 -0.270719
v -0.134828 0.711821 -0.274864
v -0.149162 0.755062 -0.277930
v -0.119812 0.793665 -0.289860
v -0.079788 0.787890 -0.295154
v -0.039913 0.785069 -0.298147
v -0.000000 0.784306 -0.299111
v 0.039913 0.785069 -0.298147
v 0.079788 0.787890 -0.295154
v 0.119812 0.793665 -0.289860
v -0.191575 0.846691 -0.271847
v -0.207520 0.884490 -0.260795
v -0.217111 0.920872 -0.246914
v -0.221857 0.955051 -0.229944
v -0.222657 0.986165 -0.209456
v -0.219215 1.013989 -0.184402
v -0.210646 1.038449 -0.153104
v -0.144859 1.095425 -0.090888
v -0.097891 1.115970 -0.081226
v -0.049377 1.127674 -0.075770
v -0.000000 1.131457 -0.074019
v 0.049377 1.127674 -0.075770
v 0.097891 1.115970 -0.081226
v 0.144859 1.095425 -0.090888
v 0.586464 0.582492 0.734634
v 0.569282 0.568189 0.693437
v 0.545658 0.544801 0.647987
v 0.515730 0.511964 0.600856
v 0.479545 0.469916 0.553567
v 0.436892 0.420710 0.505445
v 0.386326 0.366539 0.454188
v -0.199346 1.041254 -0.040366
v -0.208264 1.020357 0.022353
v -0.219077 0.997606 0.086389
v -0.231581 0.973384 0.152381
v -0.245720 0.947899 0.220624
v -0.261847 0.920897 0.291428
v -0.280701 0.891752 0.365574
v -0.232505 0.902003 0.474992
v -0.157723 0.928191 0.489444
v -0.079713 0.942983 0.497867
v 0.000000 0.947734 0.500638
v 0.079713 0.942983 0.497867
v 0.157723 0.928191 0.489443
v 0.232505 0.902003 0.474992
v 0.555539 -0.125115 0.702350
v 0.559740 -0.132382 0.699929
v 0.561980 -0.139947 0.698220
v 0.561512 -0.147120 0.697584
v 0.557971 -0.153375 0.698220
v 0.551949 -0.158473 0.699929
v 0.544452 -0.162246 0.702350
v -0.354153 0.796350 0.473502
v -0.382213 0.740117 0.478600
v -0.399330 0.681541 0.474288
v -0.407100 0.619596 0.463014
v -0.406071 0.553523 0.446669
v -0.394820 0.482334 0.426780
v -0.370080 0.404197 0.404648
v -0.207053 0.264334 0.369431
v -0.134245 0.251943 0.366158
v -0.066216 0.245940 0.364332
v 0.000000 0.244175 0.363711
v 0.066216 0.245940 0.364332
v 0.134245 0.251943 0.366158
v 0.207053 0.264334 0.369431
v 0.409420 -0.076196 0.702350
v 0.428654 -0.080732 0.699929
v 0.451036 -0.086604 0.698220
v 0.474845 -0.093423 0.697584
v 0.498495 -0.100775 0.698220
v 0.520431 -0.108137 0.699929
v 0.539003 -0.114890 0.702350
v 0.370080 0.404197 0.404648
v 0.394820 0.482334 0.426780
v 0.406071 0.553523 0.446669
v 0.407100 0.619596 0.463014
v 0.399330 0.681541 0.474288
v 0.382213 0.740117 0.478600
v 0.354153 0.796350 0.473502
v -0.227769 0.286959 0.274989
v -0.177825 0.288321 0.201101
v -0.136974 0.295570 0.133965
v -0.102235 0.307245 0.070741
v -0.071967 0.322837 0.009789
v -0.045995 0.343216 -0.050661
v -0.024139 0.370495 -0.113142
v -0.192183 -0.032936 -0.237972
v -0.185709 -0.036962 -0.239479
v -0.181142 -0.041493 -0.240543
v -0.179453 -0.046251 -0.240940
v -0.181171 -0.050997 -0.240546
v -0.185766 -0.055501 -0.239484
v -0.192265 -0.059488 -0.237980
v -0.342475 0.599589 -0.206031
v -0.307623 0.570107 -0.223514
v -0.268325 0.543366 -0.233680
v -0.225322 0.518812 -0.237978
v -0.179175 0.496054 -0.237179
v -0.129720 0.474081 -0.231114
v -0.075672 0.451444 -0.218927
v -0.346122 0.659491 -0.200990
v -0.323198 0.680436 -0.218661
v -0.300539 0.701349 -0.232385
v -0.277003 0.722429 -0.243299
v -0.251831 0.743671 -0.252292
v -0.225111 0.764667 -0.260436
v -0.196880 0.784925 -0.268951
v -0.371651 0.692557 -0.154062
v -0.361491 0.744834 -0.136874
v -0.345532 0.797486 -0.121766
v -0.324602 0.850294 -0.109344
v -0.299220 0.902800 -0.100377
v -0.269617 0.954626 -0.095795
v -0.235643 1.005682 -0.096844
v -0.350519 -0.029146 -0.253624
v -0.330024 -0.028743 -0.253745
v -0.306097 -0.028536 -0.252895
v -0.280579 -0.028525 -0.250936
v -0.255172 -0.028694 -0.247861
v -0.231544 -0.029048 -0.244010
v -0.211472 -0.029577 -0.239879
v -0.400151 0.644593 -0.125001
v -0.417273 0.647990 -0.075676
v -0.429158 0.647684 -0.024914
v -0.436773 0.643552 0.026033
v -0.440701 0.635413 0.075743
v -0.441201 0.623115 0.122711
v -0.438450 0.606515 0.165412
v -0.429536 0.612093 0.214809
v -0.423849 0.643619 0.230336
v -0.415333 0.678243 0.249556
v -0.403759 0.714157 0.273123
v -0.388775 0.749849 0.301914
v -0.369544 0.784994 0.337707
v -0.344599 0.819664 0.383297
v -0.423960 0.560049 0.232403
v -0.412928 0.531164 0.256602
v -0.400057 0.499938 0.276351
v -0.385879 0.467495 0.293083
v -0.370809 0.434513 0.308273
v -0.354818 0.399882 0.323560
v -0.337161 0.361250 0.341445
v 0.593974 0.613540 0.789352
v 0.586485 0.644795 0.827400
v 0.572057 0.674724 0.873558
v 0.549369 0.700398 0.925996
v 0.517280 0.719937 0.983058
v 0.474964 0.733459 1.042691
v 0.421016 0.741463 1.102996
v -0.413473 0.495671 0.163599
v -0.417444 0.508660 0.166262
v -0.421756 0.518993 0.169331
v -0.425957 0.528233 0.173137
v -0.429596 0.537940 0.178009
v -0.432221 0.549674 0.184277
v -0.433381 0.564997 0.192271
v 0.296182 0.692943 1.224014
v 0.253549 0.641618 1.251081
v 0.211797 0.588067 1.261052
v 0.169865 0.533287 1.257127
v 0.127317 0.478069 1.241108
v 0.085124 0.422180 1.212586
v 0.044253 0.364753 1.169366
v 0.036708 0.254496 0.989191
v 0.067639 0.233370 0.903663
v 0.099968 0.221366 0.820371
v 0.133974 0.216705 0.737223
v 0.169686 0.218887 0.653099
v 0.208056 0.229268 0.567836
v 0.250665 0.250761 0.480844
v -0.036708 0.254496 0.989191
v -0.067639 0.233370 0.903663
v -0.099968 0.221366 0.820372
v -0.133974 0.216705 0.737223
v -0.169686 0.218887 0.653099
v -0.208056 0.229268 0.567836
v -0.250665 0.250761 0.480844
v -0.053640 0.404022 -0.176102
v -0.077770 0.397626 -0.168284
v -0.091663 0.393715 -0.163399
v -0.098848 0.390447 -0.160467
v -0.101736 0.386516 -0.158825
v -0.102042 0.380992 -0.157957
v -0.101301 0.373040 -0.157383
v -0.301325 0.855309 0.556621
v -0.301616 0.854903 0.651569
v -0.305195 0.853492 0.744953
v -0.311300 0.849361 0.836661
v -0.319252 0.840506 0.925812
v -0.328235 0.823971 1.010913
v -0.337309 0.795830 1.090442
v -0.253701 0.777079 1.182073
v -0.169504 0.797947 1.190713
v -0.084959 0.810584 1.195587
v 0.000000 0.814902 1.197161
v 0.084959 0.810584 1.195587
v 0.169504 0.797947 1.190713
v 0.253701 0.777079 1.182073
v -0.369910 -0.058937 -0.255541
v -0.375964 -0.054911 -0.258286
v -0.380234 -0.050380 -0.260224
v -0.381813 -0.045623 -0.260944
v -0.380205 -0.040876 -0.260221
v -0.375907 -0.036372 -0.258280
v -0.369828 -0.032385 -0.255533
v 0.337309 0.795830 1.090442
v 0.328235 0.823971 1.010913
v 0.319252 0.840506 0.925812
v 0.311300 0.849361 0.836661
v 0.305196 0.853492 0.744953
v 0.301616 0.854903 0.651568
v 0.301325 0.855308 0.556621
v -0.296182 0.692943 1.224014
v -0.253549 0.641618 1.251081
v -0.211797 0.588067 1.261052
v -0.169865 0.533287 1.257127
v -0.127317 0.478069 1.241108
v -0.085124 0.422180 1.212586
v -0.044253 0.364753 1.169366
v -0.277731 0.315433 0.291750
v -0.251900 0.327017 0.251175
v -0.223957 0.338184 0.225460
v -0.193379 0.348201 0.210059
v -0.159692 0.356429 0.202692
v -0.121626 0.362526 0.203191
v -0.076566 0.366430 0.212636
v -0.421016 0.741462 1.102996
v -0.474964 0.733459 1.042691
v -0.517280 0.719937 0.983058
v -0.549369 0.700398 0.925996
v -0.572057 0.674724 0.873558
v -0.586485 0.644795 0.827400
v -0.593974 0.613540 0.789352
v -0.586464 0.582492 0.734634
v -0.569282 0.568189 0.693437
v -0.545658 0.544801 0.647987
v -0.515730 0.511964 0.600856
v -0.479545 0.469916 0.553567
v -0.436892 0.420710 0.505445
v -0.386326 0.366539 0.454188
v -0.211574 -0.062728 -0.239889
v -0.231649 -0.063130 -0.244020
v -0.255279 -0.063337 -0.247872
v -0.280686 -0.063348 -0.250947
v -0.306204 -0.063179 -0.252906
v -0.330129 -0.062825 -0.253755
v -0.350621 -0.062296 -0.253634
v -0.383560 0.598467 -0.170048
v -0.389256 0.574800 -0.167426
v -0.392889 0.557290 -0.165582
v -0.395245 0.543229 -0.164180
v -0.396872 0.530453 -0.162972
v -0.398072 0.517219 -0.161782
v -0.399085 0.501891 -0.160450
v -0.382022 0.464494 0.188084
v -0.347838 0.448405 0.208443
v -0.308126 0.431225 0.222620
v -0.263270 0.413982 0.231142
v -0.213442 0.397739 0.234695
v -0.157960 0.383708 0.234585
v -0.094791 0.373337 0.232995
v -0.037110 0.351580 0.173748
v -0.044411 0.340877 0.117953
v -0.047647 0.335202 0.064398
v -0.050667 0.333789 0.012766
v -0.055962 0.336109 -0.036392
v -0.065172 0.341784 -0.081898
v -0.079727 0.350469 -0.122420
v -0.130018 0.375452 -0.183405
v -0.165251 0.390774 -0.202561
v -0.204821 0.407155 -0.214118
v -0.246798 0.423965 -0.218102
v -0.289250 0.440569 -0.214538
v -0.330246 0.456337 -0.203453
v -0.367857 0.470636 -0.184871
v -0.425537 0.492393 -0.125624
v -0.443796 0.499168 -0.086820
v -0.455044 0.503106 -0.044242
v -0.459401 0.504158 0.000274
v -0.456985 0.502271 0.044893
v -0.447917 0.497394 0.087780
v -0.432313 0.489477 0.127099
v 0.433381 0.564998 0.192271
v 0.432221 0.549674 0.184277
v 0.429596 0.537940 0.178009
v 0.425957 0.528233 0.173137
v 0.421756 0.518993 0.169331
v 0.417444 0.508660 0.166262
v 0.413473 0.495671 0.163599
v 0.383560 0.598467 -0.170048
v 0.389256 0.574800 -0.167426
v 0.392889 0.557290 -0.165582
v 0.395245 0.543229 -0.164180
v 0.396872 0.530453 -0.162972
v 0.398072 0.517219 -0.161782
v 0.399085 0.501891 -0.160450
v 0.076566 0.366430 0.212636
v 0.121626 0.362526 0.203191
v 0.159692 0.356429 0.202692
v 0.193379 0.348201 0.210059
v 0.223957 0.338184 0.225460
v 0.251900 0.327017 0.251175
v 0.277731 0.315433 0.291750
v 0.053640 0.404022 -0.176102
v 0.077770 0.397626 -0.168284
v 0.091663 0.393715 -0.163399
v 0.098848 0.390447 -0.160467
v 0.101736 0.386516 -0.158825
v 0.102042 0.380992 -0.157957
v 0.101301 0.373040 -0.157383
v 0.094791 0.373337 0.232995
v 0.157960 0.383708 0.234585
v 0.213442 0.397739 0.234695
v 0.263270 0.413982 0.231142
v 0.308126 0.431225 0.222620
v 0.347838 0.448405 0.208443
v 0.382022 0.464494 0.188084
v 0.432313 0.489477 0.127099
v 0.447917 0.497394 0.087780
v 0.456985 0.502271 0.044893
v 0.459401 0.504158 0.000274
v 0.455044 0.503107 -0.044242
v 0.443796 0.499168 -0.086820
v 0.425537 0.492393 -0.125624
v 0.367857 0.470636 -0.184871
v 0.330246 0.456337 -0.203453
v 0.289250 0.440569 -0.214538
v 0.246798 0.423965 -0.218102
v 0.204821 0.407155 -0.214118
v 0.165251 0.390774 -0.202561
v 0.130018 0.375452 -0.183405
v 0.079727 0.350469 -0.122420
v 0.065172 0.341784 -0.081898
v 0.055962 0.336109 -0.036392
v 0.050667 0.333789 0.012766
v 0.047647 0.335202 0.064398
v 0.044411 0.340877 0.117953
v 0.037110 0.351580 0.173748
v -0.005638 0.903663 -0.951326
v -0.006018 0.904905 -0.951883
v -0.006285 0.906377 -0.952339
v -0.006384 0.907973 -0.952619
v -0.006285 0.909592 -0.952677
v -0.006018 0.911126 -0.952537
v -0.005638 0.912457 -0.952250
v -0.004421 0.913667 -0.952378
v -0.003128 0.914001 -0.952839
v -0.001616 0.914235 -0.953165
v -0.000000 0.914322 -0.953286
v 0.001616 0.914235 -0.953165
v 0.003128 0.914001 -0.952839
v 0.004421 0.913667 -0.952377
v 0.005638 0.912457 -0.952250
v 0.006018 0.911126 -0.952537
v 0.006285 0.909592 -0.952677
v 0.006384 0.907973 -0.952619
v 0.006285 0.906377 -0.952339
v 0.006018 0.904905 -0.951883
v 0.005638 0.903663 -0.951326
v 0.004421 0.902453 -0.951199
v 0.003128 0.902031 -0.951581
v 0.001616 0.901734 -0.951851
v 0.000000 0.901624 -0.951952
v -0.001616 0.901734 -0.951851
v -0.003128 0.902031 -0.951581
v -0.004421 0.902453 -0.951199
v 0.211472 -0.029577 -0.239879
v 0.231544 -0.029048 -0.244010
v 0.255172 -0.028694 -0.247861
v 0.280580 -0.028525 -0.250936
v 0.306097 -0.028536 -0.252895
v 0.330024 -0.028743 -0.253745
v 0.350519 -0.029146 -0.253624
v 0.369828 -0.032385 -0.255533
v 0.375907 -0.036372 -0.258280
v 0.380205 -0.040876 -0.260221
v 0.381813 -0.045623 -0.260944
v 0.380234 -0.050380 -0.260224
v 0.375964 -0.054911 -0.258286
v 0.369910 -0.058937 -0.255541
v 0.350621 -0.062296 -0.253634
v 0.330129 -0.062825 -0.253755
v 0.306204 -0.063179 -0.252906
v 0.280686 -0.063348 -0.250947
v 0.255279 -0.063337 -0.247872
v 0.231649 -0.063130 -0.244020
v 0.211574 -0.062728 -0.239889
v 0.192265 -0.059488 -0.237980
v 0.185766 -0.055501 -0.239484
v 0.181171 -0.050997 -0.240546
v 0.179453 -0.046251 -0.240940
v 0.181142 -0.041493 -0.240543
v 0.185709 -0.036962 -0.239479
v 0.192183 -0.032936 -0.237972
v -0.395434 -0.123037 0.702350
v -0.414006 -0.129791 0.699929
v -0.435942 -0.137153 0.698220
v -0.459592 -0.144504 0.697584
v -0.483401 -0.151324 0.698220
v -0.505783 -0.157195 0.699929
v -0.525017 -0.161731 0.702350
v -0.544452 -0.162246 0.702350
v -0.551949 -0.158473 0.699929
v -0.557971 -0.153375 0.698220
v -0.561512 -0.147120 0.697584
v -0.561980 -0.139947 0.698220
v -0.559740 -0.132382 0.699929
v -0.555539 -0.125115 0.702350
v -0.539003 -0.114890 0.702350
v -0.520431 -0.108137 0.699929
v -0.498495 -0.100775 0.698220
v -0.474845 -0.093423 0.697584
v -0.451036 -0.086604 0.698220
v -0.428654 -0.080732 0.699929
v -0.409420 -0.076196 0.702350
v -0.389985 -0.075681 0.702350
v -0.382488 -0.079454 0.699929
v -0.376466 -0.084552 0.698220
v -0.372925 -0.090808 0.697584
v -0.372457 -0.097981 0.698220
v -0.374697 -0.105546 0.699929
v -0.378898 -0.112812 0.702350
v -0.054801 0.349975 0.202173
v -0.078326 0.329486 0.180994
v -0.095319 0.306544 0.166218
v -0.108622 0.281084 0.155496
v -0.119727 0.253278 0.147353
v -0.129271 0.223445 0.140934
v -0.137679 0.191943 0.135546
v -0.123208 0.158439 0.103419
v -0.107299 0.159188 0.071754
v -0.097656 0.161222 0.037019
v -0.094291 0.164390 0.000736
v -0.097211 0.168536 -0.035573
v -0.106427 0.173509 -0.070383
v -0.121947 0.179153 -0.102173
v -0.136730 0.209480 -0.134706
v -0.129551 0.234444 -0.139504
v -0.122552 0.259508 -0.143789
v -0.116042 0.283972 -0.147534
v -0.110329 0.307135 -0.150715
v -0.105721 0.328298 -0.153307
v -0.102526 0.346761 -0.155286
v -0.171675 0.191830 -0.150852
v -0.204321 0.198464 -0.166211
v -0.240147 0.204974 -0.175492
v -0.277582 0.211115 -0.178687
v -0.315054 0.216642 -0.175791
v -0.350992 0.221310 -0.166797
v -0.383825 0.224876 -0.151698
v -0.410896 0.259846 -0.135428
v -0.409536 0.294432 -0.139990
v -0.407983 0.329822 -0.144166
v -0.406317 0.364988 -0.147942
v -0.404620 0.398900 -0.151307
v -0.402972 0.430531 -0.154250
v -0.401455 0.458851 -0.156758
v -0.434148 0.227783 -0.103419
v -0.450057 0.227035 -0.071754
v -0.459699 0.225000 -0.037019
v -0.463065 0.221832 -0.000736
v -0.460145 0.217686 0.035573
v -0.450929 0.212714 0.070383
v -0.435409 0.207069 0.102173
v -0.411983 0.242294 0.134715
v -0.410367 0.283316 0.139573
v -0.408907 0.323199 0.144020
v -0.407784 0.361169 0.148083
v -0.407180 0.396453 0.151787
v -0.407276 0.428280 0.155159
v -0.408254 0.455875 0.158226
v -0.385681 0.194392 0.150852
v -0.353035 0.187758 0.166211
v -0.317209 0.181249 0.175492
v -0.279774 0.175108 0.178687
v -0.242302 0.169580 0.175791
v -0.206363 0.164912 0.166797
v -0.173531 0.161347 0.151698
v -0.152698 0.125428 0.125135
v -0.159631 0.091534 0.119114
v -0.166074 0.058209 0.112123
v -0.171923 0.026216 0.103857
v -0.177076 -0.003683 0.094013
v -0.181430 -0.030727 0.082288
v -0.184884 -0.054153 0.068378
v -0.167832 -0.061281 0.037006
v -0.153596 -0.047009 0.019219
v -0.144665 -0.031095 -0.000507
v -0.141077 -0.014248 -0.021294
v -0.142870 0.002818 -0.042267
v -0.150080 0.019393 -0.062549
v -0.162747 0.034766 -0.081265
v -0.178613 0.059464 -0.097581
v -0.175555 0.072462 -0.099385
v -0.171779 0.087183 -0.102634
v -0.167333 0.103588 -0.107010
v -0.162263 0.121641 -0.112195
v -0.156617 0.141304 -0.117870
v -0.150440 0.162542 -0.123717
v -0.204368 0.059166 -0.110633
v -0.232015 0.067427 -0.120361
v -0.262503 0.072953 -0.126678
v -0.294487 0.075688 -0.129537
v -0.326621 0.075577 -0.128892
v -0.357561 0.072565 -0.124696
v -0.385962 0.066597 -0.116903
v -0.411393 0.070650 -0.104210
v -0.412161 0.085799 -0.104853
v -0.412750 0.103170 -0.107071
v -0.413130 0.122870 -0.110543
v -0.413273 0.145007 -0.114943
v -0.413149 0.169685 -0.119950
v -0.412728 0.197011 -0.125240
v -0.429981 0.045702 -0.090493
v -0.444217 0.031430 -0.072706
v -0.453148 0.015515 -0.052980
v -0.456735 -0.001331 -0.032193
v -0.454943 -0.018397 -0.011220
v -0.447732 -0.034973 0.009062
v -0.435065 -0.050345 0.027779
v -0.417664 -0.042966 0.061748
v -0.418036 -0.017391 0.076820
v -0.418046 0.012304 0.089576
v -0.417720 0.045499 0.100324
v -0.417084 0.081575 0.109374
v -0.416164 0.119915 0.117034
v -0.414985 0.159898 0.123613
v -0.393444 -0.074745 0.057146
v -0.365797 -0.083007 0.066874
v -0.335309 -0.088532 0.073191
v -0.303325 -0.091267 0.076051
v -0.271191 -0.091156 0.075405
v -0.240251 -0.088144 0.071209
v -0.211851 -0.082177 0.063416
v 0.373321 0.068357 0.774732
v 0.375989 0.049626 0.794520
v 0.378898 0.033393 0.811952
v 0.381864 0.019465 0.826869
v 0.384702 0.007647 0.839112
v 0.387227 -0.002254 0.848522
v 0.389254 -0.010434 0.854939
v 0.365334 -0.026305 0.868415
v 0.343906 -0.038042 0.882620
v 0.326731 -0.051660 0.899966
v 0.314227 -0.066523 0.919598
v 0.306812 -0.081993 0.940664
v 0.304904 -0.097435 0.962308
v 0.308920 -0.112213 0.983678
v 0.312073 -0.110110 1.018419
v 0.303854 -0.090647 1.029916
v 0.294729 -0.067793 1.038878
v 0.284806 -0.042042 1.045773
v 0.274195 -0.013887 1.051069
v 0.263005 0.016180 1.055233
v 0.251345 0.047664 1.058733
v 0.230878 0.073122 1.020452
v 0.231164 0.068595 0.975931
v 0.239375 0.066445 0.930360
v 0.254704 0.066628 0.885624
v 0.276345 0.069098 0.843609
v 0.303493 0.073810 0.806201
v 0.335340 0.080720 0.775286
v 0.336115 -0.137308 1.022260
v 0.358440 -0.146839 1.038261
v 0.384982 -0.154128 1.051563
v 0.414467 -0.159023 1.061808
v 0.445623 -0.161373 1.068638
v 0.477179 -0.161026 1.071694
v 0.507862 -0.157829 1.070619
v 0.534604 -0.129044 1.086972
v 0.532785 -0.101259 1.105740
v 0.530751 -0.068234 1.121748
v 0.528308 -0.029926 1.135384
v 0.525263 0.013710 1.147034
v 0.521423 0.062714 1.157086
v 0.516594 0.117131 1.165930
v 0.471709 0.165983 1.187028
v 0.431007 0.153537 1.191206
v 0.390100 0.140221 1.187070
v 0.350612 0.126593 1.175201
v 0.314167 0.113208 1.156180
v 0.282388 0.100622 1.130592
v 0.256899 0.089391 1.099016
v 0.561663 -0.142411 1.054843
v 0.583091 -0.130673 1.040637
v 0.600266 -0.117055 1.023291
v 0.612770 -0.102193 1.003659
v 0.620186 -0.086723 0.982593
v 0.622094 -0.071281 0.960949
v 0.618078 -0.056503 0.939579
v 0.611777 -0.029365 0.923508
v 0.616098 -0.012846 0.924478
v 0.620520 0.007276 0.922424
v 0.624881 0.031748 0.917526
v 0.629019 0.061315 0.909961
v 0.632770 0.096723 0.899907
v 0.635972 0.138718 0.887540
v 0.647073 0.194939 0.914265
v 0.647226 0.199316 0.957837
v 0.639637 0.201252 1.002067
v 0.625021 0.200824 1.045265
v 0.604092 0.198109 1.085743
v 0.577566 0.193183 1.121809
v 0.546158 0.186123 1.151776
v 0.590883 -0.031407 0.900997
v 0.568558 -0.021877 0.884996
v 0.542016 -0.014588 0.871694
v 0.512531 -0.009693 0.861449
v 0.481375 -0.007343 0.854619
v 0.449819 -0.007690 0.851563
v 0.419136 -0.010887 0.852638
v 0.409789 0.100860 0.740034
v 0.450052 0.113457 0.736804
v 0.490337 0.126986 0.742281
v 0.529113 0.140859 0.755689
v 0.564845 0.154489 0.776246
v 0.596003 0.167289 0.803177
v 0.621053 0.178670 0.835701
v 0.334141 0.273918 0.483368
v 0.347537 0.248518 0.545308
v 0.356128 0.222216 0.594527
v 0.361631 0.195044 0.635497
v 0.365203 0.167409 0.670768
v 0.367564 0.140080 0.701514
v 0.369321 0.113917 0.728565
v 0.226822 0.112889 1.065534
v 0.212824 0.145497 1.069304
v 0.196083 0.177259 1.073349
v 0.175354 0.207535 1.077671
v 0.149208 0.235675 1.082199
v 0.115483 0.260985 1.086579
v 0.070997 0.282585 1.090267
v 0.503137 0.242133 1.181399
v 0.493753 0.311356 1.187945
v 0.481871 0.383267 1.193127
v 0.466928 0.456462 1.196477
v 0.448195 0.529584 1.197380
v 0.424271 0.601466 1.194623
v 0.392994 0.671292 1.186423
v 0.640011 0.244740 0.856722
v 0.640118 0.305979 0.839454
v 0.638216 0.368232 0.822241
v 0.633736 0.427966 0.806090
v 0.626343 0.481971 0.791867
v 0.616621 0.528338 0.779881
v 0.605621 0.565291 0.770369
v -0.188724 -0.087331 0.032936
v -0.189162 -0.096944 0.011682
v -0.188805 -0.102656 -0.011202
v -0.187810 -0.105088 -0.035134
v -0.186330 -0.104863 -0.059533
v -0.184522 -0.102601 -0.083819
v -0.182540 -0.098923 -0.107409
v -0.162186 -0.084639 -0.130874
v -0.148989 -0.073112 -0.132936
v -0.140961 -0.060428 -0.135758
v -0.138114 -0.047144 -0.139186
v -0.140457 -0.033819 -0.143065
v -0.148001 -0.021011 -0.147244
v -0.160757 -0.009279 -0.151569
v -0.180078 0.004988 -0.144553
v -0.181316 0.009141 -0.134003
v -0.182350 0.013537 -0.124422
v -0.183078 0.018436 -0.115996
v -0.183399 0.024095 -0.108909
v -0.183211 0.030773 -0.103347
v -0.182414 0.038730 -0.099495
v -0.201727 0.008819 -0.160049
v -0.228655 0.014616 -0.163938
v -0.258221 0.018200 -0.167440
v -0.289127 0.019562 -0.170442
v -0.320074 0.018691 -0.172831
v -0.349767 0.015576 -0.174494
v -0.376907 0.010209 -0.175317
v -0.401614 0.007199 -0.162776
v -0.403027 0.011920 -0.150953
v -0.404418 0.017013 -0.139954
v -0.405771 0.022752 -0.130011
v -0.407070 0.029409 -0.121358
v -0.408298 0.037257 -0.114227
v -0.409439 0.046569 -0.108852
v -0.418551 -0.007234 -0.174037
v -0.431748 -0.018761 -0.171974
v -0.439776 -0.031445 -0.169153
v -0.442623 -0.044729 -0.165725
v -0.440280 -0.058054 -0.161845
v -0.432736 -0.070862 -0.157667
v -0.419980 -0.082594 -0.153342
v -0.404077 -0.096713 -0.125632
v -0.406233 -0.099822 -0.100769
v -0.408398 -0.101387 -0.075065
v -0.410503 -0.100772 -0.049149
v -0.412477 -0.097342 -0.023651
v -0.414249 -0.090460 0.000802
v -0.415748 -0.079493 0.023579
v -0.379010 -0.100692 -0.144862
v -0.352082 -0.106489 -0.140973
v -0.322516 -0.110073 -0.137471
v -0.291611 -0.111435 -0.134468
v -0.260663 -0.110564 -0.132080
v -0.230970 -0.107450 -0.130417
v -0.203830 -0.102082 -0.129594
v -0.178730 -0.089721 -0.150267
v -0.177518 -0.084942 -0.168896
v -0.177363 -0.080238 -0.185553
v -0.178728 -0.075732 -0.200180
v -0.181941 -0.071544 -0.212724
v -0.186813 -0.067767 -0.223144
v -0.192861 -0.064527 -0.231344
v -0.192745 -0.027900 -0.231384
v -0.186657 -0.024716 -0.223540
v -0.181706 -0.021016 -0.214090
v -0.178358 -0.016932 -0.203436
v -0.176786 -0.012571 -0.191927
v -0.176643 -0.008066 -0.179922
v -0.177452 -0.003555 -0.167787
v -0.370539 -0.027347 -0.248954
v -0.378043 -0.024106 -0.242419
v -0.384775 -0.020329 -0.234027
v -0.390214 -0.016141 -0.224055
v -0.394139 -0.011635 -0.212780
v -0.396835 -0.006931 -0.200596
v -0.398717 -0.002152 -0.187924
v -0.370654 -0.063973 -0.248914
v -0.378199 -0.067157 -0.242023
v -0.385010 -0.070857 -0.232662
v -0.390584 -0.074941 -0.220799
v -0.394716 -0.079302 -0.206406
v -0.397710 -0.083808 -0.189570
v -0.399996 -0.088318 -0.170404
v 0.379584 -0.043567 0.780766
v 0.378410 -0.046660 0.766657
v 0.378202 -0.050276 0.752895
v 0.379361 -0.054457 0.739929
v 0.382173 -0.059198 0.728189
v 0.386458 -0.064307 0.718033
v 0.391775 -0.069456 0.709846
v 0.376971 -0.119004 0.709894
v 0.369630 -0.120434 0.718417
v 0.363050 -0.122463 0.729485
v 0.357718 -0.125091 0.743000
v 0.353830 -0.128290 0.758893
v 0.351086 -0.131934 0.777021
v 0.349067 -0.135869 0.797225
v 0.334024 -0.124921 0.815930
v 0.326114 -0.109496 0.812327
v 0.323425 -0.094248 0.808678
v 0.325757 -0.079757 0.805126
v 0.332912 -0.066602 0.801816
v 0.344691 -0.055363 0.798892
v 0.360894 -0.046621 0.796497
v 0.542662 -0.168471 0.709914
v 0.547979 -0.173620 0.718578
v 0.552264 -0.178730 0.730028
v 0.555076 -0.183470 0.744288
v 0.556236 -0.187651 0.761409
v 0.556027 -0.191268 0.781370
v 0.554853 -0.194361 0.804130
v 0.528828 -0.199132 0.830588
v 0.501720 -0.197971 0.830770
v 0.472997 -0.193821 0.830254
v 0.443865 -0.187017 0.829103
v 0.415528 -0.177893 0.827375
v 0.389194 -0.166783 0.825133
v 0.366067 -0.154022 0.822435
v 0.557466 -0.118923 0.709866
v 0.564807 -0.117493 0.718194
v 0.571387 -0.115464 0.728733
v 0.576719 -0.112837 0.741217
v 0.580607 -0.109637 0.755411
v 0.583351 -0.105994 0.771005
v 0.585370 -0.102058 0.787671
v 0.600413 -0.113006 0.808495
v 0.608323 -0.128431 0.812098
v 0.611012 -0.143679 0.815747
v 0.608680 -0.158171 0.819299
v 0.601525 -0.171326 0.822609
v 0.589746 -0.182564 0.825533
v 0.573543 -0.191306 0.827928
v 0.405609 -0.038795 0.793837
v 0.432717 -0.039957 0.793656
v 0.461440 -0.044106 0.794171
v 0.490572 -0.050910 0.795322
v 0.518909 -0.060034 0.797050
v 0.545243 -0.071144 0.799292
v 0.568370 -0.083906 0.801990
v 0.391125 -0.022407 0.858240
v 0.390913 -0.026617 0.855310
v 0.390091 -0.029938 0.849760
v 0.388786 -0.032590 0.841933
v 0.387128 -0.034796 0.832176
v 0.385246 -0.036778 0.820834
v 0.383267 -0.038757 0.808252
v 0.345572 -0.143937 0.843133
v 0.343549 -0.147372 0.868023
v 0.341159 -0.149701 0.893362
v 0.338274 -0.150381 0.918496
v 0.334770 -0.148865 0.942771
v 0.330520 -0.144607 0.965536
v 0.325398 -0.137064 0.986136
v 0.551155 -0.199035 0.857767
v 0.549075 -0.200068 0.887822
v 0.546917 -0.199482 0.919033
v 0.544721 -0.196686 0.950617
v 0.542530 -0.191092 0.981794
v 0.540385 -0.182111 1.011781
v 0.538328 -0.169154 1.039794
v 0.588850 -0.093855 0.822886
v 0.590772 -0.089474 0.840632
v 0.592886 -0.084576 0.857847
v 0.595233 -0.078895 0.874055
v 0.597851 -0.072165 0.888783
v 0.600779 -0.064121 0.901555
v 0.604056 -0.054497 0.911899
v -0.154097 0.838088 -0.291780
v -0.148887 0.857368 -0.303891
v -0.145783 0.869738 -0.317517
v -0.143945 0.877215 -0.332721
v -0.142664 0.881308 -0.349515
v -0.141313 0.883124 -0.367842
v -0.139284 0.883669 -0.387631
v -0.107554 0.862255 -0.408431
v -0.074358 0.846758 -0.408160
v -0.037976 0.837460 -0.407997
v 0.000000 0.834360 -0.407943
v 0.037976 0.837460 -0.407997
v 0.074358 0.846758 -0.408160
v 0.107554 0.862255 -0.408430
v 0.139284 0.883669 -0.387631
v 0.141313 0.883124 -0.367842
v 0.142664 0.881308 -0.349515
v 0.143945 0.877215 -0.332721
v 0.145783 0.869738 -0.317517
v 0.148887 0.857368 -0.303891
v 0.154097 0.838088 -0.291780
v 0.158277 0.911586 -0.409293
v 0.174211 0.943872 -0.409857
v 0.183771 0.979256 -0.410475
v 0.186958 1.016190 -0.411121
v 0.183771 1.053125 -0.411766
v 0.174211 1.088509 -0.412385
v 0.158277 1.120794 -0.412949
v 0.139323 1.152697 -0.380808
v 0.141625 1.153275 -0.347097
v 0.143718 1.150088 -0.312227
v 0.146443 1.143061 -0.276128
v 0.150746 1.131991 -0.238666
v 0.157992 1.116178 -0.199451
v 0.170004 1.094367 -0.157700
v 0.107554 1.170126 -0.413811
v 0.074358 1.185623 -0.414082
v 0.037976 1.194921 -0.414245
v -0.000000 1.198020 -0.414299
v -0.037976 1.194921 -0.414245
v -0.074358 1.185623 -0.414082
v -0.107554 1.170126 -0.413811
v -0.139323 1.152697 -0.380808
v -0.141625 1.153275 -0.347097
v -0.143718 1.150088 -0.312227
v -0.146443 1.143061 -0.276128
v -0.150746 1.131991 -0.238666
v -0.157992 1.116179 -0.199451
v -0.170004 1.094367 -0.157700
v -0.158277 1.120794 -0.412949
v -0.174211 1.088509 -0.412385
v -0.183771 1.053125 -0.411766
v -0.186958 1.016190 -0.411121
v -0.183771 0.979256 -0.410475
v -0.174211 0.943871 -0.409857
v -0.158277 0.911586 -0.409293
v -0.130919 0.884784 -0.431259
v -0.124309 0.886231 -0.454669
v -0.116474 0.888164 -0.478685
v -0.107745 0.890456 -0.502949
v -0.098458 0.892978 -0.527107
v -0.088945 0.895602 -0.550802
v -0.079539 0.898201 -0.573677
v -0.055825 0.889402 -0.592858
v -0.038595 0.881371 -0.591059
v -0.019711 0.876552 -0.589979
v 0.000000 0.874945 -0.589619
v 0.019711 0.876552 -0.589979
v 0.038595 0.881371 -0.591059
v 0.055825 0.889402 -0.592858
v 0.079539 0.898201 -0.573677
v 0.088945 0.895602 -0.550802
v 0.098458 0.892978 -0.527107
v 0.107745 0.890456 -0.502949
v 0.116474 0.888164 -0.478685
v 0.124309 0.886231 -0.454669
v 0.130919 0.884784 -0.431259
v 0.082153 0.914970 -0.598586
v 0.090424 0.931703 -0.602334
v 0.095386 0.950042 -0.606443
v 0.097040 0.969184 -0.610731
v 0.095386 0.988326 -0.615019
v 0.090424 1.006665 -0.619128
v 0.082153 1.023398 -0.622876
v 0.079539 1.053219 -0.605451
v 0.088945 1.069498 -0.582845
v 0.098458 1.085931 -0.558403
v 0.107745 1.101889 -0.532261
v 0.116474 1.116746 -0.504556
v 0.124309 1.129873 -0.475426
v 0.130919 1.140644 -0.445005
v 0.055825 1.048965 -0.628604
v 0.038595 1.056997 -0.630403
v 0.019711 1.061816 -0.631483
v -0.000000 1.063422 -0.631842
v -0.019711 1.061816 -0.631483
v -0.038595 1.056997 -0.630403
v -0.055825 1.048965 -0.628604
v -0.079539 1.053219 -0.605451
v -0.088945 1.069498 -0.582845
v -0.098458 1.085931 -0.558403
v -0.107745 1.101889 -0.532261
v -0.116474 1.116746 -0.504556
v -0.124309 1.129873 -0.475426
v -0.130919 1.140644 -0.445005
v -0.082153 1.023398 -0.622876
v -0.090424 1.006665 -0.619128
v -0.095386 0.988326 -0.615019
v -0.097040 0.969184 -0.610731
v -0.095386 0.950042 -0.606443
v -0.090424 0.931703 -0.602334
v -0.082153 0.914970 -0.598586
v -0.062326 0.902834 -0.615618
v -0.054835 0.904751 -0.634404
v -0.048087 0.906405 -0.651816
v -0.042064 0.907807 -0.667929
v -0.036751 0.908967 -0.682822
v -0.032132 0.909893 -0.696572
v -0.028190 0.910596 -0.709259
v -0.019704 0.907116 -0.720016
v -0.013622 0.904282 -0.719342
v -0.006957 0.902582 -0.718937
v 0.000000 0.902015 -0.718803
v 0.006957 0.902582 -0.718937
v 0.013622 0.904282 -0.719342
v 0.019704 0.907116 -0.720016
v 0.028190 0.910596 -0.709259
v 0.032132 0.909893 -0.696572
v 0.036751 0.908967 -0.682822
v 0.042064 0.907807 -0.667929
v 0.048087 0.906405 -0.651816
v 0.054835 0.904751 -0.634404
v 0.062326 0.902834 -0.615618
v 0.028996 0.916138 -0.722161
v 0.031915 0.922043 -0.723566
v 0.033666 0.928514 -0.725105
v 0.034250 0.935269 -0.726711
v 0.033666 0.942024 -0.728317
v 0.031915 0.948495 -0.729856
v 0.028996 0.954400 -0.731261
v 0.028190 0.965159 -0.723049
v 0.032132 0.971932 -0.712926
v 0.036751 0.979822 -0.701893
v 0.042064 0.988877 -0.689750
v 0.048087 0.999145 -0.676298
v 0.054835 1.010677 -0.661336
v 0.062326 1.023519 -0.644665
v 0.019704 0.963422 -0.733406
v 0.013622 0.966256 -0.734080
v 0.006957 0.967957 -0.734485
v -0.000000 0.968523 -0.734620
v -0.006957 0.967957 -0.734485
v -0.013622 0.966256 -0.734080
v -0.019704 0.963422 -0.733406
v -0.028190 0.965159 -0.723049
v -0.032132 0.971932 -0.712926
v -0.036751 0.979822 -0.701893
v -0.042064 0.988877 -0.689750
v -0.048087 0.999145 -0.676298
v -0.054835 1.010676 -0.661336
v -0.062326 1.023519 -0.644665
v -0.028996 0.954400 -0.731261
v -0.031915 0.948495 -0.729856
v -0.033666 0.942024 -0.728318
v -0.034250 0.935269 -0.726711
v -0.033666 0.928514 -0.725105
v -0.031915 0.922043 -0.723566
v -0.028996 0.916138 -0.722161
v -0.022263 0.911371 -0.731749
v -0.020184 0.911483 -0.741695
v -0.018594 0.911447 -0.750863
v -0.017414 0.911292 -0.759316
v -0.016565 0.911047 -0.767121
v -0.015970 0.910740 -0.774341
v -0.015550 0.910400 -0.781043
v -0.012044 0.907578 -0.786982
v -0.008327 0.905809 -0.786761
v -0.004253 0.904747 -0.786629
v 0.000000 0.904393 -0.786585
v 0.004253 0.904747 -0.786629
v 0.008327 0.905809 -0.786761
v 0.012044 0.907578 -0.786982
v 0.015550 0.910400 -0.781043
v 0.015970 0.910740 -0.774342
v 0.016565 0.911047 -0.767121
v 0.017414 0.911292 -0.759316
v 0.018594 0.911447 -0.750862
v 0.020184 0.911483 -0.741695
v 0.022263 0.911372 -0.731749
v 0.017725 0.913210 -0.787684
v 0.019509 0.916896 -0.788143
v 0.020580 0.920936 -0.788647
v 0.020937 0.925153 -0.789173
v 0.020580 0.929370 -0.789698
v 0.019509 0.933410 -0.790202
v 0.017725 0.937096 -0.790661
v 0.015550 0.941201 -0.785124
v 0.015970 0.942322 -0.778840
v 0.016565 0.943738 -0.772180
v 0.017414 0.945568 -0.765123
v 0.018594 0.947934 -0.757644
v 0.020184 0.950956 -0.749723
v 0.022263 0.954756 -0.741337
v 0.012044 0.942729 -0.791363
v 0.008327 0.944498 -0.791584
v 0.004253 0.945560 -0.791716
v -0.000000 0.945913 -0.791760
v -0.004253 0.945560 -0.791716
v -0.008327 0.944498 -0.791584
v -0.012044 0.942729 -0.791363
v -0.015550 0.941201 -0.785124
v -0.015970 0.942322 -0.778840
v -0.016565 0.943738 -0.772180
v -0.017414 0.945568 -0.765123
v -0.018594 0.947934 -0.757644
v -0.020184 0.950956 -0.749723
v -0.022263 0.954756 -0.741337
v -0.017725 0.937096 -0.790661
v -0.019509 0.933410 -0.790202
v -0.020580 0.929370 -0.789698
v -0.020937 0.925153 -0.789173
v -0.020580 0.920936 -0.788647
v -0.019509 0.916897 -0.788143
v -0.017725 0.913210 -0.787684
v -0.014934 0.909729 -0.793144
v -0.014659 0.909424 -0.798647
v -0.014398 0.909138 -0.803835
v -0.014151 0.908869 -0.808749
v -0.013914 0.908614 -0.813425
v -0.013688 0.908371 -0.817901
v -0.013469 0.908137 -0.822215
v -0.010486 0.905747 -0.826179
v -0.007250 0.904202 -0.826016
v -0.003702 0.903275 -0.825919
v -0.000000 0.902966 -0.825886
v 0.003702 0.903275 -0.825919
v 0.007250 0.904202 -0.826016
v 0.010486 0.905747 -0.826179
v 0.013469 0.908137 -0.822215
v 0.013688 0.908371 -0.817901
v 0.013914 0.908614 -0.813425
v 0.014151 0.908869 -0.808749
v 0.014398 0.909138 -0.803835
v 0.014659 0.909424 -0.798646
v 0.014934 0.909729 -0.793144
v 0.015431 0.910665 -0.826696
v 0.016985 0.913884 -0.827034
v 0.017917 0.917412 -0.827405
v 0.018228 0.921094 -0.827792
v 0.017917 0.924776 -0.828179
v 0.016985 0.928304 -0.828549
v 0.015431 0.931522 -0.828888
v 0.013469 0.934927 -0.825032
v 0.013688 0.935595 -0.820772
v 0.013914 0.936285 -0.816364
v 0.014151 0.937004 -0.811780
v 0.014398 0.937755 -0.806987
v 0.014659 0.938543 -0.801956
v 0.014934 0.939374 -0.796655
v 0.010486 0.936441 -0.829405
v 0.007250 0.937986 -0.829567
v 0.003702 0.938913 -0.829665
v 0.000000 0.939222 -0.829697
v -0.003702 0.938913 -0.829665
v -0.007250 0.937986 -0.829567
v -0.010486 0.936441 -0.829405
v -0.013469 0.934927 -0.825032
v -0.013688 0.935595 -0.820772
v -0.013914 0.936285 -0.816364
v -0.014151 0.937004 -0.811780
v -0.014398 0.937755 -0.806987
v -0.014659 0.938543 -0.801956
v -0.014934 0.939374 -0.796655
v -0.015431 0.931522 -0.828888
v -0.016985 0.928304 -0.828549
v -0.017917 0.924776 -0.828179
v -0.018228 0.921094 -0.827792
v -0.017917 0.917412 -0.827405
v -0.016985 0.913884 -0.827034
v -0.015431 0.910665 -0.826695
v -0.013048 0.907688 -0.830505
v -0.012844 0.907471 -0.834523
v -0.012644 0.907258 -0.838465
v -0.012448 0.907048 -0.842335
v -0.012255 0.906843 -0.846138
v -0.012065 0.906640 -0.849879
v -0.011878 0.906441 -0.853562
v -0.009250 0.904337 -0.856991
v -0.006395 0.902974 -0.856848
v -0.003266 0.902156 -0.856762
v 0.000000 0.901884 -0.856733
v 0.003266 0.902156 -0.856762
v 0.006395 0.902974 -0.856847
v 0.009250 0.904337 -0.856991
v 0.011878 0.906441 -0.853562
v 0.012065 0.906640 -0.849879
v 0.012255 0.906843 -0.846138
v 0.012448 0.907048 -0.842335
v 0.012644 0.907258 -0.838465
v 0.012844 0.907471 -0.834523
v 0.013048 0.907688 -0.830505
v 0.013613 0.908675 -0.857447
v 0.014983 0.911515 -0.857745
v 0.015805 0.914627 -0.858072
v 0.016079 0.917875 -0.858414
v 0.015805 0.921123 -0.858755
v 0.014983 0.924235 -0.859082
v 0.013613 0.927075 -0.859381
v 0.011878 0.930068 -0.856045
v 0.012065 0.930639 -0.852401
v 0.012255 0.931219 -0.848700
v 0.012448 0.931808 -0.844938
v 0.012644 0.932408 -0.841109
v 0.012844 0.933019 -0.837209
v 0.013048 0.933642 -0.833233
v 0.009250 0.931413 -0.859837
v 0.006395 0.932776 -0.859980
v 0.003266 0.933594 -0.860066
v -0.000000 0.933866 -0.860095
v -0.003266 0.933594 -0.860066
v -0.006395 0.932776 -0.859980
v -0.009250 0.931413 -0.859837
v -0.011878 0.930068 -0.856045
v -0.012065 0.930639 -0.852401
v -0.012255 0.931219 -0.848700
v -0.012448 0.931808 -0.844938
v -0.012644 0.932408 -0.841109
v -0.012844 0.933019 -0.837209
v -0.013048 0.933642 -0.833233
v -0.013613 0.927075 -0.859381
v -0.014983 0.924235 -0.859082
v -0.015805 0.921123 -0.858755
v -0.016079 0.917875 -0.858414
v -0.015805 0.914627 -0.858072
v -0.014983 0.911515 -0.857745
v -0.013613 0.908675 -0.857447
v -0.011512 0.906051 -0.860772
v -0.011333 0.905860 -0.864307
v -0.011156 0.905671 -0.867797
v -0.010981 0.905485 -0.871245
v -0.010808 0.905301 -0.874652
v -0.010637 0.905118 -0.878020
v -0.010468 0.904938 -0.881352
v -0.008148 0.903079 -0.884473
v -0.005633 0.901879 -0.884347
v -0.002877 0.901158 -0.884271
v 0.000000 0.900918 -0.884246
v 0.002877 0.901158 -0.884271
v 0.005633 0.901879 -0.884347
v 0.008148 0.903079 -0.884473
v 0.010468 0.904938 -0.881352
v 0.010637 0.905118 -0.878020
v 0.010808 0.905301 -0.874652
v 0.010981 0.905485 -0.871245
v 0.011156 0.905671 -0.867797
v 0.011333 0.905860 -0.864307
v 0.011512 0.906051 -0.860772
v 0.011991 0.906901 -0.884875
v 0.013198 0.909402 -0.885138
v 0.013922 0.912143 -0.885426
v 0.014164 0.915004 -0.885727
v 0.013922 0.917865 -0.886027
v 0.013198 0.920606 -0.886315
v 0.011991 0.923108 -0.886578
v 0.010468 0.925760 -0.883541
v 0.010637 0.926276 -0.880244
v 0.010808 0.926798 -0.876912
v 0.010981 0.927327 -0.873540
v 0.011156 0.927861 -0.870129
v 0.011333 0.928402 -0.866676
v 0.011512 0.928950 -0.863179
v 0.008148 0.926929 -0.886980
v 0.005633 0.928130 -0.887106
v 0.002877 0.928850 -0.887182
v -0.000000 0.929090 -0.887207
v -0.002877 0.928850 -0.887182
v -0.005633 0.928130 -0.887106
v -0.008148 0.926929 -0.886980
v -0.010468 0.925760 -0.883541
v -0.010637 0.926276 -0.880244
v -0.010808 0.926798 -0.876912
v -0.010981 0.927327 -0.873541
v -0.011156 0.927861 -0.870129
v -0.011333 0.928402 -0.866676
v -0.011512 0.928950 -0.863179
v -0.011991 0.923108 -0.886578
v -0.013198 0.920606 -0.886315
v -0.013922 0.917865 -0.886027
v -0.014164 0.915004 -0.885726
v -0.013922 0.912143 -0.885426
v -0.013198 0.909402 -0.885138
v -0.011991 0.906901 -0.884875
v -0.010135 0.904583 -0.887914
v -0.009971 0.904408 -0.891147
v -0.009809 0.904235 -0.894349
v -0.009648 0.904064 -0.897522
v -0.009488 0.903893 -0.900666
v -0.009330 0.903725 -0.903783
v -0.009173 0.903558 -0.906874
v -0.007133 0.901921 -0.909784
v -0.004931 0.900870 -0.909674
v -0.002519 0.900239 -0.909608
v 0.000000 0.900029 -0.909585
v 0.002519 0.900239 -0.909608
v 0.004931 0.900870 -0.909674
v 0.007133 0.901921 -0.909784
v 0.009173 0.903558 -0.906874
v 0.009330 0.903725 -0.903783
v 0.009488 0.903893 -0.900666
v 0.009648 0.904064 -0.897522
v 0.009809 0.904235 -0.894349
v 0.009971 0.904408 -0.891147
v 0.010135 0.904583 -0.887914
v 0.010497 0.905266 -0.910136
v 0.011554 0.907456 -0.910366
v 0.012188 0.909855 -0.910618
v 0.012399 0.912360 -0.910882
v 0.012188 0.914865 -0.911145
v 0.011554 0.917264 -0.911397
v 0.010497 0.919454 -0.911627
v 0.009173 0.921803 -0.908792
v 0.009330 0.922282 -0.905734
v 0.009488 0.922766 -0.902650
v 0.009648 0.923253 -0.899539
v 0.009809 0.923745 -0.896400
v 0.009971 0.924241 -0.893232
v 0.010135 0.924742 -0.890033
v 0.007133 0.922799 -0.911979
v 0.004931 0.923850 -0.912089
v 0.002519 0.924481 -0.912156
v -0.000000 0.924691 -0.912178
v -0.002519 0.924481 -0.912156
v -0.004931 0.923850 -0.912089
v -0.007133 0.922799 -0.911979
v -0.009173 0.921803 -0.908792
v -0.009330 0.922282 -0.905734
v -0.009488 0.922766 -0.902650
v -0.009648 0.923253 -0.899539
v -0.009809 0.923745 -0.896400
v -0.009971 0.924241 -0.893232
v -0.010135 0.924742 -0.890033
v -0.010497 0.919454 -0.911627
v -0.011554 0.917264 -0.911397
v -0.012188 0.914865 -0.911145
v -0.012399 0.912360 -0.910882
v -0.012188 0.909855 -0.910618
v -0.011554 0.907456 -0.910366
v -0.010497 0.905266 -0.910136
v -0.008863 0.903227 -0.912980
v -0.008710 0.903064 -0.915997
v -0.008558 0.902902 -0.918992
v -0.008407 0.902741 -0.921964
v -0.008258 0.902582 -0.924915
v -0.008109 0.902423 -0.927844
v -0.007961 0.902266 -0.930753
v -0.006181 0.900835 -0.933509
v -0.004274 0.899924 -0.933413
v -0.002183 0.899378 -0.933356
v 0.000000 0.899195 -0.933337
v 0.002183 0.899378 -0.933356
v 0.004274 0.899924 -0.933413
v 0.006181 0.900835 -0.933509
v 0.007961 0.902266 -0.930753
v 0.008109 0.902424 -0.927844
v 0.008258 0.902582 -0.924915
v 0.008407 0.902741 -0.921964
v 0.008558 0.902902 -0.918992
v 0.008710 0.903064 -0.915997
v 0.008863 0.903227 -0.912980
v 0.009097 0.903734 -0.933814
v 0.010012 0.905631 -0.934013
v 0.010562 0.907711 -0.934232
v 0.010745 0.909882 -0.934460
v 0.010562 0.912052 -0.934688
v 0.010012 0.914132 -0.934907
v 0.009097 0.916029 -0.935106
v 0.007961 0.918101 -0.932418
v 0.008109 0.918552 -0.929540
v 0.008258 0.919006 -0.926641
v 0.008407 0.919464 -0.923722
v 0.008558 0.919925 -0.920781
v 0.008710 0.920389 -0.917818
v 0.008863 0.920856 -0.914833
v 0.006181 0.918928 -0.935411
v 0.004274 0.919839 -0.935507
v 0.002183 0.920386 -0.935564
v -0.000000 0.920568 -0.935583
v -0.002183 0.920386 -0.935564
v -0.004274 0.919839 -0.935507
v -0.006181 0.918928 -0.935411
v -0.007961 0.918101 -0.932418
v -0.008109 0.918552 -0.929539
v -0.008258 0.919006 -0.926641
v -0.008407 0.919464 -0.923722
v -0.008558 0.919925 -0.920781
v -0.008710 0.920389 -0.917818
v -0.008863 0.920857 -0.914833
v -0.009097 0.916029 -0.935106
v -0.010012 0.914132 -0.934907
v -0.010562 0.912052 -0.934688
v -0.010745 0.909882 -0.934460
v -0.010562 0.907711 -0.934232
v -0.010012 0.905631 -0.934013
v -0.009097 0.903734 -0.933814
v -0.007665 0.901960 -0.936503
v -0.007493 0.901840 -0.939283
v -0.007275 0.901782 -0.941921
v -0.006988 0.901814 -0.944356
v -0.006617 0.901960 -0.946529
v -0.006173 0.902210 -0.948391
v -0.005689 0.902540 -0.949885
v 0.005689 0.902540 -0.949885
v 0.006173 0.902210 -0.948391
v 0.006617 0.901960 -0.946529
v 0.006988 0.901814 -0.944356
v 0.007275 0.901782 -0.941921
v 0.007493 0.901840 -0.939283
v 0.007665 0.901960 -0.936503
v 0.005689 0.913855 -0.951074
v 0.006173 0.914488 -0.949682
v 0.006617 0.915121 -0.947913
v 0.006988 0.915715 -0.945818
v 0.007275 0.916253 -0.943442
v 0.007493 0.916744 -0.940850
v 0.007665 0.917206 -0.938106
v -0.005689 0.913855 -0.951074
v -0.006173 0.914488 -0.949682
v -0.006617 0.915121 -0.947913
v -0.006988 0.915715 -0.945817
v -0.007275 0.916253 -0.943442
v -0.007493 0.916744 -0.940850
v -0.007665 0.917206 -0.938106
v 0.102527 0.346761 -0.155286
v 0.105721 0.328298 -0.153308
v 0.110329 0.307135 -0.150715
v 0.116042 0.283972 -0.147534
v 0.122552 0.259508 -0.143789
v 0.129551 0.234444 -0.139504
v 0.136730 0.209480 -0.134706
v 0.121947 0.179153 -0.102173
v 0.106427 0.173509 -0.070383
v 0.097211 0.168536 -0.035573
v 0.094291 0.164390 0.000736
v 0.097656 0.161222 0.037019
v 0.107299 0.159188 0.071754
v 0.123208 0.158439 0.103419
v 0.137679 0.191943 0.135546
v 0.129271 0.223445 0.140934
v 0.119727 0.253278 0.147353
v 0.108622 0.281084 0.155496
v 0.095319 0.306544 0.166218
v 0.078326 0.329486 0.180994
v 0.054801 0.349975 0.202173
v 0.173531 0.161347 0.151698
v 0.206363 0.164912 0.166797
v 0.242302 0.169580 0.175791
v 0.279774 0.175108 0.178687
v 0.317209 0.181249 0.175492
v 0.353035 0.187758 0.166211
v 0.385681 0.194392 0.150852
v 0.411983 0.242294 0.134715
v 0.410367 0.283316 0.139573
v 0.408907 0.323199 0.144020
v 0.407784 0.361169 0.148083
v 0.407180 0.396453 0.151787
v 0.407276 0.428280 0.155159
v 0.408254 0.455875 0.158226
v 0.435409 0.207069 0.102173
v 0.450929 0.212714 0.070383
v 0.460145 0.217686 0.035573
v 0.463065 0.221832 -0.000736
v 0.459699 0.225000 -0.037019
v 0.450057 0.227035 -0.071754
v 0.434148 0.227783 -0.103419
v 0.410896 0.259846 -0.135428
v 0.409536 0.294432 -0.139990
v 0.407983 0.329822 -0.144166
v 0.406317 0.364988 -0.147942
v 0.404620 0.398900 -0.151307
v 0.402972 0.430531 -0.154250
v 0.401455 0.458851 -0.156758
v 0.383825 0.224876 -0.151698
v 0.350992 0.221310 -0.166797
v 0.315054 0.216642 -0.175791
v 0.277582 0.211115 -0.178687
v 0.240147 0.204974 -0.175492
v 0.204321 0.198464 -0.166211
v 0.171675 0.191830 -0.150852
v 0.150440 0.162542 -0.123717
v 0.156617 0.141304 -0.117870
v 0.162263 0.121641 -0.112195
v 0.167333 0.103588 -0.107010
v 0.171779 0.087183 -0.102634
v 0.175555 0.072462 -0.099385
v 0.178613 0.059464 -0.097581
v 0.162747 0.034766 -0.081265
v 0.150080 0.019393 -0.062549
v 0.142870 0.002818 -0.042267
v 0.141077 -0.014248 -0.021294
v 0.144665 -0.031095 -0.000507
v 0.153596 -0.047009 0.019219
v 0.167832 -0.061281 0.037006
v 0.184884 -0.054153 0.068378
v 0.181430 -0.030727 0.082288
v 0.177076 -0.003683 0.094013
v 0.171923 0.026216 0.103857
v 0.166074 0.058209 0.112123
v 0.159631 0.091534 0.119114
v 0.152698 0.125428 0.125135
v 0.211851 -0.082177 0.063416
v 0.240251 -0.088144 0.071209
v 0.271191 -0.091156 0.075405
v 0.303325 -0.091267 0.076051
v 0.335309 -0.088532 0.073191
v 0.365797 -0.083007 0.066874
v 0.393444 -0.074745 0.057146
v 0.417664 -0.042966 0.061748
v 0.418036 -0.017391 0.076820
v 0.418046 0.012304 0.089576
v 0.417720 0.045499 0.100324
v 0.417084 0.081575 0.109374
v 0.416164 0.119915 0.117034
v 0.414985 0.159898 0.123613
v 0.435065 -0.050345 0.027779
v 0.447732 -0.034973 0.009062
v 0.454943 -0.018397 -0.011220
v 0.456735 -0.001331 -0.032193
v 0.453148 0.015515 -0.052980
v 0.444217 0.031430 -0.072706
v 0.429981 0.045702 -0.090493
v 0.411393 0.070650 -0.104210
v 0.412161 0.085799 -0.104853
v 0.412750 0.103170 -0.107071
v 0.413130 0.122870 -0.110543
v 0.413273 0.145007 -0.114943
v 0.413149 0.169685 -0.119950
v 0.412728 0.197011 -0.125240
v 0.385962 0.066597 -0.116903
v 0.357561 0.072565 -0.124696
v 0.326621 0.075577 -0.128892
v 0.294487 0.075688 -0.129537
v 0.262503 0.072953 -0.126678
v 0.232015 0.067427 -0.120361
v 0.204368 0.059166 -0.110633
v -0.251345 0.047664 1.058733
v -0.263005 0.016180 1.055233
v -0.274195 -0.013887 1.051069
v -0.284806 -0.042042 1.045773
v -0.294729 -0.067793 1.038878
v -0.303854 -0.090647 1.029916
v -0.312073 -0.110110 1.018419
v -0.308920 -0.112213 0.983678
v -0.304904 -0.097435 0.962308
v -0.306812 -0.081993 0.940664
v -0.314227 -0.066523 0.919598
v -0.326731 -0.051660 0.899966
v -0.343906 -0.038042 0.882620
v -0.365334 -0.026305 0.868415
v -0.389254 -0.010434 0.854939
v -0.387227 -0.002254 0.848522
v -0.384702 0.007647 0.839112
v -0.381864 0.019465 0.826869
v -0.378898 0.033393 0.811952
v -0.375989 0.049626 0.794520
v -0.373321 0.068357 0.774732
v -0.335340 0.080720 0.775286
v -0.303493 0.073810 0.806201
v -0.276345 0.069098 0.843609
v -0.254704 0.066628 0.885624
v -0.239375 0.066445 0.930360
v -0.231164 0.068595 0.975931
v -0.230878 0.073122 1.020452
v -0.419136 -0.010887 0.852638
v -0.449819 -0.007690 0.851563
v -0.481375 -0.007343 0.854619
v -0.512531 -0.009693 0.861449
v -0.542016 -0.014588 0.871694
v -0.568557 -0.021877 0.884996
v -0.590883 -0.031407 0.900997
v -0.611777 -0.029365 0.923508
v -0.616098 -0.012846 0.924478
v -0.620520 0.007276 0.922425
v -0.624881 0.031748 0.917526
v -0.629019 0.061315 0.909961
v -0.632770 0.096723 0.899907
v -0.635972 0.138718 0.887540
v -0.621053 0.178670 0.835701
v -0.596003 0.167289 0.803177
v -0.564845 0.154489 0.776246
v -0.529113 0.140859 0.755689
v -0.490337 0.126986 0.742281
v -0.450052 0.113457 0.736804
v -0.409789 0.100860 0.740034
v -0.618078 -0.056503 0.939579
v -0.622094 -0.071281 0.960949
v -0.620186 -0.086723 0.982593
v -0.612770 -0.102193 1.003659
v -0.600266 -0.117055 1.023291
v -0.583091 -0.130673 1.040637
v -0.561663 -0.142411 1.054843
v -0.534604 -0.129044 1.086972
v -0.532785 -0.101259 1.105740
v -0.530751 -0.068234 1.121748
v -0.528308 -0.029926 1.135384
v -0.525263 0.013710 1.147034
v -0.521423 0.062714 1.157086
v -0.516594 0.117131 1.165930
v -0.546158 0.186123 1.151776
v -0.577566 0.193183 1.121809
v -0.604092 0.198109 1.085743
v -0.625021 0.200824 1.045266
v -0.639637 0.201252 1.002067
v -0.647226 0.199316 0.957837
v -0.647073 0.194939 0.914265
v -0.507862 -0.157829 1.070619
v -0.477179 -0.161026 1.071694
v -0.445623 -0.161373 1.068638
v -0.414467 -0.159023 1.061808
v -0.384982 -0.154128 1.051563
v -0.358440 -0.146839 1.038261
v -0.336115 -0.137308 1.022260
v -0.256899 0.089391 1.099016
v -0.282388 0.100622 1.130592
v -0.314167 0.113208 1.156180
v -0.350612 0.126593 1.175201
v -0.390100 0.140221 1.187070
v -0.431007 0.153537 1.191206
v -0.471709 0.165983 1.187028
v -0.070997 0.282585 1.090267
v -0.115483 0.260985 1.086579
v -0.149208 0.235675 1.082199
v -0.175354 0.207535 1.077671
v -0.196083 0.177259 1.073349
v -0.212824 0.145497 1.069304
v -0.226822 0.112889 1.065534
v -0.369321 0.113917 0.728565
v -0.367564 0.140080 0.701514
v -0.365203 0.167409 0.670768
v -0.361631 0.195044 0.635497
v -0.356128 0.222216 0.594527
v -0.347537 0.248518 0.545308
v -0.334141 0.273918 0.483368
v -0.640011 0.244740 0.856722
v -0.640118 0.305979 0.839454
v -0.638216 0.368232 0.822241
v -0.633736 0.427966 0.806090
v -0.626343 0.481971 0.791867
v -0.616621 0.528338 0.779881
v -0.605621 0.565291 0.770369
v -0.503137 0.242133 1.181399
v -0.493753 0.311356 1.187945
v -0.481871 0.383267 1.193127
v -0.466928 0.456462 1.196477
v -0.448195 0.529584 1.197380
v -0.424271 0.601466 1.194623
v -0.392994 0.671292 1.186423
v 0.182414 0.038730 -0.099495
v 0.183211 0.030773 -0.103347
v 0.183399 0.024095 -0.108909
v 0.183078 0.018436 -0.115996
v 0.182350 0.013537 -0.124422
v 0.181316 0.009141 -0.134003
v 0.180078 0.004988 -0.144553
v 0.160757 -0.009279 -0.151569
v 0.148001 -0.021011 -0.147244
v 0.140457 -0.033819 -0.143065
v 0.138114 -0.047144 -0.139186
v 0.140961 -0.060428 -0.135758
v 0.148989 -0.073112 -0.132936
v 0.162186 -0.084639 -0.130874
v 0.182540 -0.098923 -0.107409
v 0.184522 -0.102601 -0.083819
v 0.186330 -0.104863 -0.059533
v 0.187810 -0.105088 -0.035134
v 0.188805 -0.102656 -0.011202
v 0.189162 -0.096944 0.011682
v 0.188724 -0.087331 0.032936
v 0.203830 -0.102082 -0.129594
v 0.230970 -0.107450 -0.130417
v 0.260663 -0.110564 -0.132080
v 0.291611 -0.111435 -0.134468
v 0.322516 -0.110073 -0.137471
v 0.352082 -0.106489 -0.140973
v 0.379010 -0.100692 -0.144862
v 0.404077 -0.096713 -0.125632
v 0.406232 -0.099822 -0.100769
v 0.408398 -0.101387 -0.075065
v 0.410503 -0.100772 -0.049149
v 0.412477 -0.097342 -0.023651
v 0.414249 -0.090460 0.000802
v 0.415748 -0.079493 0.023579
v 0.419980 -0.082594 -0.153342
v 0.432736 -0.070862 -0.157667
v 0.440280 -0.058054 -0.161845
v 0.442623 -0.044729 -0.165725
v 0.439776 -0.031445 -0.169153
v 0.431748 -0.018761 -0.171974
v 0.418552 -0.007234 -0.174037
v 0.401614 0.007199 -0.162776
v 0.403027 0.011920 -0.150953
v 0.404418 0.017013 -0.139954
v 0.405771 0.022752 -0.130011
v 0.407070 0.029409 -0.121358
v 0.408298 0.037257 -0.114227
v 0.409439 0.046569 -0.108852
v 0.376907 0.010209 -0.175317
v 0.349767 0.015576 -0.174494
v 0.320075 0.018691 -0.172831
v 0.289127 0.019562 -0.170442
v 0.258221 0.018200 -0.167440
v 0.228655 0.014616 -0.163938
v 0.201727 0.008819 -0.160049
v 0.177452 -0.003555 -0.167787
v 0.176643 -0.008066 -0.179922
v 0.176786 -0.012571 -0.191927
v 0.178358 -0.016932 -0.203436
v 0.181706 -0.021016 -0.214090
v 0.186657 -0.024716 -0.223540
v 0.192745 -0.027900 -0.231384
v 0.192861 -0.064527 -0.231344
v 0.186813 -0.067767 -0.223144
v 0.181941 -0.071544 -0.212724
v 0.178728 -0.075732 -0.200180
v 0.177363 -0.080238 -0.185553
v 0.177518 -0.084942 -0.168896
v 0.178730 -0.089721 -0.150267
v 0.370654 -0.063973 -0.248914
v 0.378199 -0.067157 -0.242023
v 0.385010 -0.070857 -0.232662
v 0.390584 -0.074941 -0.220799
v 0.394716 -0.079302 -0.206406
v 0.397710 -0.083808 -0.189570
v 0.399996 -0.088318 -0.170404
v 0.370539 -0.027347 -0.248954
v 0.378043 -0.024106 -0.242419
v 0.384775 -0.020329 -0.234027
v 0.390214 -0.016141 -0.224055
v 0.394139 -0.011635 -0.212780
v 0.396835 -0.006931 -0.200596
v 0.398717 -0.002152 -0.187924
v -0.349067 -0.135869 0.797225
v -0.351086 -0.131934 0.777021
v -0.353830 -0.128290 0.758893
v -0.357718 -0.125091 0.743000
v -0.363050 -0.122463 0.729485
v -0.369630 -0.120434 0.718417
v -0.376971 -0.119004 0.709894
v -0.391775 -0.069456 0.709846
v -0.386458 -0.064307 0.718033
v -0.382173 -0.059198 0.728189
v -0.379361 -0.054457 0.739929
v -0.378202 -0.050276 0.752895
v -0.378410 -0.046660 0.766657
v -0.379584 -0.043567 0.780766
v -0.360894 -0.046621 0.796497
v -0.344691 -0.055363 0.798892
v -0.332912 -0.066602 0.801816
v -0.325757 -0.079757 0.805126
v -0.323425 -0.094248 0.808678
v -0.326114 -0.109496 0.812327
v -0.334024 -0.124921 0.815930
v -0.557466 -0.118923 0.709866
v -0.564807 -0.117493 0.718194
v -0.571387 -0.115464 0.728733
v -0.576719 -0.112837 0.741217
v -0.580607 -0.109637 0.755411
v -0.583351 -0.105994 0.771005
v -0.585370 -0.102058 0.787672
v -0.568370 -0.083906 0.801990
v -0.545243 -0.071144 0.799292
v -0.518909 -0.060034 0.797050
v -0.490572 -0.050910 0.795322
v -0.461440 -0.044106 0.794171
v -0.432717 -0.039957 0.793656
v -0.405609 -0.038795 0.793837
v -0.542662 -0.168471 0.709914
v -0.547979 -0.173620 0.718578
v -0.552264 -0.178730 0.730028
v -0.555076 -0.183470 0.744288
v -0.556235 -0.187651 0.761409
v -0.556027 -0.191268 0.781370
v -0.554853 -0.194361 0.804130
v -0.573543 -0.191306 0.827928
v -0.589746 -0.182564 0.825533
v -0.601525 -0.171326 0.822609
v -0.608680 -0.158171 0.819299
v -0.611012 -0.143679 0.815747
v -0.608323 -0.128431 0.812098
v -0.600413 -0.113006 0.808495
v -0.366067 -0.154022 0.822435
v -0.389194 -0.166783 0.825133
v -0.415528 -0.177893 0.827375
v -0.443865 -0.187017 0.829103
v -0.472997 -0.193821 0.830254
v -0.501720 -0.197971 0.830770
v -0.528828 -0.199132 0.830588
v -0.325398 -0.137064 0.986136
v -0.330520 -0.144607 0.965536
v -0.334770 -0.148865 0.942771
v -0.338274 -0.150381 0.918496
v -0.341159 -0.149701 0.893362
v -0.343549 -0.147372 0.868023
v -0.345572 -0.143937 0.843133
v -0.383267 -0.038757 0.808252
v -0.385246 -0.036778 0.820834
v -0.387128 -0.034796 0.832176
v -0.388786 -0.032590 0.841933
v -0.390091 -0.029938 0.849760
v -0.390913 -0.026617 0.855310
v -0.391125 -0.022407 0.858240
v -0.588851 -0.093855 0.822886
v -0.590772 -0.089474 0.840632
v -0.592886 -0.084576 0.857847
v -0.595233 -0.078895 0.874055
v -0.597851 -0.072165 0.888783
v -0.600779 -0.064121 0.901555
v -0.604056 -0.054497 0.911899
v -0.551155 -0.199035 0.857767
v -0.549075 -0.200068 0.887822
v -0.546917 -0.199482 0.919033
v -0.544721 -0.196686 0.950617
v -0.542530 -0.191092 0.981794
v -0.540385 -0.182111 1.011781
v -0.538328 -0.169154 1.039794
v 0.282280 0.854029 -0.205114
v 0.211959 0.825186 -0.261969
v 0.223973 0.863070 -0.251136
v 0.231836 0.898407 -0.237076
v 0.236409 0.930245 -0.219646
v 0.235944 0.803348 -0.253235
v 0.244000 0.840250 -0.242816
v 0.249373 0.873957 -0.229380
v 0.253285 0.902727 -0.212701
v 0.260351 0.781300 -0.244603
v 0.265276 0.817496 -0.234526
v 0.267675 0.849878 -0.222364
v 0.270003 0.875154 -0.207986
v 0.236532 0.997859 -0.139079
v 0.264302 0.951835 -0.135112
v 0.290170 0.903674 -0.137361
v 0.312755 0.854312 -0.144390
v 0.238568 0.980398 -0.172072
v 0.260575 0.941454 -0.166863
v 0.282198 0.899583 -0.167061
v 0.301296 0.855926 -0.172022
v 0.238629 0.957644 -0.198385
v 0.256968 0.925147 -0.192271
v 0.275160 0.890698 -0.190170
v 0.290526 0.855459 -0.192564
v 0.350513 0.705079 -0.184328
v 0.328759 0.721953 -0.205940
v 0.306797 0.740273 -0.222232
v 0.284133 0.759998 -0.234720
v 0.344132 0.754282 -0.168825
v 0.325659 0.766295 -0.192997
v 0.306492 0.780147 -0.211132
v 0.286408 0.796916 -0.224540
v 0.331064 0.804318 -0.155202
v 0.316128 0.811271 -0.181155
v 0.300924 0.818850 -0.200407
v 0.285077 0.830315 -0.213734
v -0.165134 -0.043198 0.051580
v -0.150729 -0.029984 0.031710
v -0.141706 -0.015177 0.009740
v -0.138103 0.000558 -0.013358
v -0.139955 0.016556 -0.036612
v -0.147299 0.032150 -0.059048
v -0.160173 0.046674 -0.079695
v -0.161407 -0.021038 0.063753
v -0.146827 -0.009224 0.041897
v -0.137722 0.004113 0.017783
v -0.134129 0.018367 -0.007523
v -0.136081 0.032934 -0.032958
v -0.143614 0.047208 -0.057456
v -0.156760 0.060586 -0.079953
v -0.156755 0.004500 0.073829
v -0.141989 0.014655 0.050084
v -0.132809 0.026250 0.023931
v -0.129246 0.038752 -0.003479
v -0.131330 0.051629 -0.030992
v -0.139093 0.064348 -0.057457
v -0.152566 0.076377 -0.081722
v -0.151280 0.032719 0.082113
v -0.136318 0.041034 0.056579
v -0.127062 0.050708 0.028491
v -0.123541 0.061286 -0.000914
v -0.125780 0.072317 -0.030403
v -0.133808 0.083347 -0.058739
v -0.147650 0.093921 -0.084686
v -0.145085 0.062921 0.088909
v -0.129912 0.069295 0.061687
v -0.120578 0.076960 0.031773
v -0.117104 0.085544 0.000479
v -0.119513 0.094676 -0.030878
v -0.127828 0.103984 -0.060986
v -0.142071 0.113096 -0.088530
v -0.138273 0.094407 0.094522
v -0.122873 0.098819 0.065715
v -0.113451 0.104480 0.034082
v -0.110024 0.111098 0.001012
v -0.112609 0.118381 -0.032107
v -0.121225 0.126037 -0.063886
v -0.135888 0.133776 -0.092936
v -0.130946 0.126479 0.099257
v -0.115302 0.128989 0.068969
v -0.105779 0.132743 0.035729
v -0.102390 0.137522 0.000994
v -0.105148 0.143109 -0.033775
v -0.114067 0.149286 -0.067123
v -0.129160 0.155836 -0.097589
v -0.383428 0.235590 0.156952
v -0.350025 0.228412 0.172872
v -0.313377 0.221056 0.182475
v -0.275083 0.213818 0.185758
v -0.236750 0.206995 0.182716
v -0.199993 0.200879 0.173342
v -0.166429 0.195764 0.157622
v -0.381210 0.276121 0.162568
v -0.347088 0.268134 0.179040
v -0.309605 0.259714 0.189004
v -0.270361 0.251220 0.192477
v -0.230984 0.243009 0.189459
v -0.193185 0.235418 0.179903
v -0.158702 0.228785 0.163748
v -0.379261 0.315259 0.167737
v -0.344498 0.306243 0.184777
v -0.306162 0.296590 0.195200
v -0.265795 0.286740 0.199062
v -0.225018 0.277116 0.196380
v -0.185751 0.268092 0.186999
v -0.149988 0.260027 0.170722
v -0.377819 0.352272 0.172497
v -0.342532 0.342054 0.190149
v -0.303317 0.331051 0.201180
v -0.261572 0.319802 0.205731
v -0.218870 0.308814 0.203842
v -0.177500 0.298465 0.195150
v -0.139928 0.289106 0.179189
v -0.377123 0.386434 0.176883
v -0.341487 0.374880 0.195206
v -0.301416 0.362450 0.207023
v -0.258057 0.349802 0.212601
v -0.212863 0.337541 0.212034
v -0.168524 0.326051 0.204723
v -0.128150 0.315642 0.189825
v -0.377423 0.417013 0.180924
v -0.341750 0.404019 0.199948
v -0.301103 0.390088 0.212634
v -0.256329 0.376008 0.219385
v -0.208557 0.362520 0.220452
v -0.160040 0.350162 0.215488
v -0.114239 0.339260 0.203434
v -0.378971 0.443276 0.184648
v -0.343730 0.428763 0.204365
v -0.303099 0.413250 0.217879
v -0.257648 0.397656 0.225695
v -0.207935 0.382897 0.228348
v -0.154474 0.369899 0.226502
v -0.099224 0.359328 0.219980
v -0.433499 0.262144 -0.107259
v -0.449695 0.262953 -0.074325
v -0.459478 0.262376 -0.038209
v -0.462842 0.260516 -0.000492
v -0.459780 0.257474 0.037241
v -0.450287 0.253355 0.073408
v -0.434357 0.248261 0.106427
v -0.432587 0.298193 -0.110819
v -0.449086 0.300354 -0.076722
v -0.459031 0.300980 -0.039339
v -0.462419 0.300135 -0.000306
v -0.459249 0.297882 0.038739
v -0.449518 0.294285 0.076159
v -0.433225 0.289408 0.110316
v -0.431483 0.334903 -0.114086
v -0.448293 0.338226 -0.078935
v -0.458419 0.339826 -0.040399
v -0.461863 0.339737 -0.000165
v -0.458630 0.337996 0.040080
v -0.448723 0.334636 0.078651
v -0.432148 0.329692 0.113859
v -0.430256 0.371246 -0.117049
v -0.447380 0.375553 -0.080951
v -0.457703 0.377924 -0.041377
v -0.461239 0.378371 -0.000058
v -0.458002 0.376906 0.041278
v -0.448004 0.373542 0.080899
v -0.431260 0.368292 0.117078
v -0.428977 0.406194 -0.119696
v -0.446410 0.411325 -0.082759
v -0.456947 0.414289 -0.042262
v -0.460615 0.415082 0.000028
v -0.457444 0.413700 0.042345
v -0.447462 0.410137 0.082921
v -0.430698 0.404389 0.119990
v -0.427718 0.438719 -0.122015
v -0.445447 0.444527 -0.084347
v -0.456210 0.447933 -0.043042
v -0.460056 0.448919 0.000104
v -0.457036 0.447466 0.043294
v -0.447199 0.443555 0.084731
v -0.430596 0.437166 0.122618
v -0.426548 0.467795 -0.123995
v -0.444554 0.474145 -0.085705
v -0.455555 0.477868 -0.043706
v -0.459629 0.478929 0.000182
v -0.456857 0.477294 0.044139
v -0.447317 0.472929 0.086345
v -0.431089 0.465801 0.124981
v -0.165286 0.216184 -0.156942
v -0.198688 0.223361 -0.172859
v -0.235330 0.230717 -0.182453
v -0.273605 0.237956 -0.185719
v -0.311906 0.244783 -0.182654
v -0.348626 0.250904 -0.173253
v -0.382158 0.256023 -0.157512
v -0.158716 0.241634 -0.162493
v -0.192835 0.249613 -0.178935
v -0.230263 0.258030 -0.188829
v -0.269358 0.266535 -0.192172
v -0.308476 0.274778 -0.188962
v -0.345974 0.282409 -0.179196
v -0.380208 0.289077 -0.162873
v -0.152225 0.267432 -0.167485
v -0.186977 0.276419 -0.184425
v -0.225128 0.286061 -0.194608
v -0.264994 0.295950 -0.198034
v -0.304894 0.305679 -0.194703
v -0.343147 0.314839 -0.184615
v -0.378071 0.323023 -0.167769
v -0.146071 0.292829 -0.171899
v -0.181334 0.302979 -0.189313
v -0.220107 0.313957 -0.199777
v -0.260667 0.325298 -0.203294
v -0.301291 0.336537 -0.199867
v -0.340256 0.347208 -0.189497
v -0.375839 0.356847 -0.172188
v -0.140515 0.317078 -0.175717
v -0.176122 0.328494 -0.193585
v -0.215383 0.340867 -0.204325
v -0.256530 0.353676 -0.207942
v -0.297795 0.366403 -0.204443
v -0.337410 0.378529 -0.193834
v -0.373608 0.389534 -0.176120
v -0.135814 0.339430 -0.178920
v -0.171559 0.352165 -0.197227
v -0.211139 0.365938 -0.208239
v -0.252737 0.380182 -0.211967
v -0.294536 0.394329 -0.208421
v -0.334720 0.407815 -0.197612
v -0.371471 0.420071 -0.179552
v -0.132229 0.359137 -0.181489
v -0.167863 0.373191 -0.200224
v -0.207558 0.388318 -0.211507
v -0.249442 0.403912 -0.215357
v -0.291645 0.419368 -0.211789
v -0.332295 0.434080 -0.200822
v -0.369522 0.447443 -0.182473
v 0.213400 0.606878 -0.256068
v 0.084018 0.489309 -0.233869
v 0.100706 0.532729 -0.246659
v 0.117713 0.575508 -0.256051
v 0.134329 0.617335 -0.262722
v 0.133038 0.502358 -0.239733
v 0.141780 0.536858 -0.248206
v 0.152731 0.573594 -0.255271
v 0.165684 0.611046 -0.260561
v 0.179276 0.519458 -0.243103
v 0.181766 0.547371 -0.249106
v 0.186012 0.577435 -0.254397
v 0.193749 0.607865 -0.258263
v 0.182007 0.742588 -0.271123
v 0.211794 0.725447 -0.264274
v 0.239302 0.706610 -0.257335
v 0.264370 0.686565 -0.249681
v 0.166806 0.700354 -0.270225
v 0.196700 0.686566 -0.265249
v 0.223909 0.671326 -0.259870
v 0.247566 0.653937 -0.253802
v 0.150801 0.658758 -0.267385
v 0.180797 0.648572 -0.263935
v 0.207532 0.638591 -0.260126
v 0.228801 0.626057 -0.255781
v 0.326479 0.621879 -0.217672
v 0.296938 0.590489 -0.230781
v 0.261714 0.563238 -0.239092
v 0.222230 0.539631 -0.243009
v 0.307372 0.643770 -0.229976
v 0.283269 0.612094 -0.238975
v 0.253464 0.585212 -0.245019
v 0.219296 0.563499 -0.248259
v 0.286839 0.665472 -0.240671
v 0.267086 0.633776 -0.246795
v 0.243145 0.607313 -0.250724
v 0.216175 0.587954 -0.252974
v 0.000000 0.681106 -0.276965
v -0.000000 0.519014 -0.240216
v -0.028311 0.559047 -0.251745
v -0.051689 0.599742 -0.261034
v -0.071239 0.640071 -0.268242
v 0.028311 0.559047 -0.251745
v 0.000000 0.588008 -0.258631
v -0.023688 0.620517 -0.265440
v -0.042653 0.654981 -0.271636
v 0.051689 0.599742 -0.261034
v 0.023688 0.620517 -0.265440
v -0.000000 0.644013 -0.270139
v -0.017606 0.669878 -0.274826
v -0.112702 0.758845 -0.283888
v -0.075086 0.759297 -0.288329
v -0.037498 0.759698 -0.291031
v -0.000000 0.759975 -0.291940
v -0.101376 0.720113 -0.279107
v -0.067362 0.725988 -0.282619
v -0.033574 0.730203 -0.285003
v 0.000000 0.731891 -0.285880
v -0.087621 0.680282 -0.274094
v -0.056873 0.690614 -0.277235
v -0.027707 0.699269 -0.279696
v -0.000000 0.703242 -0.280742
v 0.112702 0.758845 -0.283888
v 0.101376 0.720113 -0.279107
v 0.087621 0.680282 -0.274094
v 0.071239 0.640071 -0.268242
v 0.075086 0.759297 -0.288329
v 0.067362 0.725988 -0.282619
v 0.056873 0.690615 -0.277235
v 0.042653 0.654981 -0.271636
v 0.037498 0.759698 -0.291031
v 0.033574 0.730203 -0.285003
v 0.027707 0.699269 -0.279696
v 0.017606 0.669878 -0.274826
v 0.000000 0.225891 0.617971
v 0.000000 0.245749 0.931886
v -0.033795 0.233810 0.859683
v -0.067212 0.225698 0.783977
v -0.100255 0.222569 0.705818
v 0.033795 0.233810 0.859683
v 0.000000 0.230088 0.803538
v -0.032992 0.226442 0.740998
v -0.063467 0.225043 0.672999
v 0.067212 0.225698 0.783977
v 0.032992 0.226442 0.740998
v -0.000000 0.225730 0.693888
v -0.027296 0.225627 0.641476
v -0.193683 0.248094 0.455385
v -0.128672 0.242261 0.443527
v -0.063977 0.238573 0.436818
v 0.000000 0.237397 0.434474
v -0.164262 0.233243 0.541161
v -0.111900 0.233193 0.522424
v -0.056490 0.232259 0.509865
v 0.000000 0.231757 0.505125
v -0.132566 0.224816 0.624807
v -0.089824 0.227245 0.599632
v -0.044936 0.227768 0.579484
v 0.000000 0.227712 0.570489
v 0.193683 0.248094 0.455385
v 0.164262 0.233243 0.541161
v 0.132566 0.224816 0.624807
v 0.100255 0.222569 0.705818
v 0.128672 0.242261 0.443527
v 0.111900 0.233193 0.522424
v 0.089824 0.227245 0.599632
v 0.063467 0.225043 0.672999
v 0.063977 0.238573 0.436818
v 0.056490 0.232259 0.509865
v 0.044936 0.227768 0.579484
v 0.027296 0.225627 0.641477
v 0.049681 0.375637 -0.125262
v 0.069133 0.375325 -0.125232
v 0.080433 0.374516 -0.123698
v 0.085346 0.373306 -0.122545
v 0.086005 0.371062 -0.122133
v 0.084174 0.367031 -0.122229
v 0.081525 0.360428 -0.122451
v 0.063182 0.350926 -0.066459
v 0.075133 0.354997 -0.073174
v 0.081123 0.357366 -0.076067
v 0.082010 0.358431 -0.077487
v 0.079134 0.358075 -0.078762
v 0.074186 0.355679 -0.080029
v 0.068940 0.350497 -0.081128
v 0.084924 0.331392 -0.006216
v 0.091093 0.338033 -0.016601
v 0.091450 0.343011 -0.023197
v 0.087174 0.346386 -0.027468
v 0.079609 0.348044 -0.030597
v 0.070585 0.347374 -0.032987
v 0.062052 0.343641 -0.034849
v 0.112912 0.316507 0.054982
v 0.114657 0.324894 0.042315
v 0.109425 0.332078 0.032509
v 0.099173 0.337732 0.025336
v 0.085913 0.341455 0.020478
v 0.071882 0.342551 0.017267
v 0.059369 0.340252 0.014949
v 0.146523 0.305872 0.117406
v 0.144166 0.315964 0.101814
v 0.133207 0.325221 0.088554
v 0.116516 0.333032 0.078580
v 0.096840 0.338754 0.072376
v 0.076866 0.341599 0.068946
v 0.059384 0.340724 0.066858
v 0.186293 0.300328 0.180836
v 0.178434 0.312245 0.159468
v 0.161284 0.323301 0.141774
v 0.138411 0.332841 0.129243
v 0.112407 0.340219 0.122202
v 0.085452 0.344724 0.119627
v 0.060550 0.345459 0.119597
v 0.232167 0.301705 0.243332
v 0.215756 0.315141 0.211719
v 0.192144 0.327267 0.188720
v 0.164238 0.337712 0.174133
v 0.133056 0.346066 0.166790
v 0.098762 0.351919 0.166169
v 0.062759 0.354605 0.171042
v -0.115088 0.189644 0.107368
v -0.098923 0.188830 0.074413
v -0.089178 0.189402 0.038271
v -0.085846 0.191259 0.000530
v -0.088927 0.194298 -0.037219
v -0.098426 0.198418 -0.073395
v -0.114357 0.203513 -0.106418
v -0.106323 0.219669 0.111694
v -0.090073 0.217473 0.077429
v -0.080429 0.216807 0.039836
v -0.077300 0.217621 0.000611
v -0.080619 0.219863 -0.038564
v -0.090404 0.223462 -0.076054
v -0.106701 0.228347 -0.110241
v -0.096576 0.248147 0.117039
v -0.080605 0.244706 0.081319
v -0.071494 0.242970 0.042076
v -0.068926 0.242953 0.001193
v -0.072660 0.244655 -0.039488
v -0.082752 0.248026 -0.078298
v -0.099338 0.252999 -0.113607
v -0.085511 0.274707 0.124050
v -0.070376 0.270120 0.086603
v -0.062457 0.267426 0.045353
v -0.060999 0.266730 0.002495
v -0.065422 0.268103 -0.039874
v -0.075862 0.271491 -0.080063
v -0.092630 0.276810 -0.116480
v -0.072780 0.298982 0.133401
v -0.059524 0.293254 0.093648
v -0.053712 0.289654 0.049853
v -0.053972 0.288396 0.004631
v -0.059355 0.289618 -0.039646
v -0.070146 0.293238 -0.081300
v -0.086940 0.299122 -0.118825
v -0.057992 0.320611 0.145898
v -0.049313 0.313450 0.102223
v -0.046884 0.308916 0.055073
v -0.049010 0.307271 0.007314
v -0.055206 0.308560 -0.038899
v -0.066109 0.312629 -0.082010
v -0.082641 0.319277 -0.120614
v -0.042198 0.338976 0.161503
v -0.042215 0.329833 0.111384
v -0.044024 0.324397 0.060264
v -0.047460 0.322639 0.010155
v -0.053800 0.324275 -0.037768
v -0.064276 0.329025 -0.082205
v -0.080111 0.336612 -0.121821
v -0.528517 -0.157290 0.697527
v -0.533860 -0.152683 0.694090
v -0.538669 -0.147354 0.691921
v -0.541777 -0.141227 0.691157
v -0.542537 -0.134398 0.691921
v -0.541438 -0.127305 0.694090
v -0.539496 -0.120523 0.697527
v -0.508473 -0.151757 0.694090
v -0.512318 -0.146316 0.689938
v -0.516043 -0.140560 0.687412
v -0.518752 -0.134351 0.686555
v -0.519891 -0.127675 0.687412
v -0.519931 -0.120818 0.689938
v -0.519700 -0.114159 0.694090
v -0.485632 -0.145371 0.691921
v -0.488408 -0.139359 0.687412
v -0.491203 -0.133198 0.684696
v -0.493533 -0.126821 0.683787
v -0.495081 -0.120211 0.684696
v -0.496122 -0.113527 0.687412
v -0.497096 -0.106977 0.691921
v -0.461437 -0.138325 0.691157
v -0.463335 -0.131969 0.686555
v -0.465268 -0.125496 0.683787
v -0.467219 -0.118964 0.682862
v -0.469169 -0.112432 0.683787
v -0.471102 -0.105959 0.686555
v -0.473000 -0.099603 0.691157
v -0.437341 -0.130951 0.691921
v -0.438315 -0.124401 0.687412
v -0.439356 -0.117717 0.684696
v -0.440904 -0.111106 0.683787
v -0.443234 -0.104729 0.684696
v -0.446029 -0.098569 0.687412
v -0.448805 -0.092557 0.691921
v -0.414737 -0.123768 0.694090
v -0.414506 -0.117110 0.689938
v -0.414546 -0.110253 0.687412
v -0.415685 -0.103576 0.686555
v -0.418394 -0.097367 0.687412
v -0.422119 -0.091611 0.689938
v -0.425964 -0.086170 0.694090
v -0.394941 -0.117405 0.697527
v -0.392999 -0.110622 0.694090
v -0.391900 -0.103529 0.691921
v -0.392660 -0.096701 0.691157
v -0.395768 -0.090573 0.691921
v -0.400577 -0.085244 0.694090
v -0.405920 -0.080637 0.697527
v 0.539496 -0.120523 0.697527
v 0.541438 -0.127305 0.694090
v 0.542537 -0.134398 0.691921
v 0.541777 -0.141227 0.691157
v 0.538669 -0.147354 0.691921
v 0.533860 -0.152683 0.694090
v 0.528517 -0.157290 0.697527
v 0.519700 -0.114159 0.694090
v 0.519931 -0.120818 0.689938
v 0.519891 -0.127675 0.687412
v 0.518752 -0.134351 0.686555
v 0.516043 -0.140560 0.687412
v 0.512318 -0.146316 0.689938
v 0.508473 -0.151757 0.694090
v 0.497096 -0.106977 0.691921
v 0.496122 -0.113527 0.687412
v 0.495081 -0.120211 0.684696
v 0.493533 -0.126821 0.683787
v 0.491203 -0.133198 0.684696
v 0.488408 -0.139359 0.687412
v 0.485632 -0.145371 0.691921
v 0.473000 -0.099603 0.691157
v 0.471102 -0.105959 0.686555
v 0.469169 -0.112432 0.683787
v 0.467219 -0.118964 0.682862
v 0.465268 -0.125496 0.683787
v 0.463335 -0.131969 0.686555
v 0.461437 -0.138325 0.691157
v 0.448805 -0.092557 0.691921
v 0.446029 -0.098569 0.687412
v 0.443234 -0.104729 0.684696
v 0.440904 -0.111106 0.683787
v 0.439356 -0.117717 0.684696
v 0.438315 -0.124401 0.687412
v 0.437341 -0.130951 0.691921
v 0.425964 -0.086170 0.694090
v 0.422120 -0.091611 0.689938
v 0.418394 -0.097367 0.687412
v 0.415685 -0.103576 0.686555
v 0.414546 -0.110253 0.687412
v 0.414506 -0.117110 0.689938
v 0.414737 -0.123768 0.694090
v 0.405920 -0.080637 0.697527
v 0.400577 -0.085244 0.694090
v 0.395768 -0.090573 0.691921
v 0.392660 -0.096701 0.691157
v 0.391900 -0.103529 0.691921
v 0.392999 -0.110622 0.694090
v 0.394941 -0.117404 0.697527
v 0.352255 -0.033003 -0.258072
v 0.355877 -0.037056 -0.261477
v 0.358872 -0.041314 -0.263697
v 0.360079 -0.045688 -0.264493
v 0.358899 -0.050070 -0.263700
v 0.355931 -0.054349 -0.261482
v 0.352333 -0.058426 -0.258080
v 0.330582 -0.033134 -0.258977
v 0.332422 -0.037385 -0.262840
v 0.334193 -0.041584 -0.265254
v 0.334973 -0.045765 -0.266091
v 0.334218 -0.049952 -0.265257
v 0.332473 -0.054162 -0.262845
v 0.330660 -0.058427 -0.258984
v 0.306012 -0.033184 -0.258472
v 0.306600 -0.037554 -0.262527
v 0.307318 -0.041745 -0.265006
v 0.307672 -0.045849 -0.265847
v 0.307343 -0.049955 -0.265008
v 0.306651 -0.054152 -0.262532
v 0.306089 -0.058528 -0.258479
v 0.280036 -0.033246 -0.256581
v 0.279650 -0.037652 -0.260623
v 0.279423 -0.041847 -0.263054
v 0.279355 -0.045937 -0.263867
v 0.279448 -0.050026 -0.263057
v 0.279701 -0.054221 -0.260628
v 0.280114 -0.058627 -0.256588
v 0.254193 -0.033345 -0.253349
v 0.252849 -0.037721 -0.257213
v 0.251685 -0.041918 -0.259506
v 0.251199 -0.046024 -0.260264
v 0.251711 -0.050128 -0.259509
v 0.252900 -0.054319 -0.257219
v 0.254271 -0.058689 -0.253357
v 0.230000 -0.033446 -0.249034
v 0.227466 -0.037711 -0.252465
v 0.225282 -0.041922 -0.254488
v 0.224379 -0.046108 -0.255159
v 0.225308 -0.050289 -0.254491
v 0.227517 -0.054488 -0.252470
v 0.230078 -0.058739 -0.249041
v 0.208923 -0.033448 -0.243904
v 0.204729 -0.037525 -0.246536
v 0.201384 -0.041803 -0.248129
v 0.200072 -0.046185 -0.248676
v 0.201411 -0.050559 -0.248132
v 0.204782 -0.054818 -0.246541
v 0.209001 -0.058870 -0.243911
v 0.406816 0.586344 0.342534
v 0.365834 0.412172 0.369216
v 0.373906 0.436687 0.344441
v 0.384517 0.464263 0.324537
v 0.395581 0.493433 0.306665
v 0.387313 0.477034 0.390461
v 0.389014 0.486087 0.362290
v 0.394847 0.502879 0.339611
v 0.402270 0.525663 0.320311
v 0.399104 0.541775 0.407664
v 0.398424 0.539806 0.376621
v 0.401403 0.545605 0.352184
v 0.405896 0.559768 0.333110
v 0.423714 0.585176 0.244583
v 0.420928 0.614998 0.259648
v 0.415513 0.647474 0.278355
v 0.407385 0.680503 0.301516
v 0.415758 0.555359 0.268598
v 0.416009 0.584204 0.282934
v 0.413707 0.615132 0.300253
v 0.408931 0.645108 0.321637
v 0.406199 0.524233 0.288667
v 0.409596 0.553552 0.302287
v 0.410296 0.584384 0.317342
v 0.408483 0.611381 0.335065
v 0.367530 0.772253 0.412718
v 0.386411 0.719205 0.424941
v 0.398062 0.663068 0.426509
v 0.402301 0.603957 0.420123
v 0.382994 0.743039 0.366385
v 0.393931 0.696101 0.382197
v 0.400516 0.646248 0.388143
v 0.402124 0.593969 0.385830
v 0.396503 0.712381 0.330192
v 0.401972 0.671795 0.348381
v 0.404656 0.630336 0.358061
v 0.404458 0.588591 0.359436
v -0.000000 0.276279 0.148959
v -0.183986 0.271468 0.288581
v -0.148046 0.277118 0.215951
v -0.113523 0.285744 0.150182
v -0.081650 0.297558 0.089585
v -0.124046 0.260103 0.293338
v -0.103653 0.267981 0.226245
v -0.079848 0.277305 0.165402
v -0.054101 0.288399 0.110574
v -0.062079 0.253736 0.295906
v -0.053076 0.262107 0.233447
v -0.040815 0.271257 0.178428
v -0.023996 0.280852 0.132077
v -0.000000 0.351823 -0.073368
v 0.024642 0.330535 -0.021672
v 0.051907 0.312369 0.032707
v 0.081650 0.297558 0.089585
v -0.024642 0.330535 -0.021672
v -0.000000 0.315512 0.017092
v 0.026886 0.301200 0.061315
v 0.054101 0.288399 0.110574
v -0.051907 0.312369 0.032707
v -0.026886 0.301200 0.061315
v -0.000000 0.290627 0.094154
v 0.023996 0.280852 0.132077
v 0.183986 0.271468 0.288581
v 0.124046 0.260103 0.293338
v 0.062079 0.253736 0.295906
v 0.000000 0.251756 0.296836
v 0.148046 0.277118 0.215951
v 0.103653 0.267981 0.226245
v 0.053076 0.262107 0.233447
v -0.000000 0.260058 0.236282
v 0.113523 0.285744 0.150182
v 0.079848 0.277305 0.165402
v 0.040815 0.271257 0.178428
v -0.000000 0.268862 0.184536
v -0.004532 0.912479 -0.953102
v -0.003173 0.912641 -0.953725
v -0.001632 0.912787 -0.954123
v -0.000000 0.912847 -0.954263
v 0.001632 0.912787 -0.954122
v 0.003173 0.912641 -0.953725
v 0.004532 0.912479 -0.953102
v -0.004759 0.911064 -0.953559
v -0.003294 0.911108 -0.954295
v -0.001684 0.911175 -0.954747
v -0.000000 0.911208 -0.954902
v 0.001684 0.911175 -0.954747
v 0.003294 0.911108 -0.954295
v 0.004759 0.911064 -0.953559
v -0.004945 0.909493 -0.953776
v -0.003407 0.909461 -0.954567
v -0.001737 0.909464 -0.955046
v -0.000000 0.909471 -0.955207
v 0.001737 0.909464 -0.955046
v 0.003407 0.909461 -0.954567
v 0.004945 0.909493 -0.953776
v -0.005019 0.907855 -0.953739
v -0.003456 0.907771 -0.954541
v -0.001761 0.907720 -0.955023
v 0.000000 0.907703 -0.955184
v 0.001761 0.907720 -0.955023
v 0.003456 0.907771 -0.954541
v 0.005019 0.907855 -0.953739
v -0.004945 0.906246 -0.953435
v -0.003407 0.906112 -0.954215
v -0.001737 0.906009 -0.954683
v 0.000000 0.905969 -0.954839
v 0.001737 0.906009 -0.954683
v 0.003407 0.906112 -0.954215
v 0.004945 0.906246 -0.953435
v -0.004759 0.904753 -0.952896
v -0.003294 0.904557 -0.953607
v -0.001684 0.904398 -0.954035
v 0.000000 0.904334 -0.954179
v 0.001684 0.904398 -0.954035
v 0.003294 0.904557 -0.953607
v 0.004759 0.904754 -0.952896
v -0.004532 0.903465 -0.952155
v -0.003173 0.903176 -0.952730
v -0.001632 0.902951 -0.953089
v 0.000000 0.902864 -0.953214
v 0.001632 0.902951 -0.953089
v 0.003173 0.903176 -0.952730
v 0.004532 0.903465 -0.952155
v -0.213400 0.606878 -0.256068
v -0.326479 0.621879 -0.217672
v -0.307372 0.643770 -0.229976
v -0.286839 0.665472 -0.240671
v -0.264370 0.686565 -0.249681
v -0.296938 0.590489 -0.230781
v -0.283269 0.612094 -0.238975
v -0.267086 0.633776 -0.246795
v -0.247566 0.653937 -0.253802
v -0.261714 0.563238 -0.239092
v -0.253464 0.585212 -0.245019
v -0.243145 0.607313 -0.250724
v -0.228801 0.626057 -0.255781
v -0.182007 0.742588 -0.271123
v -0.166806 0.700354 -0.270225
v -0.150801 0.658758 -0.267385
v -0.134329 0.617335 -0.262722
v -0.211794 0.725447 -0.264274
v -0.196700 0.686566 -0.265249
v -0.180797 0.648572 -0.263935
v -0.165684 0.611046 -0.260561
v -0.239302 0.706610 -0.257335
v -0.223909 0.671326 -0.259870
v -0.207532 0.638591 -0.260126
v -0.193749 0.607865 -0.258263
v -0.084018 0.489309 -0.233869
v -0.133038 0.502358 -0.239733
v -0.179276 0.519458 -0.243103
v -0.222230 0.539631 -0.243009
v -0.100706 0.532729 -0.246659
v -0.141780 0.536858 -0.248206
v -0.181766 0.547371 -0.249106
v -0.219296 0.563499 -0.248259
v -0.117713 0.575508 -0.256051
v -0.152731 0.573594 -0.255271
v -0.186012 0.577435 -0.254397
v -0.216175 0.587954 -0.252974
v -0.282280 0.854029 -0.205114
v -0.350513 0.705079 -0.184328
v -0.344132 0.754282 -0.168825
v -0.331064 0.804318 -0.155202
v -0.312755 0.854312 -0.144390
v -0.328759 0.721953 -0.205940
v -0.325659 0.766294 -0.192997
v -0.316128 0.811271 -0.181155
v -0.301296 0.855926 -0.172022
v -0.306797 0.740273 -0.222232
v -0.306492 0.780147 -0.211132
v -0.300924 0.818850 -0.200407
v -0.290526 0.855459 -0.192564
v -0.236532 0.997859 -0.139079
v -0.238568 0.980398 -0.172072
v -0.238629 0.957644 -0.198385
v -0.236409 0.930245 -0.219646
v -0.264302 0.951835 -0.135112
v -0.260575 0.941454 -0.166863
v -0.256968 0.925147 -0.192271
v -0.253285 0.902727 -0.212701
v -0.290170 0.903674 -0.137361
v -0.282198 0.899583 -0.167061
v -0.275160 0.890698 -0.190170
v -0.270003 0.875154 -0.207986
v -0.211959 0.825186 -0.261969
v -0.235944 0.803348 -0.253235
v -0.260351 0.781300 -0.244603
v -0.284133 0.759998 -0.234720
v -0.223973 0.863070 -0.251136
v -0.244000 0.840250 -0.242816
v -0.265276 0.817496 -0.234526
v -0.286408 0.796916 -0.224540
v -0.231836 0.898407 -0.237076
v -0.249373 0.873957 -0.229380
v -0.267675 0.849878 -0.222364
v -0.285077 0.830315 -0.213734
v 0.309854 0.346197 0.304490
v 0.283147 0.349237 0.272003
v 0.255124 0.356573 0.249039
v 0.225113 0.364515 0.234610
v 0.192689 0.371241 0.227261
v 0.157575 0.375870 0.226425
v 0.120984 0.377496 0.230886
v 0.333528 0.382126 0.300471
v 0.310353 0.378168 0.278474
v 0.285264 0.380649 0.260869
v 0.258308 0.385477 0.248499
v 0.229824 0.389725 0.241331
v 0.201237 0.391857 0.238271
v 0.175172 0.390520 0.237407
v 0.354241 0.417057 0.291867
v 0.335254 0.409506 0.276509
v 0.314272 0.408119 0.263346
v 0.291731 0.409562 0.253219
v 0.268345 0.410901 0.246532
v 0.245944 0.410378 0.242243
v 0.226747 0.406512 0.238881
v 0.373351 0.450591 0.280230
v 0.358501 0.441258 0.268550
v 0.341906 0.436981 0.258432
v 0.324147 0.435248 0.250263
v 0.305963 0.433709 0.244218
v 0.288731 0.430671 0.239615
v 0.273988 0.424605 0.235555
v 0.391260 0.482930 0.265385
v 0.380315 0.472093 0.255796
v 0.367835 0.465465 0.247606
v 0.354431 0.461085 0.240837
v 0.340782 0.457059 0.235420
v 0.327838 0.451771 0.230925
v 0.316614 0.443675 0.226832
v 0.407603 0.513385 0.246468
v 0.400267 0.501034 0.237947
v 0.391501 0.492436 0.230853
v 0.381885 0.485916 0.224995
v 0.372022 0.479817 0.220159
v 0.362593 0.472568 0.216021
v 0.354297 0.462614 0.212232
v 0.421828 0.541044 0.222442
v 0.417767 0.527191 0.214332
v 0.412292 0.516919 0.207783
v 0.405924 0.508659 0.202506
v 0.399181 0.500843 0.198206
v 0.392594 0.491913 0.194575
v 0.386697 0.480315 0.191305
v 0.441759 0.584508 0.155348
v 0.443091 0.567765 0.147490
v 0.442851 0.554707 0.141486
v 0.441447 0.543757 0.136988
v 0.439285 0.533336 0.133645
v 0.436772 0.521867 0.131113
v 0.434312 0.507773 0.129046
v 0.446666 0.599541 0.112789
v 0.450036 0.581431 0.105197
v 0.451701 0.567174 0.099556
v 0.452049 0.555159 0.095488
v 0.451464 0.543775 0.092619
v 0.450329 0.531421 0.090605
v 0.449020 0.516495 0.089105
v 0.447853 0.610237 0.066137
v 0.452770 0.590813 0.059005
v 0.455844 0.575478 0.053906
v 0.457468 0.562569 0.050399
v 0.458030 0.550428 0.048064
v 0.457896 0.537418 0.046573
v 0.457428 0.521910 0.045619
v 0.445077 0.616736 0.016936
v 0.451003 0.596050 0.010519
v 0.454974 0.579756 0.006221
v 0.457410 0.566117 0.003481
v 0.458717 0.553407 0.001791
v 0.459255 0.539953 0.000855
v 0.459368 0.524090 0.000431
v 0.438007 0.619144 -0.033245
v 0.444389 0.597241 -0.038569
v 0.448752 0.580115 -0.041727
v 0.451559 0.565916 -0.043456
v 0.453254 0.552822 -0.044369
v 0.454185 0.539117 -0.044708
v 0.454673 0.523108 -0.044617
v 0.425989 0.617423 -0.082742
v 0.432335 0.594321 -0.086229
v 0.436684 0.576541 -0.087833
v 0.439523 0.562015 -0.088410
v 0.441335 0.548753 -0.088505
v 0.442453 0.534994 -0.088250
v 0.443174 0.519034 -0.087678
v 0.408188 0.611221 -0.129585
v 0.414186 0.587069 -0.130173
v 0.418241 0.568972 -0.129884
v 0.420889 0.554442 -0.129335
v 0.422645 0.541272 -0.128683
v 0.423827 0.527668 -0.127898
v 0.424701 0.511938 -0.126904
v -0.406816 0.586344 0.342534
v -0.423714 0.585176 0.244583
v -0.415758 0.555359 0.268598
v -0.406199 0.524233 0.288667
v -0.395581 0.493433 0.306665
v -0.420928 0.614998 0.259648
v -0.416009 0.584204 0.282934
v -0.409596 0.553552 0.302287
v -0.402270 0.525664 0.320311
v -0.415513 0.647474 0.278355
v -0.413707 0.615132 0.300253
v -0.410296 0.584384 0.317342
v -0.405896 0.559768 0.333110
v -0.365834 0.412172 0.369216
v -0.387313 0.477034 0.390461
v -0.399105 0.541775 0.407664
v -0.402301 0.603957 0.420123
v -0.373906 0.436687 0.344441
v -0.389014 0.486087 0.362291
v -0.398424 0.539806 0.376621
v -0.402124 0.593969 0.385830
v -0.384517 0.464263 0.324537
v -0.394847 0.502879 0.339611
v -0.401403 0.545605 0.352184
v -0.404458 0.588591 0.359436
v -0.367530 0.772253 0.412718
v -0.382994 0.743039 0.366385
v -0.396503 0.712381 0.330192
v -0.407385 0.680503 0.301516
v -0.386411 0.719205 0.424941
v -0.393931 0.696102 0.382197
v -0.401972 0.671795 0.348380
v -0.408931 0.645108 0.321637
v -0.398063 0.663068 0.426509
v -0.400516 0.646248 0.388143
v -0.404656 0.630336 0.358061
v -0.408483 0.611381 0.335065
v 0.351988 0.576828 -0.199268
v 0.357249 0.557218 -0.195534
v 0.360480 0.541572 -0.193064
v 0.362569 0.528538 -0.191265
v 0.364091 0.516476 -0.189768
v 0.365333 0.503829 -0.188336
v 0.366516 0.489061 -0.186771
v 0.314852 0.551841 -0.218312
v 0.319435 0.536045 -0.214798
v 0.322407 0.522726 -0.212291
v 0.324410 0.511062 -0.210388
v 0.325936 0.499957 -0.208781
v 0.327266 0.488071 -0.207234
v 0.328627 0.473999 -0.205530
v 0.273482 0.526839 -0.229402
v 0.277437 0.513270 -0.226156
v 0.280443 0.501840 -0.223672
v 0.282705 0.491623 -0.221713
v 0.284432 0.481619 -0.220052
v 0.285902 0.470617 -0.218457
v 0.287410 0.457355 -0.216697
v 0.228901 0.502491 -0.233747
v 0.232709 0.489939 -0.230327
v 0.236341 0.479882 -0.227590
v 0.239393 0.471048 -0.225405
v 0.241603 0.462185 -0.223619
v 0.243275 0.452139 -0.221987
v 0.244858 0.439776 -0.220238
v 0.182109 0.478863 -0.232006
v 0.186927 0.466701 -0.227699
v 0.192121 0.457693 -0.224226
v 0.196571 0.450107 -0.221525
v 0.199540 0.442357 -0.219479
v 0.201438 0.433301 -0.217791
v 0.202965 0.421911 -0.216118
v 0.134243 0.455252 -0.223604
v 0.142821 0.443586 -0.217545
v 0.150888 0.435705 -0.212983
v 0.156957 0.429357 -0.209716
v 0.160595 0.422743 -0.207449
v 0.162520 0.414743 -0.205785
v 0.163737 0.404404 -0.204297
v 0.087725 0.430697 -0.206909
v 0.104155 0.420520 -0.198566
v 0.116116 0.414258 -0.193033
v 0.123424 0.409302 -0.189517
v 0.127187 0.403934 -0.187306
v 0.128671 0.397096 -0.185873
v 0.129180 0.387899 -0.184733
v -0.390511 0.688672 -0.112200
v -0.405786 0.687318 -0.063855
v -0.417400 0.684049 -0.013065
v -0.425675 0.677622 0.038159
v -0.430918 0.667424 0.088144
v -0.433255 0.653207 0.135296
v -0.432768 0.634815 0.178043
v -0.377198 0.738492 -0.096143
v -0.390889 0.733247 -0.049034
v -0.402299 0.726722 0.001387
v -0.411370 0.717617 0.052807
v -0.418094 0.705036 0.103169
v -0.422439 0.688642 0.150688
v -0.424369 0.668236 0.193649
v -0.359249 0.790630 -0.080589
v -0.371963 0.782956 -0.033495
v -0.383434 0.773541 0.017197
v -0.393453 0.761594 0.069259
v -0.401819 0.746436 0.120526
v -0.408363 0.727692 0.168983
v -0.412923 0.705061 0.212652
v -0.336679 0.843705 -0.066897
v -0.348718 0.834446 -0.018692
v -0.360428 0.822441 0.033222
v -0.371513 0.807611 0.086796
v -0.381681 0.789811 0.139924
v -0.390639 0.768625 0.190278
v -0.398096 0.743568 0.235473
v -0.309577 0.896670 -0.055962
v -0.320944 0.885921 -0.005684
v -0.332901 0.871382 0.048487
v -0.345084 0.853729 0.104683
v -0.357138 0.833366 0.160901
v -0.368691 0.809783 0.214485
v -0.379363 0.782222 0.262547
v -0.277836 0.948530 -0.048356
v -0.288413 0.935574 0.005232
v -0.300444 0.918305 0.062577
v -0.313462 0.898016 0.122120
v -0.327127 0.875375 0.182307
v -0.341190 0.849793 0.240769
v -0.355416 0.820216 0.294366
v -0.241215 0.997938 -0.044122
v -0.250907 0.981371 0.014197
v -0.262640 0.961115 0.075250
v -0.275882 0.938543 0.138291
v -0.290428 0.914129 0.202760
v -0.306420 0.887322 0.267601
v -0.324179 0.856922 0.330616
v 0.324179 0.856922 0.330616
v 0.355416 0.820216 0.294366
v 0.379363 0.782221 0.262547
v 0.398096 0.743568 0.235473
v 0.412922 0.705061 0.212652
v 0.424369 0.668236 0.193649
v 0.432768 0.634815 0.178043
v 0.306420 0.887322 0.267601
v 0.341190 0.849793 0.240769
v 0.368691 0.809783 0.214485
v 0.390639 0.768625 0.190278
v 0.408364 0.727692 0.168983
v 0.422439 0.688642 0.150688
v 0.433255 0.653207 0.135296
v 0.290428 0.914129 0.202760
v 0.327127 0.875375 0.182307
v 0.357138 0.833366 0.160901
v 0.381681 0.789811 0.139924
v 0.401819 0.746437 0.120526
v 0.418094 0.705036 0.103169
v 0.430918 0.667424 0.088144
v 0.275882 0.938543 0.138291
v 0.313462 0.898016 0.122120
v 0.345084 0.853729 0.104683
v 0.371513 0.807611 0.086796
v 0.393453 0.761594 0.069259
v 0.411370 0.717617 0.052807
v 0.425675 0.677622 0.038159
v 0.262640 0.961115 0.075250
v 0.300444 0.918305 0.062577
v 0.332901 0.871382 0.048487
v 0.360428 0.822441 0.033222
v 0.383434 0.773541 0.017197
v 0.402299 0.726722 0.001387
v 0.417400 0.684049 -0.013065
v 0.250907 0.981371 0.014197
v 0.288413 0.935574 0.005232
v 0.320944 0.885920 -0.005684
v 0.348718 0.834446 -0.018692
v 0.371963 0.782956 -0.033495
v 0.390889 0.733247 -0.049034
v 0.405786 0.687318 -0.063855
v 0.241215 0.997938 -0.044122
v 0.277836 0.948530 -0.048356
v 0.309578 0.896670 -0.055962
v 0.336679 0.843705 -0.066897
v 0.359249 0.790630 -0.080589
v 0.377197 0.738492 -0.096143
v 0.390511 0.688672 -0.112200
v -0.421828 0.541044 0.222442
v -0.417767 0.527191 0.214332
v -0.412292 0.516919 0.207783
v -0.405924 0.508659 0.202506
v -0.399181 0.500843 0.198206
v -0.392594 0.491913 0.194575
v -0.386697 0.480315 0.191305
v -0.407603 0.513385 0.246468
v -0.400267 0.501034 0.237947
v -0.391501 0.492436 0.230853
v -0.381885 0.485916 0.224995
v -0.372022 0.479817 0.220159
v -0.362593 0.472568 0.216021
v -0.354298 0.462614 0.212232
v -0.391260 0.482930 0.265385
v -0.380315 0.472093 0.255796
v -0.367835 0.465465 0.247606
v -0.354431 0.461085 0.240837
v -0.340782 0.457059 0.235420
v -0.327838 0.451771 0.230925
v -0.316614 0.443675 0.226832
v -0.373351 0.450591 0.280230
v -0.358501 0.441258 0.268550
v -0.341906 0.436981 0.258432
v -0.324147 0.435248 0.250263
v -0.305963 0.433709 0.244218
v -0.288731 0.430671 0.239615
v -0.273988 0.424605 0.235555
v -0.354241 0.417057 0.291867
v -0.335254 0.409506 0.276509
v -0.314272 0.408119 0.263346
v -0.291731 0.409562 0.253219
v -0.268345 0.410901 0.246532
v -0.245944 0.410378 0.242243
v -0.226747 0.406512 0.238881
v -0.333528 0.382126 0.300471
v -0.310353 0.378168 0.278474
v -0.285264 0.380649 0.260869
v -0.258308 0.385477 0.248499
v -0.229824 0.389725 0.241331
v -0.201237 0.391857 0.238271
v -0.175172 0.390520 0.237407
v -0.309854 0.346197 0.304490
v -0.283147 0.349237 0.272003
v -0.255124 0.356573 0.249039
v -0.225113 0.364515 0.234610
v -0.192689 0.371241 0.227261
v -0.157575 0.375870 0.226425
v -0.120984 0.377496 0.230886
v -0.232167 0.301705 0.243332
v -0.215756 0.315141 0.211719
v -0.192144 0.327267 0.188720
v -0.164238 0.337712 0.174133
v -0.133056 0.346066 0.166790
v -0.098762 0.351919 0.166169
v -0.062759 0.354605 0.171042
v -0.186293 0.300328 0.180836
v -0.178434 0.312245 0.159468
v -0.161284 0.323301 0.141774
v -0.138411 0.332841 0.129243
v -0.112407 0.340219 0.122202
v -0.085452 0.344724 0.119627
v -0.060550 0.345459 0.119597
v -0.146523 0.305872 0.117407
v -0.144166 0.315964 0.101814
v -0.133207 0.325221 0.088554
v -0.116516 0.333032 0.078580
v -0.096840 0.338754 0.072376
v -0.076866 0.341599 0.068946
v -0.059384 0.340724 0.066858
v -0.112912 0.316507 0.054982
v -0.114657 0.324894 0.042315
v -0.109425 0.332078 0.032509
v -0.099173 0.337732 0.025336
v -0.085913 0.341455 0.020478
v -0.071882 0.342551 0.017267
v -0.059369 0.340252 0.014949
v -0.084924 0.331392 -0.006216
v -0.091093 0.338033 -0.016601
v -0.091450 0.343011 -0.023197
v -0.087174 0.346386 -0.027468
v -0.079609 0.348044 -0.030597
v -0.070585 0.347374 -0.032987
v -0.062052 0.343641 -0.034849
v -0.063182 0.350926 -0.066459
v -0.075133 0.354997 -0.073174
v -0.081123 0.357366 -0.076067
v -0.082010 0.358431 -0.077487
v -0.079134 0.358075 -0.078762
v -0.074186 0.355679 -0.080029
v -0.068940 0.350497 -0.081128
v -0.049681 0.375637 -0.125262
v -0.069133 0.375325 -0.125232
v -0.080433 0.374516 -0.123698
v -0.085346 0.373306 -0.122545
v -0.086005 0.371062 -0.122133
v -0.084174 0.367031 -0.122229
v -0.081525 0.360428 -0.122451
v -0.087725 0.430697 -0.206909
v -0.104155 0.420520 -0.198566
v -0.116116 0.414258 -0.193033
v -0.123424 0.409302 -0.189517
v -0.127187 0.403934 -0.187306
v -0.128671 0.397096 -0.185873
v -0.129180 0.387899 -0.184733
v -0.134243 0.455252 -0.223604
v -0.142821 0.443586 -0.217545
v -0.150888 0.435705 -0.212983
v -0.156957 0.429357 -0.209716
v -0.160595 0.422743 -0.207449
v -0.162520 0.414743 -0.205785
v -0.163737 0.404404 -0.204297
v -0.182109 0.478863 -0.232006
v -0.186927 0.466701 -0.227699
v -0.192121 0.457693 -0.224226
v -0.196571 0.450107 -0.221525
v -0.199540 0.442357 -0.219479
v -0.201438 0.433301 -0.217791
v -0.202965 0.421911 -0.216118
v -0.228901 0.502491 -0.233747
v -0.232709 0.489939 -0.230327
v -0.236341 0.479882 -0.227590
v -0.239393 0.471048 -0.225405
v -0.241603 0.462185 -0.223619
v -0.243275 0.452139 -0.221987
v -0.244858 0.439776 -0.220238
v -0.273482 0.526839 -0.229402
v -0.277437 0.513270 -0.226156
v -0.280443 0.501840 -0.223672
v -0.282704 0.491623 -0.221713
v -0.284432 0.481619 -0.220052
v -0.285902 0.470617 -0.218457
v -0.287410 0.457355 -0.216697
v -0.314852 0.551841 -0.218312
v -0.319435 0.536045 -0.214798
v -0.322407 0.522726 -0.212291
v -0.324409 0.511062 -0.210388
v -0.325936 0.499957 -0.208781
v -0.327266 0.488071 -0.207234
v -0.328627 0.473999 -0.205530
v -0.351988 0.576828 -0.199268
v -0.357249 0.557218 -0.195534
v -0.360480 0.541572 -0.193064
v -0.362569 0.528538 -0.191265
v -0.364091 0.516476 -0.189768
v -0.365333 0.503829 -0.188336
v -0.366516 0.489061 -0.186771
v 0.000000 0.659577 1.284503
v -0.230393 0.731980 1.229141
v -0.198306 0.681894 1.257202
v -0.163348 0.629158 1.269304
v -0.125742 0.575330 1.268112
v -0.155720 0.757432 1.235178
v -0.135091 0.711132 1.262990
v -0.109773 0.661789 1.276208
v -0.078873 0.611903 1.277471
v -0.078357 0.772742 1.239199
v -0.068296 0.729620 1.266793
v -0.054646 0.684319 1.280272
v -0.033664 0.641088 1.283090
v -0.000000 0.413538 1.201468
v 0.042850 0.467485 1.233076
v 0.085169 0.521497 1.255769
v 0.125742 0.575330 1.268112
v -0.042850 0.467485 1.233076
v -0.000000 0.515332 1.253777
v 0.041521 0.563298 1.269375
v 0.078873 0.611903 1.277471
v -0.085169 0.521497 1.255769
v -0.041521 0.563298 1.269375
v -0.000000 0.602313 1.278981
v 0.033664 0.641088 1.283090
v 0.230393 0.731980 1.229141
v 0.155720 0.757432 1.235178
v 0.078357 0.772742 1.239198
v 0.000000 0.777974 1.240600
v 0.198306 0.681894 1.257202
v 0.135091 0.711132 1.262990
v 0.068296 0.729620 1.266793
v 0.000000 0.736138 1.268110
v 0.163348 0.629158 1.269304
v 0.109773 0.661789 1.276208
v 0.054646 0.684319 1.280272
v -0.000000 0.693183 1.281462
v -0.152821 1.072946 -0.032132
v -0.160604 1.050007 0.030591
v -0.169676 1.025950 0.095836
v -0.180235 1.000911 0.163686
v -0.192288 0.975156 0.234512
v -0.205850 0.949024 0.309055
v -0.220458 0.923349 0.388439
v -0.103369 1.093827 -0.023946
v -0.109100 1.070434 0.037780
v -0.115665 1.045953 0.103141
v -0.123275 1.020711 0.171944
v -0.131942 0.995182 0.244283
v -0.141270 0.970249 0.320759
v -0.150488 0.947157 0.402154
v -0.052130 1.105784 -0.018770
v -0.055151 1.082352 0.042498
v -0.058596 1.057825 0.107807
v -0.062573 1.032672 0.177009
v -0.067089 1.007484 0.250092
v -0.071791 0.983316 0.327528
v -0.076204 0.961372 0.409913
v -0.000000 1.109640 -0.017034
v 0.000000 1.086232 0.044155
v 0.000000 1.061744 0.109444
v 0.000000 1.036684 0.178730
v -0.000000 1.011668 0.252016
v -0.000000 0.987738 0.329735
v -0.000000 0.966044 0.412429
v 0.052130 1.105784 -0.018770
v 0.055151 1.082352 0.042498
v 0.058596 1.057825 0.107807
v 0.062573 1.032672 0.177009
v 0.067089 1.007484 0.250092
v 0.071791 0.983316 0.327528
v 0.076204 0.961372 0.409913
v 0.103369 1.093827 -0.023946
v 0.109100 1.070435 0.037780
v 0.115665 1.045953 0.103141
v 0.123275 1.020711 0.171944
v 0.131942 0.995182 0.244283
v 0.141270 0.970249 0.320759
v 0.150488 0.947157 0.402154
v 0.152821 1.072946 -0.032132
v 0.160604 1.050007 0.030591
v 0.169676 1.025949 0.095836
v 0.180235 1.000911 0.163686
v 0.192288 0.975156 0.234512
v 0.205850 0.949024 0.309055
v 0.220458 0.923349 0.388439
v -0.236366 0.890732 0.569696
v -0.237581 0.884481 0.667041
v -0.239947 0.878665 0.763865
v -0.243978 0.870949 0.858813
v -0.249428 0.859260 0.950564
v -0.255158 0.841151 1.037126
v -0.258967 0.814177 1.115929
v -0.161546 0.914971 0.582946
v -0.163402 0.905435 0.680140
v -0.165177 0.896764 0.777997
v -0.167653 0.886800 0.874279
v -0.170992 0.873592 0.966791
v -0.173979 0.855357 1.052695
v -0.174661 0.830491 1.128747
v -0.081886 0.928956 0.591476
v -0.083159 0.917851 0.688648
v -0.084146 0.907686 0.786775
v -0.085327 0.896565 0.883348
v -0.086902 0.882697 0.975748
v -0.088104 0.864631 1.060821
v -0.087875 0.841019 1.135249
v 0.000000 0.933467 0.594385
v 0.000000 0.921936 0.691622
v 0.000000 0.911346 0.789784
v 0.000000 0.899898 0.886306
v -0.000000 0.885880 0.978506
v -0.000000 0.867908 1.063229
v -0.000000 0.844682 1.137204
v 0.081886 0.928956 0.591476
v 0.083159 0.917851 0.688648
v 0.084146 0.907686 0.786775
v 0.085327 0.896566 0.883348
v 0.086902 0.882697 0.975748
v 0.088104 0.864631 1.060821
v 0.087875 0.841019 1.135249
v 0.161546 0.914971 0.582946
v 0.163402 0.905435 0.680140
v 0.165177 0.896764 0.777997
v 0.167653 0.886800 0.874279
v 0.170992 0.873592 0.966791
v 0.173979 0.855357 1.052695
v 0.174661 0.830491 1.128747
v 0.236366 0.890732 0.569696
v 0.237581 0.884481 0.667041
v 0.239947 0.878665 0.763865
v 0.243978 0.870949 0.858813
v 0.249428 0.859260 0.950564
v 0.255158 0.841151 1.037126
v 0.258967 0.814176 1.115929
v -0.408188 0.611221 -0.129585
v -0.414185 0.587069 -0.130173
v -0.418241 0.568972 -0.129884
v -0.420889 0.554442 -0.129335
v -0.422645 0.541272 -0.128683
v -0.423826 0.527668 -0.127898
v -0.424701 0.511938 -0.126904
v -0.425989 0.617423 -0.082742
v -0.432335 0.594321 -0.086229
v -0.436684 0.576541 -0.087833
v -0.439523 0.562015 -0.088410
v -0.441335 0.548753 -0.088505
v -0.442453 0.534994 -0.088250
v -0.443174 0.519034 -0.087678
v -0.438007 0.619144 -0.033245
v -0.444389 0.597241 -0.038569
v -0.448751 0.580115 -0.041727
v -0.451559 0.565916 -0.043456
v -0.453254 0.552822 -0.044369
v -0.454185 0.539117 -0.044708
v -0.454673 0.523108 -0.044617
v -0.445077 0.616736 0.016936
v -0.451003 0.596050 0.010519
v -0.454974 0.579756 0.006221
v -0.457410 0.566117 0.003481
v -0.458717 0.553407 0.001791
v -0.459255 0.539953 0.000855
v -0.459368 0.524090 0.000431
v -0.447853 0.610237 0.066137
v -0.452770 0.590813 0.059005
v -0.455844 0.575478 0.053906
v -0.457468 0.562569 0.050399
v -0.458030 0.550428 0.048064
v -0.457896 0.537418 0.046573
v -0.457428 0.521910 0.045619
v -0.446666 0.599541 0.112789
v -0.450036 0.581431 0.105197
v -0.451701 0.567174 0.099556
v -0.452049 0.555159 0.095488
v -0.451464 0.543775 0.092619
v -0.450329 0.531421 0.090605
v -0.449020 0.516495 0.089105
v -0.441759 0.584508 0.155348
v -0.443091 0.567765 0.147490
v -0.442851 0.554707 0.141486
v -0.441447 0.543757 0.136988
v -0.439285 0.533336 0.133645
v -0.436772 0.521867 0.131113
v -0.434312 0.507773 0.129046
v -0.352333 -0.058426 -0.258080
v -0.355930 -0.054349 -0.261482
v -0.358899 -0.050070 -0.263700
v -0.360079 -0.045688 -0.264493
v -0.358872 -0.041314 -0.263697
v -0.355877 -0.037056 -0.261477
v -0.352255 -0.033003 -0.258072
v -0.330660 -0.058427 -0.258984
v -0.332473 -0.054162 -0.262845
v -0.334218 -0.049952 -0.265257
v -0.334973 -0.045765 -0.266091
v -0.334193 -0.041584 -0.265254
v -0.332422 -0.037385 -0.262840
v -0.330582 -0.033134 -0.258977
v -0.306089 -0.058528 -0.258479
v -0.306652 -0.054152 -0.262532
v -0.307343 -0.049955 -0.265008
v -0.307672 -0.045849 -0.265847
v -0.307318 -0.041745 -0.265006
v -0.306600 -0.037554 -0.262527
v -0.306012 -0.033184 -0.258472
v -0.280114 -0.058627 -0.256588
v -0.279701 -0.054221 -0.260628
v -0.279448 -0.050026 -0.263057
v -0.279355 -0.045937 -0.263867
v -0.279423 -0.041847 -0.263054
v -0.279650 -0.037652 -0.260623
v -0.280036 -0.033246 -0.256581
v -0.254271 -0.058689 -0.253357
v -0.252900 -0.054319 -0.257219
v -0.251711 -0.050128 -0.259509
v -0.251199 -0.046024 -0.260264
v -0.251685 -0.041918 -0.259506
v -0.252849 -0.037721 -0.257213
v -0.254193 -0.033345 -0.253349
v -0.230078 -0.058739 -0.249041
v -0.227517 -0.054488 -0.252470
v -0.225308 -0.050289 -0.254491
v -0.224379 -0.046108 -0.255159
v -0.225282 -0.041922 -0.254488
v -0.227466 -0.037711 -0.252465
v -0.230000 -0.033446 -0.249034
v -0.209001 -0.058870 -0.243911
v -0.204782 -0.054818 -0.246541
v -0.201411 -0.050559 -0.248132
v -0.200072 -0.046185 -0.248676
v -0.201384 -0.041803 -0.248129
v -0.204729 -0.037525 -0.246536
v -0.208923 -0.033448 -0.243904
v 0.403718 0.781168 1.045057
v 0.457306 0.765876 0.990251
v 0.499540 0.746476 0.934173
v 0.531529 0.721731 0.880303
v 0.554347 0.691232 0.831227
v 0.569549 0.656504 0.788926
v 0.579100 0.619601 0.755513
v 0.390282 0.805352 0.972064
v 0.441240 0.784240 0.924904
v 0.481788 0.759092 0.874914
v 0.512702 0.729013 0.825907
v 0.534972 0.693642 0.781044
v 0.550354 0.654104 0.742554
v 0.560925 0.611856 0.712527
v 0.378106 0.817954 0.892019
v 0.426160 0.791379 0.851816
v 0.464217 0.760365 0.808566
v 0.493093 0.724576 0.765424
v 0.513799 0.683970 0.725366
v 0.528122 0.639598 0.690862
v 0.538055 0.592775 0.664268
v 0.367282 0.822355 0.807942
v 0.412231 0.790135 0.774402
v 0.447116 0.752875 0.738194
v 0.472906 0.710750 0.701470
v 0.490748 0.664168 0.666514
v 0.502485 0.614464 0.636135
v 0.510139 0.563206 0.613269
v 0.358375 0.821445 0.721915
v 0.399906 0.783106 0.695553
v 0.430946 0.739124 0.666764
v 0.452607 0.690045 0.636657
v 0.466170 0.636642 0.606810
v 0.473620 0.580682 0.580451
v 0.477209 0.524276 0.561321
v 0.352198 0.816931 0.635532
v 0.390038 0.771918 0.617832
v 0.416769 0.721297 0.597073
v 0.433698 0.665683 0.573581
v 0.442101 0.605692 0.548607
v 0.443461 0.542760 0.525371
v 0.440027 0.479288 0.508395
v 0.349880 0.809569 0.550814
v 0.383669 0.757642 0.544081
v 0.405808 0.701465 0.531920
v 0.417942 0.641067 0.514836
v 0.421091 0.576205 0.494334
v 0.415141 0.506750 0.472832
v 0.400726 0.433786 0.454581
v -0.579100 0.619601 0.755513
v -0.569549 0.656505 0.788926
v -0.554347 0.691232 0.831227
v -0.531529 0.721731 0.880303
v -0.499540 0.746476 0.934173
v -0.457306 0.765876 0.990251
v -0.403718 0.781168 1.045057
v -0.560925 0.611856 0.712527
v -0.550354 0.654104 0.742554
v -0.534972 0.693642 0.781044
v -0.512702 0.729013 0.825907
v -0.481788 0.759092 0.874914
v -0.441240 0.784240 0.924904
v -0.390282 0.805352 0.972064
v -0.538055 0.592775 0.664268
v -0.528122 0.639598 0.690862
v -0.513799 0.683970 0.725366
v -0.493093 0.724576 0.765424
v -0.464217 0.760365 0.808566
v -0.426160 0.791379 0.851816
v -0.378106 0.817954 0.892019
v -0.510139 0.563206 0.613269
v -0.502485 0.614464 0.636135
v -0.490748 0.664168 0.666515
v -0.472906 0.710750 0.701470
v -0.447116 0.752875 0.738194
v -0.412231 0.790135 0.774402
v -0.367282 0.822355 0.807942
v -0.477209 0.524276 0.561321
v -0.473620 0.580682 0.580451
v -0.466170 0.636642 0.606810
v -0.452607 0.690045 0.636657
v -0.430946 0.739124 0.666764
v -0.399906 0.783106 0.695553
v -0.358374 0.821445 0.721915
v -0.440027 0.479288 0.508395
v -0.443461 0.542760 0.525371
v -0.442101 0.605692 0.548607
v -0.433698 0.665683 0.573581
v -0.416769 0.721297 0.597073
v -0.390038 0.771918 0.617832
v -0.352198 0.816931 0.635532
v -0.400726 0.433786 0.454581
v -0.415141 0.506750 0.472832
v -0.421091 0.576205 0.494334
v -0.417942 0.641067 0.514836
v -0.405808 0.701465 0.531920
v -0.383669 0.757642 0.544081
v -0.349880 0.809568 0.550814
v -0.202423 0.069953 -0.111887
v -0.230471 0.077976 -0.122420
v -0.261394 0.083467 -0.129142
v -0.293828 0.086360 -0.132012
v -0.326409 0.086591 -0.130993
v -0.357772 0.084093 -0.126046
v -0.386555 0.078802 -0.117131
v -0.199797 0.082321 -0.114859
v -0.228335 0.089995 -0.126171
v -0.259784 0.095407 -0.133290
v -0.292756 0.098479 -0.136182
v -0.325867 0.099132 -0.134817
v -0.357729 0.097288 -0.129162
v -0.386955 0.092870 -0.119184
v -0.196524 0.096307 -0.119229
v -0.225629 0.103583 -0.131293
v -0.257682 0.108916 -0.138800
v -0.291271 0.112214 -0.141724
v -0.324985 0.113381 -0.140039
v -0.357410 0.112326 -0.133719
v -0.387136 0.108953 -0.122739
v -0.192640 0.111950 -0.124677
v -0.222376 0.118837 -0.137463
v -0.255100 0.124137 -0.145349
v -0.289371 0.127736 -0.148314
v -0.323750 0.129522 -0.146336
v -0.356796 0.129382 -0.139395
v -0.387070 0.127202 -0.127471
v -0.188179 0.129285 -0.130883
v -0.218597 0.135854 -0.144362
v -0.252045 0.141211 -0.152616
v -0.287054 0.145217 -0.155628
v -0.322151 0.147737 -0.153383
v -0.355868 0.148633 -0.145865
v -0.386732 0.147768 -0.133057
v -0.183175 0.148352 -0.137527
v -0.214313 0.154733 -0.151667
v -0.248528 0.160280 -0.160277
v -0.284317 0.164826 -0.163344
v -0.320177 0.168206 -0.160858
v -0.354604 0.170254 -0.152805
v -0.386096 0.170802 -0.139173
v -0.177662 0.169188 -0.144290
v -0.209547 0.175570 -0.159057
v -0.244559 0.181487 -0.168010
v -0.281161 0.186735 -0.171139
v -0.317815 0.191114 -0.168435
v -0.352986 0.194421 -0.159890
v -0.385136 0.196454 -0.145495
v -0.431144 0.059696 -0.087412
v -0.445549 0.046482 -0.067542
v -0.454572 0.031675 -0.045572
v -0.458175 0.015940 -0.022474
v -0.456323 -0.000058 0.000780
v -0.448978 -0.015652 0.023216
v -0.436104 -0.030176 0.043863
v -0.432184 0.076110 -0.086318
v -0.446765 0.064295 -0.064461
v -0.455869 0.050958 -0.040348
v -0.459462 0.036705 -0.015042
v -0.457510 0.022138 0.010393
v -0.449978 0.007864 0.034891
v -0.436831 -0.005514 0.057388
v -0.433070 0.094987 -0.086887
v -0.447836 0.084831 -0.063142
v -0.457016 0.073236 -0.036989
v -0.460580 0.060734 -0.009580
v -0.458495 0.047858 0.017934
v -0.450732 0.035139 0.044399
v -0.437260 0.023110 0.068664
v -0.433773 0.116367 -0.088798
v -0.448735 0.108053 -0.063265
v -0.457991 0.098379 -0.035177
v -0.461512 0.087800 -0.005772
v -0.459273 0.076769 0.023717
v -0.451245 0.065740 0.052053
v -0.437403 0.055165 0.078000
v -0.434262 0.140295 -0.091729
v -0.449435 0.133921 -0.064508
v -0.458769 0.126256 -0.034593
v -0.462243 0.117672 -0.003300
v -0.459834 0.108540 0.028058
v -0.451519 0.099232 0.058166
v -0.437276 0.090120 0.085709
v -0.434508 0.166812 -0.095358
v -0.449907 0.162400 -0.066551
v -0.459329 0.156739 -0.034918
v -0.462756 0.150121 -0.001848
v -0.460171 0.142838 0.031271
v -0.451556 0.135182 0.063050
v -0.436892 0.127443 0.092100
v -0.434480 0.195961 -0.099362
v -0.450124 0.193450 -0.069073
v -0.459647 0.189697 -0.035833
v -0.463036 0.184918 -0.001099
v -0.460277 0.179331 0.033671
v -0.451358 0.173154 0.067018
v -0.436265 0.166603 0.097485
v -0.393855 -0.053455 0.076055
v -0.365807 -0.061478 0.086588
v -0.334884 -0.066969 0.093310
v -0.302450 -0.069862 0.096180
v -0.269869 -0.070093 0.095161
v -0.238505 -0.067595 0.090214
v -0.209722 -0.062304 0.081299
v -0.393795 -0.027249 0.092294
v -0.365256 -0.034923 0.103607
v -0.333808 -0.040335 0.110725
v -0.300835 -0.043407 0.113618
v -0.267724 -0.044060 0.112252
v -0.235863 -0.042216 0.106597
v -0.206636 -0.037798 0.096619
v -0.393301 0.003179 0.106171
v -0.364196 -0.004096 0.118234
v -0.332143 -0.009430 0.125741
v -0.298554 -0.012727 0.128666
v -0.264841 -0.013895 0.126981
v -0.232415 -0.012839 0.120661
v -0.202690 -0.009467 0.109680
v -0.392412 0.037137 0.117991
v -0.362677 0.030250 0.130778
v -0.329953 0.024950 0.138663
v -0.295682 0.021350 0.141628
v -0.261303 0.019564 0.139650
v -0.228257 0.019705 0.132709
v -0.197983 0.021884 0.120785
v -0.391168 0.073930 0.128062
v -0.360750 0.067362 0.141541
v -0.327302 0.062005 0.149795
v -0.292293 0.057999 0.152808
v -0.257196 0.055479 0.150563
v -0.223479 0.054583 0.143044
v -0.192615 0.055448 0.130236
v -0.389605 0.112866 0.136691
v -0.358467 0.106486 0.150831
v -0.324252 0.100939 0.159441
v -0.288463 0.096392 0.162509
v -0.252603 0.093012 0.160022
v -0.218176 0.090965 0.151969
v -0.186684 0.090417 0.138337
v -0.387764 0.153251 0.144186
v -0.355878 0.146869 0.158953
v -0.320866 0.140953 0.167905
v -0.284265 0.135704 0.171034
v -0.247610 0.131325 0.168330
v -0.212440 0.128019 0.159785
v -0.180290 0.125986 0.145390
v 0.362935 -0.019296 0.866397
v 0.340475 -0.030354 0.882335
v 0.322326 -0.043024 0.901797
v 0.308940 -0.056722 0.923824
v 0.300769 -0.070863 0.947457
v 0.298267 -0.084864 0.971739
v 0.301884 -0.098141 0.995713
v 0.359740 -0.010622 0.861247
v 0.336151 -0.020791 0.878942
v 0.316948 -0.032243 0.900545
v 0.302622 -0.044463 0.924989
v 0.293660 -0.056930 0.951213
v 0.290552 -0.069129 0.978151
v 0.293787 -0.080540 1.004740
v 0.355954 -0.000205 0.853157
v 0.331149 -0.009390 0.872671
v 0.310814 -0.019468 0.896483
v 0.295480 -0.029997 0.923416
v 0.285676 -0.040535 0.952296
v 0.281930 -0.050642 0.981949
v 0.284771 -0.059875 1.011202
v 0.351782 0.012032 0.842317
v 0.325683 0.003808 0.863753
v 0.304139 -0.004847 0.889885
v 0.287724 -0.013576 0.919421
v 0.277010 -0.022019 0.951070
v 0.272570 -0.029817 0.983539
v 0.274978 -0.036611 1.015538
v 0.347430 0.026165 0.828919
v 0.319970 0.018766 0.852416
v 0.297139 0.011469 0.881025
v 0.279560 0.004548 0.913325
v 0.267854 -0.001722 0.947899
v 0.262644 -0.007067 0.983327
v 0.264550 -0.011213 1.018190
v 0.343102 0.042273 0.813154
v 0.314223 0.035445 0.838892
v 0.290030 0.029332 0.870176
v 0.271197 0.024125 0.905448
v 0.258402 0.020015 0.943148
v 0.252320 0.017194 0.981718
v 0.253629 0.015851 1.019599
v 0.339004 0.060432 0.795212
v 0.308659 0.053806 0.823410
v 0.283026 0.048591 0.857613
v 0.262842 0.044902 0.896107
v 0.248845 0.042851 0.937180
v 0.241771 0.042552 0.979117
v 0.242358 0.044119 1.020206
v 0.328995 -0.120265 1.038992
v 0.351637 -0.128417 1.056939
v 0.378696 -0.134454 1.071857
v 0.408868 -0.138266 1.083346
v 0.440849 -0.139742 1.091003
v 0.473334 -0.138771 1.094427
v 0.505021 -0.135242 1.093217
v 0.320937 -0.099007 1.052718
v 0.343999 -0.105482 1.072599
v 0.371698 -0.110010 1.089116
v 0.402693 -0.112529 1.101827
v 0.435641 -0.112975 1.110288
v 0.469200 -0.111287 1.114056
v 0.502029 -0.107403 1.112688
v 0.312013 -0.074028 1.063920
v 0.335557 -0.078504 1.085730
v 0.363977 -0.081218 1.103827
v 0.395889 -0.082165 1.117728
v 0.429907 -0.081344 1.126953
v 0.464646 -0.078751 1.131019
v 0.498723 -0.074382 1.129444
v 0.302293 -0.045823 1.073083
v 0.326343 -0.047952 1.096822
v 0.355523 -0.048499 1.116475
v 0.388404 -0.047532 1.131525
v 0.423554 -0.045122 1.141457
v 0.459542 -0.041338 1.145754
v 0.494937 -0.036249 1.143902
v 0.291851 -0.014885 1.080691
v 0.316387 -0.014295 1.106365
v 0.346326 -0.012275 1.127548
v 0.380186 -0.008984 1.143694
v 0.416490 -0.004581 1.154260
v 0.453757 0.000774 1.158702
v 0.490508 0.006924 1.156474
v 0.280756 0.018293 1.087226
v 0.305722 0.022000 1.114848
v 0.336374 0.027032 1.137532
v 0.371183 0.033123 1.154712
v 0.408621 0.040004 1.165824
v 0.447159 0.047409 1.170300
v 0.485270 0.055068 1.167577
v 0.269082 0.053216 1.093174
v 0.294379 0.060461 1.122760
v 0.325658 0.069000 1.146914
v 0.361342 0.078434 1.165056
v 0.399855 0.088363 1.176607
v 0.439620 0.098388 1.180989
v 0.479058 0.108111 1.177623
v 0.560922 -0.120182 1.075515
v 0.583382 -0.109123 1.059578
v 0.601530 -0.096453 1.040119
v 0.614914 -0.082755 1.018095
v 0.623083 -0.068613 0.994465
v 0.625585 -0.054611 0.970185
v 0.621967 -0.041334 0.946213
v 0.560270 -0.092891 1.093021
v 0.583852 -0.082720 1.075341
v 0.603045 -0.071264 1.053759
v 0.617361 -0.059041 1.029338
v 0.626311 -0.046569 1.003139
v 0.629410 -0.034368 0.976222
v 0.626168 -0.022954 0.949648
v 0.559491 -0.060380 1.107723
v 0.584273 -0.051186 1.088258
v 0.604575 -0.041097 1.064518
v 0.619871 -0.030555 1.037666
v 0.629638 -0.020004 1.008867
v 0.633351 -0.009886 0.979284
v 0.630487 -0.000645 0.950082
v 0.558369 -0.022486 1.119981
v 0.584414 -0.014243 1.098664
v 0.605880 -0.005561 1.072699
v 0.622206 0.003198 1.043355
v 0.632831 0.011672 1.011899
v 0.637193 0.019496 0.979597
v 0.634730 0.026309 0.947717
v 0.556691 0.020951 1.130154
v 0.584044 0.028387 1.106889
v 0.606722 0.035736 1.078608
v 0.624128 0.042717 1.046682
v 0.635659 0.049047 1.012484
v 0.640718 0.054444 0.977384
v 0.638705 0.058627 0.942752
v 0.554239 0.070091 1.138604
v 0.582932 0.076983 1.113266
v 0.606864 0.083186 1.082548
v 0.625396 0.088496 1.047925
v 0.637891 0.092709 1.010874
v 0.643710 0.095621 0.972870
v 0.642216 0.097027 0.935389
v 0.550800 0.125095 1.145691
v 0.580850 0.131822 1.118129
v 0.606067 0.137180 1.084825
v 0.625773 0.141033 1.047361
v 0.639294 0.143248 1.007318
v 0.645952 0.143690 0.966279
v 0.645070 0.142225 0.925826
v 0.594856 -0.019210 0.902934
v 0.572214 -0.011059 0.884985
v 0.545157 -0.005022 0.870064
v 0.514986 -0.001210 0.858573
v 0.483007 0.000266 0.850912
v 0.450523 -0.000706 0.847485
v 0.418837 -0.004235 0.848694
v 0.599018 -0.004487 0.901670
v 0.575962 0.001986 0.881774
v 0.548273 0.006510 0.865236
v 0.517289 0.009025 0.852501
v 0.484353 0.009468 0.844016
v 0.450803 0.007777 0.840227
v 0.417981 0.003890 0.841580
v 0.603245 0.013508 0.897364
v 0.579724 0.017976 0.875504
v 0.551336 0.020678 0.857336
v 0.519462 0.021613 0.843354
v 0.485482 0.020779 0.834048
v 0.450775 0.018174 0.829911
v 0.416722 0.013797 0.831435
v 0.607415 0.035522 0.890172
v 0.583421 0.037632 0.866314
v 0.554318 0.038152 0.846494
v 0.521526 0.037154 0.831251
v 0.486465 0.034714 0.821127
v 0.450555 0.030903 0.816662
v 0.415214 0.025795 0.818396
v 0.611404 0.062299 0.880252
v 0.586975 0.061672 0.854346
v 0.557188 0.059600 0.832836
v 0.523501 0.056249 0.816314
v 0.487372 0.051787 0.805372
v 0.450256 0.046379 0.800603
v 0.413613 0.040192 0.802599
v 0.615089 0.094585 0.867761
v 0.590308 0.090815 0.839740
v 0.559919 0.085692 0.816490
v 0.525410 0.079498 0.798661
v 0.488273 0.072513 0.786900
v 0.449996 0.065019 0.781858
v 0.412072 0.057296 0.784181
v 0.618346 0.133127 0.852859
v 0.593344 0.125781 0.822636
v 0.562481 0.117099 0.797584
v 0.527273 0.107501 0.778412
v 0.489238 0.097408 0.765831
v 0.449890 0.087240 0.760550
v 0.410745 0.077416 0.763281
v 0.332174 0.103072 0.753376
v 0.298788 0.095313 0.787313
v 0.270043 0.090628 0.828283
v 0.246818 0.089003 0.874193
v 0.229994 0.090426 0.922951
v 0.220460 0.094886 0.972479
v 0.219106 0.102377 1.020699
v 0.329001 0.126853 0.728729
v 0.294013 0.117740 0.766074
v 0.263542 0.112662 0.811140
v 0.238531 0.111539 0.861518
v 0.219936 0.114299 0.914819
v 0.208769 0.120901 0.968739
v 0.206056 0.131312 1.020995
v 0.325172 0.151290 0.700400
v 0.288481 0.140412 0.741629
v 0.256105 0.134604 0.791530
v 0.229018 0.133695 0.847181
v 0.208241 0.137539 0.905728
v 0.194987 0.146093 0.964604
v 0.190515 0.159339 1.021310
v 0.320041 0.175605 0.667446
v 0.281510 0.162646 0.713122
v 0.246995 0.155859 0.768802
v 0.217453 0.154934 0.830760
v 0.193953 0.159621 0.895442
v 0.178015 0.169915 0.959964
v 0.171272 0.185868 1.021612
v 0.312749 0.199023 0.628830
v 0.272191 0.183726 0.679989
v 0.235334 0.175787 0.742593
v 0.203008 0.174667 0.811859
v 0.176235 0.179954 0.883467
v 0.156875 0.191736 0.954327
v 0.147063 0.210232 1.021597
v 0.301599 0.220768 0.583151
v 0.258721 0.202781 0.642817
v 0.219683 0.193558 0.713691
v 0.184842 0.192101 0.790164
v 0.154741 0.197678 0.868277
v 0.131086 0.210596 0.945660
v 0.116420 0.231457 1.019870
v 0.283716 0.239586 0.530361
v 0.238677 0.218663 0.603480
v 0.198409 0.208266 0.683294
v 0.162112 0.206395 0.765382
v 0.129302 0.211839 0.847994
v 0.100729 0.225214 0.930808
v 0.078444 0.247925 1.013218
v 0.244071 0.126293 1.105157
v 0.269605 0.141969 1.138743
v 0.301750 0.159174 1.165722
v 0.338829 0.177167 1.185518
v 0.379171 0.195204 1.197559
v 0.421110 0.212541 1.201269
v 0.462986 0.228433 1.196074
v 0.229634 0.163269 1.111672
v 0.255179 0.183819 1.147266
v 0.287686 0.206187 1.175542
v 0.325384 0.229411 1.195957
v 0.366517 0.252524 1.207963
v 0.409401 0.274544 1.211004
v 0.452369 0.294484 1.204518
v 0.212414 0.199635 1.118560
v 0.238079 0.225447 1.156121
v 0.271115 0.253476 1.185550
v 0.309556 0.282502 1.206360
v 0.351497 0.311291 1.218059
v 0.395269 0.338552 1.220114
v 0.439264 0.362979 1.211984
v 0.191238 0.234707 1.125816
v 0.217279 0.266126 1.165272
v 0.251175 0.300269 1.195653
v 0.290625 0.335617 1.216572
v 0.333469 0.370615 1.227622
v 0.378107 0.403571 1.228303
v 0.423079 0.432762 1.218095
v 0.164857 0.267927 1.133488
v 0.191837 0.305348 1.174771
v 0.227106 0.345962 1.205845
v 0.267878 0.387957 1.226510
v 0.311691 0.429493 1.236502
v 0.357120 0.468461 1.235327
v 0.403004 0.502634 1.222447
v 0.131715 0.299237 1.141830
v 0.161166 0.343481 1.185042
v 0.198550 0.390609 1.216475
v 0.240625 0.438809 1.236388
v 0.285017 0.486466 1.244847
v 0.330779 0.531486 1.241148
v 0.377346 0.571239 1.224513
v 0.090661 0.329530 1.151867
v 0.125139 0.381531 1.196929
v 0.165295 0.434484 1.228016
v 0.208181 0.487482 1.246497
v 0.252177 0.539921 1.252908
v 0.297167 0.590414 1.246011
v 0.343598 0.636587 1.224142
v 0.540051 0.253017 1.157064
v 0.572818 0.260938 1.124480
v 0.600682 0.265868 1.085454
v 0.622883 0.267781 1.041792
v 0.638666 0.266650 0.995299
v 0.647280 0.262449 0.947765
v 0.647977 0.255154 0.900977
v 0.532027 0.324346 1.161147
v 0.566220 0.333331 1.125674
v 0.595503 0.338358 1.083499
v 0.619047 0.339476 1.036594
v 0.636035 0.336736 0.986906
v 0.645707 0.330198 0.936277
v 0.647316 0.319925 0.886521
v 0.521590 0.398361 1.163464
v 0.557353 0.408202 1.124767
v 0.588203 0.412984 1.079268
v 0.613181 0.412898 1.029200
v 0.631375 0.408145 0.976708
v 0.642064 0.398956 0.923582
v 0.644569 0.385572 0.871526
v 0.508241 0.473310 1.163453
v 0.545799 0.483390 1.121132
v 0.578428 0.487150 1.072149
v 0.604955 0.485035 1.019138
v 0.624321 0.477511 0.964524
v 0.635908 0.465119 0.909894
v 0.639215 0.448417 0.856623
v 0.491467 0.547417 1.160284
v 0.531260 0.556602 1.113816
v 0.565971 0.558149 1.061231
v 0.594157 0.552873 1.005674
v 0.614616 0.541587 0.949885
v 0.626943 0.525292 0.895110
v 0.630928 0.505050 0.842192
v 0.470684 0.618790 1.152064
v 0.513928 0.625012 1.100563
v 0.551216 0.622832 1.044412
v 0.581044 0.613394 0.987025
v 0.602462 0.597597 0.931165
v 0.615447 0.576931 0.877886
v 0.620166 0.553134 0.827603
v 0.445878 0.685099 1.135695
v 0.494469 0.685395 1.078385
v 0.534735 0.677904 1.019239
v 0.565989 0.663576 0.961148
v 0.588173 0.642874 0.906416
v 0.601837 0.617642 0.856305
v 0.607611 0.590407 0.811446
v 0.623013 0.231311 0.816631
v 0.598135 0.215504 0.781710
v 0.566911 0.198084 0.752807
v 0.530873 0.179818 0.730772
v 0.491555 0.161475 0.716457
v 0.450496 0.143847 0.710733
v 0.409238 0.127729 0.714477
v 0.623738 0.288556 0.796738
v 0.599296 0.268381 0.759425
v 0.568284 0.246311 0.728410
v 0.532194 0.223205 0.704592
v 0.492529 0.199959 0.688903
v 0.450832 0.177628 0.682420
v 0.408659 0.157304 0.686253
v 0.622670 0.347261 0.777295
v 0.598972 0.323318 0.737717
v 0.568502 0.297148 0.704401
v 0.532643 0.269495 0.678241
v 0.492811 0.241236 0.660254
v 0.450565 0.213777 0.651934
v 0.407498 0.188656 0.654900
v 0.619248 0.404282 0.759575
v 0.596645 0.377715 0.717984
v 0.567099 0.348572 0.682126
v 0.531782 0.317161 0.652813
v 0.491953 0.284103 0.631141
v 0.449202 0.251273 0.619348
v 0.405203 0.220857 0.619959
v 0.613134 0.456882 0.744828
v 0.591985 0.429417 0.701699
v 0.563760 0.398950 0.663096
v 0.529322 0.365003 0.629692
v 0.489678 0.327700 0.602662
v 0.446406 0.289436 0.585146
v 0.401262 0.253217 0.580944
v 0.604875 0.503946 0.734209
v 0.585402 0.478050 0.690641
v 0.558772 0.448204 0.649474
v 0.525543 0.413129 0.611429
v 0.486387 0.372539 0.577764
v 0.442468 0.328968 0.551460
v 0.395328 0.285989 0.537268
v 0.595408 0.545174 0.729350
v 0.577545 0.523911 0.686891
v 0.552581 0.496671 0.643614
v 0.520870 0.461972 0.600869
v 0.482716 0.419545 0.560011
v 0.438327 0.371464 0.522037
v 0.388018 0.320861 0.490205
v -0.164110 -0.088246 -0.109796
v -0.150829 -0.075691 -0.113262
v -0.142711 -0.061867 -0.117591
v -0.139771 -0.047382 -0.122564
v -0.142023 -0.032845 -0.127965
v -0.149482 -0.018865 -0.133575
v -0.162162 -0.006051 -0.139177
v -0.166000 -0.091153 -0.087672
v -0.152617 -0.077675 -0.092805
v -0.144394 -0.062823 -0.098923
v -0.141348 -0.047251 -0.105733
v -0.143499 -0.031614 -0.112940
v -0.150865 -0.016566 -0.120250
v -0.163464 -0.002763 -0.127369
v -0.167698 -0.092776 -0.065040
v -0.154200 -0.078527 -0.072051
v -0.145860 -0.062808 -0.080186
v -0.142702 -0.046315 -0.089066
v -0.144749 -0.029739 -0.098309
v -0.152024 -0.013776 -0.107537
v -0.164550 0.000880 -0.116368
v -0.169047 -0.092535 -0.042434
v -0.155421 -0.077709 -0.051483
v -0.146959 -0.061335 -0.061809
v -0.143689 -0.044136 -0.072937
v -0.145638 -0.026835 -0.084393
v -0.152834 -0.010157 -0.095705
v -0.165305 0.005174 -0.106397
v -0.169892 -0.089847 -0.020390
v -0.156127 -0.074686 -0.031588
v -0.147540 -0.057915 -0.044222
v -0.144164 -0.040277 -0.057721
v -0.146030 -0.022514 -0.071512
v -0.153170 -0.005369 -0.085021
v -0.165616 0.010415 -0.097678
v -0.170076 -0.084130 0.000555
v -0.156161 -0.068919 -0.012849
v -0.147451 -0.052060 -0.027856
v -0.143983 -0.034301 -0.043792
v -0.145790 -0.016389 -0.059983
v -0.152907 0.000926 -0.075756
v -0.165369 0.016896 -0.090435
v -0.169441 -0.074802 0.019866
v -0.155369 -0.059873 0.004248
v -0.146543 -0.043283 -0.013141
v -0.143002 -0.025770 -0.031525
v -0.144781 -0.008074 -0.050129
v -0.151918 0.009067 -0.068175
v -0.164451 0.024915 -0.084890
v -0.203024 0.013743 -0.149504
v -0.229923 0.020102 -0.153905
v -0.259476 0.024051 -0.157649
v -0.290384 0.025577 -0.160629
v -0.321350 0.024668 -0.162738
v -0.351076 0.021311 -0.163870
v -0.378263 0.015492 -0.163918
v -0.204221 0.018598 -0.139891
v -0.231097 0.025485 -0.144901
v -0.260647 0.029785 -0.148933
v -0.291571 0.031482 -0.151888
v -0.322570 0.030561 -0.153667
v -0.352345 0.027004 -0.154170
v -0.379597 0.020796 -0.153299
v -0.205228 0.023613 -0.131368
v -0.232103 0.030975 -0.137066
v -0.261673 0.035603 -0.141426
v -0.292638 0.037475 -0.144355
v -0.323696 0.036573 -0.145764
v -0.353546 0.032876 -0.145560
v -0.380888 0.026363 -0.143654
v -0.205960 0.029020 -0.124094
v -0.232867 0.036784 -0.130543
v -0.262494 0.041704 -0.135260
v -0.293538 0.043755 -0.138165
v -0.324692 0.042910 -0.139175
v -0.354652 0.039145 -0.138207
v -0.382114 0.032434 -0.135180
v -0.206327 0.035048 -0.118225
v -0.233314 0.043123 -0.125469
v -0.263049 0.048290 -0.130570
v -0.294221 0.050518 -0.133454
v -0.325519 0.049774 -0.134047
v -0.355634 0.046029 -0.132278
v -0.383255 0.039251 -0.128072
v -0.206243 0.041928 -0.113920
v -0.233371 0.050203 -0.121988
v -0.263276 0.055560 -0.127487
v -0.294639 0.057962 -0.130355
v -0.326142 0.057371 -0.130526
v -0.356465 0.053748 -0.127938
v -0.384290 0.047056 -0.122526
v -0.205619 0.049890 -0.111336
v -0.232962 0.058234 -0.120238
v -0.263114 0.063714 -0.126146
v -0.294744 0.066286 -0.129005
v -0.326521 0.065904 -0.128759
v -0.357117 0.062521 -0.125355
v -0.385199 0.056091 -0.118738
v -0.420045 -0.003478 -0.160389
v -0.433326 -0.016033 -0.156923
v -0.441444 -0.029857 -0.152594
v -0.444384 -0.044342 -0.147620
v -0.442132 -0.058879 -0.142220
v -0.434673 -0.072859 -0.136610
v -0.421993 -0.085673 -0.131008
v -0.421549 0.000472 -0.147100
v -0.434932 -0.013006 -0.141967
v -0.443155 -0.027858 -0.135849
v -0.446201 -0.043430 -0.129039
v -0.444050 -0.059067 -0.121833
v -0.436684 -0.074115 -0.114523
v -0.424085 -0.087918 -0.107403
v -0.423051 0.004926 -0.134448
v -0.436548 -0.009323 -0.127437
v -0.444888 -0.025042 -0.119302
v -0.448046 -0.041535 -0.110422
v -0.445999 -0.058111 -0.101178
v -0.438725 -0.074073 -0.091951
v -0.426199 -0.088730 -0.083120
v -0.424534 0.010199 -0.122712
v -0.438160 -0.004627 -0.113662
v -0.446622 -0.021002 -0.103336
v -0.449892 -0.038201 -0.092208
v -0.447943 -0.055501 -0.080752
v -0.440747 -0.072179 -0.069441
v -0.428276 -0.087511 -0.058748
v -0.425983 0.016600 -0.112169
v -0.439749 0.001439 -0.100972
v -0.448335 -0.015332 -0.088337
v -0.451712 -0.032970 -0.074838
v -0.449846 -0.050733 -0.061048
v -0.442705 -0.067877 -0.047538
v -0.430260 -0.083661 -0.034881
v -0.427384 0.024443 -0.103100
v -0.441299 0.009233 -0.089696
v -0.450008 -0.007627 -0.074689
v -0.453477 -0.025386 -0.058753
v -0.451670 -0.043298 -0.042562
v -0.444553 -0.060613 -0.026789
v -0.432091 -0.076583 -0.012110
v -0.428722 0.034040 -0.095782
v -0.442794 0.019111 -0.080164
v -0.451619 0.002521 -0.062775
v -0.455161 -0.014992 -0.044391
v -0.453382 -0.032688 -0.025787
v -0.446244 -0.049829 -0.007741
v -0.433712 -0.065677 0.008974
v -0.381130 -0.105468 -0.120681
v -0.354231 -0.111826 -0.116280
v -0.324679 -0.115775 -0.112536
v -0.293771 -0.117301 -0.109556
v -0.262804 -0.116392 -0.107447
v -0.233079 -0.113035 -0.106314
v -0.205891 -0.107216 -0.106266
v -0.383328 -0.109279 -0.094881
v -0.356452 -0.116166 -0.089872
v -0.326902 -0.120466 -0.085839
v -0.295978 -0.122163 -0.082884
v -0.264979 -0.121242 -0.081105
v -0.235204 -0.117685 -0.080602
v -0.207952 -0.111477 -0.081473
v -0.385520 -0.111463 -0.068119
v -0.358645 -0.118825 -0.062421
v -0.329075 -0.123452 -0.058062
v -0.298110 -0.125325 -0.055132
v -0.267052 -0.124423 -0.053724
v -0.237202 -0.120726 -0.053927
v -0.209861 -0.114212 -0.055833
v -0.387621 -0.111356 -0.041052
v -0.360714 -0.119121 -0.034603
v -0.331087 -0.124041 -0.029885
v -0.300043 -0.126091 -0.026980
v -0.268889 -0.125246 -0.025970
v -0.238929 -0.121481 -0.026938
v -0.211467 -0.114770 -0.029965
v -0.389548 -0.108294 -0.014335
v -0.362561 -0.116370 -0.007090
v -0.332827 -0.121537 -0.001989
v -0.301655 -0.123764 0.000894
v -0.270356 -0.123021 0.001488
v -0.240241 -0.119276 -0.000282
v -0.212621 -0.112498 -0.004487
v -0.391217 -0.101614 0.011375
v -0.364089 -0.109889 0.019443
v -0.334184 -0.115247 0.024943
v -0.302821 -0.117649 0.027810
v -0.271318 -0.117058 0.027981
v -0.240995 -0.113435 0.025393
v -0.213170 -0.106743 0.019981
v -0.392544 -0.090653 0.035420
v -0.365200 -0.098996 0.044322
v -0.335049 -0.104477 0.050230
v -0.303419 -0.107049 0.053089
v -0.271641 -0.106666 0.052843
v -0.241046 -0.103283 0.049439
v -0.212963 -0.096853 0.042822
v -0.180260 -0.061129 -0.230839
v -0.171198 -0.056700 -0.231289
v -0.165445 -0.051654 -0.231815
v -0.163406 -0.046304 -0.232053
v -0.165412 -0.040942 -0.231826
v -0.171133 -0.035861 -0.231311
v -0.180167 -0.031376 -0.230870
v -0.171530 -0.063544 -0.222051
v -0.160605 -0.058348 -0.221798
v -0.153929 -0.052512 -0.221897
v -0.151643 -0.046353 -0.222029
v -0.153884 -0.040180 -0.222008
v -0.160518 -0.034303 -0.222014
v -0.171405 -0.029037 -0.222364
v -0.165251 -0.066445 -0.211424
v -0.153274 -0.060334 -0.210837
v -0.146033 -0.053545 -0.210723
v -0.143583 -0.046409 -0.210860
v -0.145967 -0.039256 -0.211104
v -0.153144 -0.032418 -0.211584
v -0.165064 -0.026227 -0.212504
v -0.161270 -0.069716 -0.198921
v -0.148754 -0.062594 -0.198315
v -0.141204 -0.054728 -0.198232
v -0.138648 -0.046481 -0.198539
v -0.141101 -0.038215 -0.199141
v -0.148551 -0.030293 -0.200096
v -0.160977 -0.023078 -0.201497
v -0.159456 -0.073271 -0.184547
v -0.146626 -0.065069 -0.184190
v -0.138886 -0.056038 -0.184396
v -0.136248 -0.046580 -0.185081
v -0.138724 -0.037100 -0.186176
v -0.146310 -0.028003 -0.187675
v -0.158999 -0.019692 -0.189589
v -0.159359 -0.077010 -0.168364
v -0.146343 -0.067693 -0.168524
v -0.138478 -0.057445 -0.169298
v -0.135773 -0.046717 -0.170607
v -0.138234 -0.035962 -0.172378
v -0.145864 -0.025633 -0.174554
v -0.158667 -0.016184 -0.177086
v -0.160446 -0.080833 -0.150447
v -0.147324 -0.070397 -0.151409
v -0.139373 -0.058918 -0.153049
v -0.136601 -0.046901 -0.155261
v -0.139016 -0.034851 -0.157942
v -0.146624 -0.023273 -0.160991
v -0.159434 -0.012673 -0.164306
v -0.209838 -0.025728 -0.233812
v -0.231096 -0.024431 -0.237255
v -0.255390 -0.023693 -0.240745
v -0.281277 -0.023408 -0.243736
v -0.307250 -0.023531 -0.245870
v -0.331760 -0.024117 -0.247203
v -0.353289 -0.025281 -0.247988
v -0.206257 -0.021588 -0.225879
v -0.229414 -0.019528 -0.228961
v -0.255103 -0.018343 -0.232212
v -0.282116 -0.017912 -0.235181
v -0.309189 -0.018171 -0.237548
v -0.335024 -0.019191 -0.239379
v -0.358348 -0.021102 -0.240881
v -0.202868 -0.017048 -0.216475
v -0.227591 -0.014297 -0.219403
v -0.254721 -0.012670 -0.222526
v -0.283081 -0.012082 -0.225511
v -0.311482 -0.012479 -0.228099
v -0.338707 -0.013922 -0.230312
v -0.363538 -0.016504 -0.232249
v -0.200471 -0.012150 -0.205954
v -0.226293 -0.008756 -0.208871
v -0.254597 -0.006707 -0.211952
v -0.284158 -0.005960 -0.214964
v -0.313746 -0.006486 -0.217709
v -0.342116 -0.008324 -0.220143
v -0.368022 -0.011524 -0.222261
v -0.199453 -0.006975 -0.194669
v -0.225944 -0.002958 -0.197677
v -0.254992 -0.000506 -0.200778
v -0.285329 0.000395 -0.203805
v -0.315688 -0.000245 -0.206602
v -0.344794 -0.002447 -0.209079
v -0.371369 -0.006235 -0.211163
v -0.199580 -0.001656 -0.182999
v -0.226406 0.002968 -0.186195
v -0.255831 0.005807 -0.189375
v -0.286568 0.006860 -0.192403
v -0.317327 0.006124 -0.195148
v -0.346819 0.003589 -0.197500
v -0.373752 -0.000759 -0.199352
v -0.200467 0.003658 -0.171330
v -0.227402 0.008875 -0.174818
v -0.256959 0.012090 -0.178131
v -0.287843 0.013295 -0.181150
v -0.318758 0.012482 -0.183756
v -0.348406 0.009643 -0.185831
v -0.375491 0.004767 -0.187259
v -0.382995 -0.030744 -0.250914
v -0.391795 -0.035174 -0.253117
v -0.397335 -0.040220 -0.254745
v -0.399290 -0.045569 -0.255363
v -0.397369 -0.050931 -0.254734
v -0.391861 -0.056012 -0.253096
v -0.383089 -0.060498 -0.250883
v -0.393254 -0.028329 -0.244247
v -0.404027 -0.033526 -0.246034
v -0.410566 -0.039361 -0.247326
v -0.412793 -0.045520 -0.247788
v -0.410610 -0.051693 -0.247216
v -0.404114 -0.057571 -0.245818
v -0.393378 -0.062836 -0.243934
v -0.401427 -0.025428 -0.235710
v -0.413322 -0.031539 -0.237128
v -0.420482 -0.038328 -0.238056
v -0.422896 -0.045464 -0.238283
v -0.420549 -0.052617 -0.237674
v -0.413452 -0.059455 -0.236381
v -0.401614 -0.065646 -0.234630
v -0.407653 -0.022157 -0.225504
v -0.420128 -0.029279 -0.226527
v -0.427636 -0.037145 -0.227028
v -0.430174 -0.045392 -0.226911
v -0.427740 -0.053658 -0.226119
v -0.420331 -0.061580 -0.224747
v -0.407946 -0.068795 -0.222929
v -0.412038 -0.018603 -0.213866
v -0.424851 -0.026804 -0.214400
v -0.432574 -0.035836 -0.214369
v -0.435203 -0.045293 -0.213764
v -0.432735 -0.054773 -0.212589
v -0.425167 -0.063870 -0.210914
v -0.412495 -0.072181 -0.208824
v -0.414992 -0.014863 -0.201152
v -0.428003 -0.024180 -0.201044
v -0.435862 -0.034429 -0.200322
v -0.438565 -0.045157 -0.199036
v -0.436107 -0.055911 -0.197242
v -0.428481 -0.066240 -0.195014
v -0.415684 -0.075689 -0.192430
v -0.417001 -0.011040 -0.187747
v -0.430123 -0.021476 -0.186792
v -0.438073 -0.032955 -0.185159
v -0.440844 -0.044972 -0.182950
v -0.438430 -0.057022 -0.180266
v -0.430822 -0.068600 -0.177210
v -0.418013 -0.079200 -0.173888
v -0.353418 -0.066146 -0.247941
v -0.331897 -0.067443 -0.247151
v -0.307391 -0.068181 -0.245815
v -0.281419 -0.068465 -0.243680
v -0.255531 -0.068342 -0.240690
v -0.231233 -0.067756 -0.237203
v -0.209967 -0.066592 -0.233765
v -0.358527 -0.070286 -0.240420
v -0.335218 -0.072345 -0.238871
v -0.309391 -0.073530 -0.237011
v -0.282320 -0.073961 -0.234636
v -0.255305 -0.073703 -0.231676
v -0.229608 -0.072682 -0.228453
v -0.206436 -0.070771 -0.225417
v -0.363810 -0.074826 -0.230659
v -0.339005 -0.077576 -0.228562
v -0.311795 -0.079203 -0.226252
v -0.283399 -0.079791 -0.223632
v -0.255034 -0.079395 -0.220679
v -0.227889 -0.077952 -0.217653
v -0.203140 -0.075369 -0.214885
v -0.368451 -0.079723 -0.218471
v -0.342588 -0.083117 -0.215971
v -0.314243 -0.085166 -0.213308
v -0.284664 -0.085913 -0.210486
v -0.255095 -0.085387 -0.207551
v -0.226766 -0.083550 -0.204699
v -0.200901 -0.080349 -0.202164
v -0.372041 -0.084899 -0.203744
v -0.345533 -0.088915 -0.200913
v -0.316468 -0.091367 -0.197987
v -0.286122 -0.092268 -0.195041
v -0.255771 -0.091628 -0.192164
v -0.226683 -0.089427 -0.189510
v -0.200125 -0.085638 -0.187250
v -0.374770 -0.090217 -0.186517
v -0.347940 -0.094841 -0.183373
v -0.318509 -0.097680 -0.180246
v -0.287770 -0.098733 -0.177241
v -0.257013 -0.097997 -0.174472
v -0.227527 -0.095462 -0.172068
v -0.200599 -0.091114 -0.170164
v -0.376980 -0.095531 -0.166864
v -0.350044 -0.100749 -0.163383
v -0.320486 -0.103964 -0.160076
v -0.289602 -0.105168 -0.157060
v -0.258688 -0.104355 -0.154452
v -0.229041 -0.101516 -0.152370
v -0.201956 -0.096641 -0.150936
v 0.378703 -0.070681 0.709021
v 0.368600 -0.074201 0.707515
v 0.361313 -0.079463 0.706294
v 0.357305 -0.086149 0.705813
v 0.356988 -0.093938 0.706308
v 0.360195 -0.102333 0.707541
v 0.366712 -0.110815 0.709059
v 0.370571 -0.065722 0.717641
v 0.358434 -0.069531 0.716805
v 0.350017 -0.075303 0.716058
v 0.345538 -0.082677 0.715772
v 0.345223 -0.091293 0.716165
v 0.349081 -0.100726 0.717015
v 0.357129 -0.110554 0.717944
v 0.364693 -0.061097 0.728062
v 0.351268 -0.065506 0.727715
v 0.342017 -0.072026 0.727406
v 0.337091 -0.080267 0.727373
v 0.336634 -0.089838 0.727768
v 0.340742 -0.100331 0.728424
v 0.349507 -0.111339 0.729087
v 0.360895 -0.056993 0.740036
v 0.346657 -0.062178 0.740098
v 0.336788 -0.069587 0.740226
v 0.331430 -0.078797 0.740531
v 0.330723 -0.089382 0.741083
v 0.334789 -0.100913 0.741777
v 0.343747 -0.112959 0.742465
v 0.359045 -0.053535 0.753270
v 0.344196 -0.059573 0.753754
v 0.333805 -0.067928 0.754368
v 0.328020 -0.078140 0.755130
v 0.326990 -0.089745 0.756043
v 0.330855 -0.102282 0.757034
v 0.339755 -0.115285 0.758014
v 0.358741 -0.050696 0.767370
v 0.343394 -0.057627 0.768350
v 0.332529 -0.066951 0.769554
v 0.326309 -0.078168 0.770937
v 0.324895 -0.090776 0.772449
v 0.328447 -0.104274 0.774018
v 0.337124 -0.118161 0.775568
v 0.359514 -0.048412 0.781918
v 0.343731 -0.056252 0.783519
v 0.332413 -0.066545 0.785474
v 0.325739 -0.078750 0.787690
v 0.323889 -0.092326 0.790071
v 0.327041 -0.106732 0.792519
v 0.335375 -0.121426 0.794937
v 0.392038 -0.126914 0.709072
v 0.411373 -0.134882 0.707566
v 0.433760 -0.142855 0.706344
v 0.457807 -0.150463 0.705860
v 0.482090 -0.157283 0.706350
v 0.505184 -0.162889 0.707577
v 0.525723 -0.166826 0.709088
v 0.386683 -0.130082 0.718046
v 0.407492 -0.139367 0.717215
v 0.431007 -0.148165 0.716458
v 0.456049 -0.156213 0.716146
v 0.481409 -0.163196 0.716503
v 0.505908 -0.168716 0.717303
v 0.528414 -0.172348 0.718173
v 0.381292 -0.133333 0.729430
v 0.403325 -0.143679 0.729099
v 0.428031 -0.153250 0.728754
v 0.454274 -0.161780 0.728638
v 0.480920 -0.168977 0.728906
v 0.506861 -0.174467 0.729396
v 0.531000 -0.177852 0.729860
v 0.376608 -0.136897 0.743278
v 0.399466 -0.148052 0.743378
v 0.425131 -0.158252 0.743420
v 0.452439 -0.167190 0.743528
v 0.480231 -0.174550 0.743780
v 0.507363 -0.179968 0.744083
v 0.532691 -0.183067 0.744297
v 0.372998 -0.140855 0.759602
v 0.396293 -0.152626 0.760161
v 0.422524 -0.163271 0.760608
v 0.450505 -0.172457 0.760984
v 0.479047 -0.179848 0.761311
v 0.506969 -0.185085 0.761537
v 0.533092 -0.187807 0.761593
v 0.370265 -0.145118 0.778312
v 0.393685 -0.157343 0.779421
v 0.420146 -0.168268 0.780337
v 0.448446 -0.177548 0.781052
v 0.477383 -0.184839 0.781552
v 0.505758 -0.189790 0.781799
v 0.532372 -0.192051 0.781752
v 0.368068 -0.149551 0.799295
v 0.391400 -0.162098 0.801098
v 0.417860 -0.173167 0.802597
v 0.446240 -0.182416 0.803752
v 0.475334 -0.189503 0.804525
v 0.503939 -0.194085 0.804874
v 0.530847 -0.195819 0.804757
v 0.555734 -0.167246 0.709083
v 0.565837 -0.163726 0.707567
v 0.573124 -0.158464 0.706335
v 0.577132 -0.151778 0.705841
v 0.577449 -0.143990 0.706321
v 0.574242 -0.135594 0.707541
v 0.567725 -0.127113 0.709045
v 0.563866 -0.172205 0.718132
v 0.576003 -0.168397 0.717221
v 0.584420 -0.162624 0.716383
v 0.588899 -0.155250 0.715993
v 0.589214 -0.146634 0.716276
v 0.585356 -0.137201 0.717011
v 0.577308 -0.127373 0.717828
v 0.569744 -0.176831 0.729720
v 0.583169 -0.172421 0.729120
v 0.592420 -0.165901 0.728503
v 0.597346 -0.157660 0.728121
v 0.597803 -0.148089 0.728141
v 0.593695 -0.137596 0.728412
v 0.584930 -0.126589 0.728695
v 0.573542 -0.180934 0.743965
v 0.587781 -0.175749 0.743428
v 0.597649 -0.168340 0.742825
v 0.603007 -0.159131 0.742303
v 0.603714 -0.148546 0.741967
v 0.599648 -0.137015 0.741749
v 0.590690 -0.124968 0.741536
v 0.575392 -0.184392 0.760943
v 0.590241 -0.178354 0.760258
v 0.600632 -0.169999 0.759444
v 0.606417 -0.159788 0.758590
v 0.607447 -0.148182 0.757769
v 0.603583 -0.135645 0.756978
v 0.594682 -0.122643 0.756199
v 0.575696 -0.187231 0.780630
v 0.591043 -0.180301 0.779590
v 0.601908 -0.170977 0.778326
v 0.608129 -0.159760 0.776916
v 0.609542 -0.147151 0.775431
v 0.605990 -0.133653 0.773922
v 0.597313 -0.119767 0.772431
v 0.574923 -0.189515 0.802975
v 0.590706 -0.181675 0.801367
v 0.602024 -0.171382 0.799404
v 0.608698 -0.159177 0.797184
v 0.610548 -0.145601 0.794807
v 0.607396 -0.131196 0.792366
v 0.599063 -0.116501 0.789956
v 0.542399 -0.111013 0.709032
v 0.523064 -0.103046 0.707516
v 0.500677 -0.095073 0.706285
v 0.476630 -0.087464 0.705794
v 0.452347 -0.080644 0.706279
v 0.429253 -0.075038 0.707505
v 0.408714 -0.071101 0.709016
v 0.547755 -0.107846 0.717727
v 0.526945 -0.098560 0.716811
v 0.503430 -0.089763 0.715984
v 0.478389 -0.081714 0.715618
v 0.453028 -0.074732 0.715939
v 0.428529 -0.069211 0.716723
v 0.406023 -0.065579 0.717599
v 0.553145 -0.104594 0.728352
v 0.531112 -0.094249 0.727736
v 0.506406 -0.084678 0.727155
v 0.480163 -0.076147 0.726856
v 0.453517 -0.068950 0.727003
v 0.427576 -0.063460 0.727439
v 0.403437 -0.060075 0.727922
v 0.557829 -0.101031 0.740723
v 0.534971 -0.089875 0.740148
v 0.509306 -0.079676 0.739630
v 0.481998 -0.070737 0.739306
v 0.454206 -0.063377 0.739270
v 0.427074 -0.057959 0.739443
v 0.401746 -0.054860 0.739704
v 0.561439 -0.097072 0.754611
v 0.538145 -0.085301 0.753852
v 0.511913 -0.074656 0.753204
v 0.483932 -0.065470 0.752737
v 0.455390 -0.058080 0.752501
v 0.427468 -0.052842 0.752476
v 0.401345 -0.050120 0.752620
v 0.564173 -0.092810 0.769687
v 0.540752 -0.080584 0.768519
v 0.514291 -0.069660 0.767543
v 0.485991 -0.060380 0.766801
v 0.457054 -0.053088 0.766329
v 0.428679 -0.048137 0.766141
v 0.402065 -0.045877 0.766248
v 0.566369 -0.088376 0.785598
v 0.543037 -0.075829 0.783787
v 0.516577 -0.064760 0.782281
v 0.488197 -0.055511 0.781122
v 0.459102 -0.048424 0.780352
v 0.430498 -0.043842 0.780011
v 0.403590 -0.042108 0.780136
v 0.362464 -0.045228 0.810696
v 0.345817 -0.054839 0.814097
v 0.333546 -0.066974 0.818249
v 0.325873 -0.081016 0.822948
v 0.323018 -0.096350 0.827991
v 0.325202 -0.112359 0.833172
v 0.332647 -0.128427 0.838287
v 0.364029 -0.044011 0.824141
v 0.346897 -0.054423 0.828741
v 0.334093 -0.067367 0.834359
v 0.325861 -0.082194 0.840716
v 0.322447 -0.098256 0.847538
v 0.324094 -0.114905 0.854548
v 0.331047 -0.131493 0.861468
v 0.365446 -0.042719 0.836464
v 0.347778 -0.053829 0.842429
v 0.334395 -0.067452 0.849712
v 0.325564 -0.082915 0.857956
v 0.321555 -0.099544 0.866801
v 0.322639 -0.116668 0.875890
v 0.329083 -0.133611 0.884863
v 0.366573 -0.041099 0.847298
v 0.348310 -0.052765 0.854762
v 0.334294 -0.066896 0.863876
v 0.324821 -0.082803 0.874192
v 0.320187 -0.099795 0.885260
v 0.320687 -0.117182 0.896632
v 0.326617 -0.134274 0.907861
v 0.367267 -0.038900 0.856278
v 0.348341 -0.050944 0.865345
v 0.333635 -0.065370 0.876417
v 0.323475 -0.081483 0.888949
v 0.318184 -0.098586 0.902395
v 0.318087 -0.115982 0.916211
v 0.323508 -0.132974 0.929851
v 0.367387 -0.035870 0.863035
v 0.347718 -0.048075 0.873780
v 0.332260 -0.062543 0.886901
v 0.321367 -0.078580 0.901752
v 0.315392 -0.095497 0.917687
v 0.314690 -0.112601 0.934060
v 0.319615 -0.129202 0.950224
v 0.366790 -0.031755 0.867203
v 0.346291 -0.043871 0.879671
v 0.330011 -0.058083 0.894895
v 0.318337 -0.073719 0.912127
v 0.311654 -0.090106 0.930616
v 0.310346 -0.106574 0.949614
v 0.314799 -0.122451 0.968370
v 0.363962 -0.158322 0.847523
v 0.386848 -0.171211 0.851353
v 0.413028 -0.182280 0.854537
v 0.441296 -0.191207 0.856990
v 0.470447 -0.197669 0.858625
v 0.499277 -0.201343 0.859356
v 0.526581 -0.201906 0.859099
v 0.361605 -0.161950 0.873963
v 0.384250 -0.174863 0.879145
v 0.410281 -0.185801 0.883453
v 0.438494 -0.194456 0.886771
v 0.467684 -0.200519 0.888982
v 0.496647 -0.203682 0.889972
v 0.524179 -0.203634 0.889624
v 0.358888 -0.164329 0.901064
v 0.381311 -0.177138 0.907782
v 0.407223 -0.187838 0.913368
v 0.435418 -0.196136 0.917670
v 0.464691 -0.201742 0.920538
v 0.493835 -0.204362 0.921821
v 0.521646 -0.203706 0.921369
v 0.355703 -0.164882 0.928133
v 0.377944 -0.177436 0.936540
v 0.403789 -0.187773 0.943529
v 0.432027 -0.195619 0.948912
v 0.461449 -0.200705 0.952501
v 0.490845 -0.202760 0.954106
v 0.519005 -0.201510 0.953542
v 0.351941 -0.163033 0.954479
v 0.374061 -0.175156 0.964692
v 0.399912 -0.184987 0.973183
v 0.428277 -0.192277 0.979722
v 0.457939 -0.196781 0.984082
v 0.487680 -0.198249 0.986033
v 0.516283 -0.196436 0.985346
v 0.347495 -0.158205 0.979410
v 0.369575 -0.169697 0.991513
v 0.395529 -0.178863 1.001576
v 0.424129 -0.185483 1.009325
v 0.454144 -0.189337 1.014491
v 0.484345 -0.190207 1.016804
v 0.513502 -0.187871 1.015990
v 0.342256 -0.149823 1.002234
v 0.364397 -0.160458 1.016278
v 0.390574 -0.168782 1.027954
v 0.419539 -0.174607 1.036946
v 0.450045 -0.177745 1.042940
v 0.480843 -0.178007 1.045623
v 0.510687 -0.175206 1.044679
v 0.571958 -0.192564 0.855322
v 0.588606 -0.182953 0.851922
v 0.600876 -0.170819 0.847770
v 0.608550 -0.156776 0.843070
v 0.611405 -0.141442 0.838028
v 0.609220 -0.125433 0.832847
v 0.601776 -0.109365 0.827731
v 0.570292 -0.192835 0.884515
v 0.587424 -0.182422 0.879915
v 0.600228 -0.169479 0.874297
v 0.608460 -0.154652 0.867939
v 0.611874 -0.138590 0.861117
v 0.610227 -0.121941 0.854108
v 0.603274 -0.105353 0.847187
v 0.568599 -0.191559 0.914745
v 0.586266 -0.180449 0.908780
v 0.599650 -0.166826 0.901497
v 0.608481 -0.151363 0.893253
v 0.612489 -0.134733 0.884408
v 0.611406 -0.117610 0.875319
v 0.604961 -0.100666 0.866346
v 0.566934 -0.188176 0.945252
v 0.585197 -0.176511 0.937788
v 0.599213 -0.162380 0.928674
v 0.608686 -0.146473 0.918359
v 0.613321 -0.129481 0.907291
v 0.612820 -0.112094 0.895918
v 0.606890 -0.095002 0.884690
v 0.565354 -0.182129 0.975276
v 0.584280 -0.170086 0.966209
v 0.598985 -0.155660 0.955137
v 0.609146 -0.139547 0.942605
v 0.614436 -0.122444 0.929159
v 0.614534 -0.105048 0.915343
v 0.609113 -0.088056 0.901703
v 0.563911 -0.172859 1.004056
v 0.583581 -0.160653 0.993311
v 0.599039 -0.146186 0.980190
v 0.609932 -0.130148 0.965339
v 0.615906 -0.113232 0.949404
v 0.616608 -0.096127 0.933031
v 0.611684 -0.079527 0.916867
v 0.562663 -0.159806 1.030832
v 0.583163 -0.147690 1.018364
v 0.599442 -0.133478 1.003139
v 0.611116 -0.117842 0.985908
v 0.617800 -0.101455 0.967418
v 0.619108 -0.084987 0.948421
v 0.614655 -0.069110 0.929664
v 0.570461 -0.079470 0.818495
v 0.547574 -0.066581 0.814665
v 0.521394 -0.055512 0.811481
v 0.493127 -0.046585 0.809029
v 0.463976 -0.040123 0.807394
v 0.435146 -0.036449 0.806662
v 0.407841 -0.035886 0.806920
v 0.572716 -0.074896 0.834692
v 0.550071 -0.061983 0.829511
v 0.524039 -0.051045 0.825203
v 0.495827 -0.042389 0.821885
v 0.466637 -0.036326 0.819673
v 0.437674 -0.033164 0.818683
v 0.410142 -0.033212 0.819032
v 0.575157 -0.069949 0.850145
v 0.552734 -0.057139 0.843426
v 0.526822 -0.046439 0.837841
v 0.498627 -0.038141 0.833539
v 0.469354 -0.032536 0.830671
v 0.440210 -0.029915 0.829388
v 0.412399 -0.030572 0.829839
v 0.577805 -0.064394 0.864418
v 0.555563 -0.051840 0.856011
v 0.529719 -0.041503 0.849022
v 0.501481 -0.033657 0.843639
v 0.472059 -0.028570 0.840050
v 0.442662 -0.026516 0.838444
v 0.414502 -0.027766 0.839009
v 0.580680 -0.057997 0.877075
v 0.558560 -0.045874 0.866862
v 0.532709 -0.036043 0.858371
v 0.504344 -0.028753 0.851832
v 0.474682 -0.024249 0.847472
v 0.444941 -0.022781 0.845521
v 0.416338 -0.024594 0.846207
v 0.583804 -0.050523 0.887681
v 0.561724 -0.039032 0.875578
v 0.535770 -0.029866 0.865515
v 0.507170 -0.023246 0.857766
v 0.477155 -0.019391 0.852600
v 0.446954 -0.018522 0.850287
v 0.417797 -0.020857 0.851101
v 0.587198 -0.041738 0.895800
v 0.565057 -0.031103 0.881756
v 0.538879 -0.022779 0.870081
v 0.509914 -0.016954 0.861089
v 0.479409 -0.013816 0.855094
v 0.448610 -0.013554 0.852412
v 0.418766 -0.016355 0.853356
v -0.110177 0.861607 -0.388178
v -0.076172 0.845853 -0.388569
v -0.038903 0.836404 -0.388804
v 0.000000 0.833255 -0.388882
v 0.038903 0.836404 -0.388804
v 0.076172 0.845853 -0.388569
v 0.110177 0.861607 -0.388178
v -0.111792 0.861010 -0.369445
v -0.077294 0.845257 -0.370590
v -0.039477 0.835831 -0.371277
v 0.000000 0.832697 -0.371506
v 0.039477 0.835831 -0.371277
v 0.077294 0.845257 -0.370590
v 0.111792 0.861010 -0.369445
v -0.112889 0.859416 -0.352239
v -0.078065 0.843925 -0.354186
v -0.039874 0.834718 -0.355354
v 0.000000 0.831675 -0.355743
v 0.039874 0.834718 -0.355354
v 0.078065 0.843925 -0.354186
v 0.112889 0.859416 -0.352239
v -0.113957 0.855779 -0.336571
v -0.078827 0.840814 -0.339322
v -0.040271 0.832040 -0.340973
v -0.000000 0.829177 -0.341523
v 0.040271 0.832040 -0.340973
v 0.078827 0.840814 -0.339322
v 0.113957 0.855778 -0.336571
v -0.115427 0.848965 -0.322443
v -0.079813 0.834848 -0.325967
v -0.040761 0.826772 -0.328080
v -0.000000 0.824196 -0.328783
v 0.040761 0.826772 -0.328080
v 0.079813 0.834848 -0.325967
v 0.115427 0.848965 -0.322443
v -0.117503 0.837507 -0.309829
v -0.080809 0.824837 -0.314105
v -0.041111 0.817877 -0.316649
v -0.000000 0.815726 -0.317486
v 0.041111 0.817877 -0.316649
v 0.080809 0.824837 -0.314105
v 0.117503 0.837507 -0.309829
v -0.119910 0.819748 -0.298776
v -0.081273 0.809574 -0.303767
v -0.040978 0.804320 -0.306669
v -0.000000 0.802763 -0.307605
v 0.040978 0.804320 -0.306669
v 0.081273 0.809574 -0.303767
v 0.119910 0.819748 -0.298776
v 0.162132 0.911782 -0.386933
v 0.178452 0.944627 -0.386116
v 0.188245 0.980627 -0.385215
v 0.191514 1.018199 -0.384266
v 0.188260 1.055767 -0.383308
v 0.178479 1.091755 -0.382383
v 0.162168 1.124589 -0.381535
v 0.164475 0.911361 -0.365797
v 0.181016 0.944382 -0.363387
v 0.190952 0.980576 -0.360705
v 0.194300 1.018330 -0.357843
v 0.191067 1.056042 -0.354904
v 0.181231 1.092143 -0.352031
v 0.164760 1.125074 -0.349378
v 0.165996 0.909420 -0.346033
v 0.182650 0.942379 -0.341894
v 0.192681 0.978510 -0.337220
v 0.196144 1.016140 -0.332131
v 0.193068 1.053627 -0.326783
v 0.183374 1.089444 -0.321466
v 0.166959 1.122096 -0.316506
v 0.167385 0.905057 -0.327789
v 0.184101 0.937861 -0.321860
v 0.194222 0.973834 -0.315034
v 0.197879 1.011186 -0.307412
v 0.195139 1.048196 -0.299175
v 0.185818 1.083425 -0.290826
v 0.169669 1.115503 -0.282949
v 0.169391 0.897342 -0.311201
v 0.186175 0.930126 -0.303510
v 0.196408 0.966009 -0.294456
v 0.200359 1.003027 -0.284058
v 0.198173 1.039371 -0.272475
v 0.189507 1.073749 -0.260424
v 0.173882 1.105004 -0.248801
v 0.172989 0.885234 -0.296343
v 0.189907 0.918686 -0.287070
v 0.200240 0.954717 -0.275927
v 0.204534 0.991235 -0.262808
v 0.203122 1.026545 -0.247745
v 0.195530 1.059651 -0.231282
v 0.180944 1.089755 -0.214417
v 0.179468 0.867948 -0.283249
v 0.196492 0.903300 -0.272762
v 0.206772 0.939720 -0.259922
v 0.211375 0.975385 -0.244493
v 0.210957 1.009049 -0.226256
v 0.205029 1.040169 -0.204952
v 0.192437 1.068471 -0.180850
v 0.110213 1.174766 -0.380238
v 0.076199 1.190534 -0.379832
v 0.038917 1.199996 -0.379589
v -0.000000 1.203150 -0.379509
v -0.038917 1.199995 -0.379589
v -0.076199 1.190533 -0.379832
v -0.110213 1.174766 -0.380238
v 0.112078 1.175443 -0.345314
v 0.077509 1.191303 -0.344050
v 0.039591 1.200833 -0.343296
v -0.000000 1.204014 -0.343047
v -0.039591 1.200833 -0.343296
v -0.077509 1.191303 -0.344050
v -0.112078 1.175443 -0.345314
v 0.113853 1.172163 -0.308896
v 0.078789 1.188013 -0.306546
v 0.040261 1.197573 -0.305154
v -0.000000 1.200775 -0.304696
v -0.040261 1.197573 -0.305154
v -0.078789 1.188013 -0.306546
v -0.113853 1.172163 -0.308896
v 0.116240 1.164929 -0.270840
v 0.080545 1.180748 -0.267134
v 0.041188 1.190356 -0.264952
v -0.000000 1.193595 -0.264238
v -0.041188 1.190356 -0.264952
v -0.080545 1.180748 -0.267134
v -0.116240 1.164929 -0.270840
v 0.119978 1.153695 -0.230904
v 0.083232 1.169608 -0.225547
v 0.042585 1.179366 -0.222425
v -0.000000 1.182679 -0.221409
v -0.042585 1.179366 -0.222425
v -0.083232 1.169608 -0.225547
v -0.119978 1.153695 -0.230904
v 0.125935 1.138194 -0.188447
v 0.087125 1.154774 -0.181213
v 0.044469 1.164962 -0.177087
v -0.000000 1.168404 -0.175760
v -0.044469 1.164962 -0.177087
v -0.087125 1.154774 -0.181213
v -0.125935 1.138195 -0.188447
v 0.134717 1.118299 -0.142480
v 0.092256 1.136588 -0.133422
v 0.046784 1.147567 -0.128394
v -0.000000 1.151190 -0.126795
v -0.046784 1.147567 -0.128394
v -0.092256 1.136588 -0.133422
v -0.134717 1.118299 -0.142480
v -0.162168 1.124589 -0.381535
v -0.178479 1.091754 -0.382383
v -0.188260 1.055767 -0.383308
v -0.191514 1.018199 -0.384266
v -0.188245 0.980627 -0.385215
v -0.178452 0.944627 -0.386116
v -0.162132 0.911782 -0.386933
v -0.164760 1.125074 -0.349378
v -0.181231 1.092143 -0.352031
v -0.191067 1.056042 -0.354904
v -0.194300 1.018330 -0.357843
v -0.190952 0.980576 -0.360705
v -0.181016 0.944382 -0.363387
v -0.164475 0.911361 -0.365797
v -0.166959 1.122096 -0.316506
v -0.183374 1.089444 -0.321466
v -0.193068 1.053627 -0.326783
v -0.196144 1.016140 -0.332131
v -0.192681 0.978510 -0.337220
v -0.182650 0.942379 -0.341894
v -0.165996 0.909420 -0.346033
v -0.169669 1.115503 -0.282949
v -0.185818 1.083425 -0.290826
v -0.195139 1.048196 -0.299175
v -0.197879 1.011186 -0.307412
v -0.194222 0.973834 -0.315034
v -0.184101 0.937861 -0.321860
v -0.167385 0.905058 -0.327790
v -0.173882 1.105004 -0.248801
v -0.189507 1.073749 -0.260424
v -0.198173 1.039371 -0.272475
v -0.200359 1.003027 -0.284058
v -0.196408 0.966009 -0.294456
v -0.186175 0.930126 -0.303510
v -0.169391 0.897342 -0.311202
v -0.180944 1.089755 -0.214417
v -0.195530 1.059651 -0.231282
v -0.203122 1.026545 -0.247745
v -0.204534 0.991235 -0.262808
v -0.200240 0.954717 -0.275927
v -0.189907 0.918686 -0.287070
v -0.172989 0.885235 -0.296343
v -0.192437 1.068471 -0.180850
v -0.205029 1.040169 -0.204952
v -0.210957 1.009049 -0.226256
v -0.211375 0.975385 -0.244493
v -0.206772 0.939720 -0.259922
v -0.196492 0.903299 -0.272762
v -0.179468 0.867949 -0.283249
v -0.062917 0.885485 -0.571071
v -0.043498 0.876402 -0.569209
v -0.022215 0.870952 -0.568092
v -0.000000 0.869135 -0.567720
v 0.022215 0.870952 -0.568092
v 0.043498 0.876402 -0.569209
v 0.062917 0.885485 -0.571071
v -0.070357 0.881337 -0.548173
v -0.048642 0.871148 -0.546296
v -0.024842 0.865034 -0.545169
v -0.000000 0.862997 -0.544794
v 0.024842 0.865034 -0.545169
v 0.048642 0.871148 -0.546296
v 0.070357 0.881337 -0.548173
v -0.077882 0.877150 -0.524540
v -0.053844 0.865844 -0.522706
v -0.027499 0.859060 -0.521606
v 0.000000 0.856799 -0.521239
v 0.027499 0.859060 -0.521606
v 0.053844 0.865844 -0.522706
v 0.077882 0.877150 -0.524540
v -0.085228 0.873112 -0.500545
v -0.058923 0.860723 -0.498827
v -0.030093 0.853290 -0.497797
v 0.000000 0.850812 -0.497454
v 0.030093 0.853290 -0.497797
v 0.058923 0.860723 -0.498827
v 0.085228 0.873112 -0.500545
v -0.092132 0.869414 -0.476562
v -0.063696 0.856020 -0.475046
v -0.032531 0.847984 -0.474137
v -0.000000 0.845306 -0.473834
v 0.032531 0.847984 -0.474137
v 0.063696 0.856020 -0.475046
v 0.092132 0.869414 -0.476562
v -0.098330 0.866245 -0.452966
v -0.067982 0.851969 -0.451750
v -0.034719 0.843403 -0.451020
v -0.000000 0.840548 -0.450777
v 0.034719 0.843403 -0.451020
v 0.067982 0.851969 -0.451750
v 0.098330 0.866245 -0.452966
v -0.103559 0.863795 -0.430131
v -0.071596 0.848803 -0.429325
v -0.036565 0.839808 -0.428842
v 0.000000 0.836810 -0.428681
v 0.036565 0.839808 -0.428842
v 0.071596 0.848803 -0.429325
v 0.103559 0.863795 -0.430131
v 0.092589 0.914399 -0.576997
v 0.101910 0.933322 -0.580876
v 0.107502 0.954062 -0.585127
v 0.109366 0.975710 -0.589564
v 0.107502 0.997358 -0.594001
v 0.101910 1.018098 -0.598252
v 0.092589 1.037021 -0.602131
v 0.103537 0.913773 -0.554150
v 0.113961 0.935000 -0.558062
v 0.120214 0.958266 -0.562349
v 0.122299 0.982550 -0.566823
v 0.120214 1.006834 -0.571298
v 0.113961 1.030100 -0.575585
v 0.103537 1.051327 -0.579497
v 0.114611 0.913140 -0.530377
v 0.126149 0.936694 -0.534198
v 0.133072 0.962509 -0.538385
v 0.135380 0.989454 -0.542755
v 0.133072 1.016400 -0.547125
v 0.126149 1.042215 -0.551312
v 0.114611 1.065769 -0.555133
v 0.125422 0.912549 -0.506012
v 0.138049 0.938359 -0.509590
v 0.145625 0.966646 -0.513512
v 0.148150 0.996173 -0.517605
v 0.145625 1.025699 -0.521698
v 0.138049 1.053986 -0.525620
v 0.125422 1.079796 -0.529198
v 0.135582 0.912049 -0.481388
v 0.149232 0.939952 -0.484546
v 0.157421 0.970534 -0.488007
v 0.160151 1.002455 -0.491620
v 0.157421 1.034376 -0.495233
v 0.149232 1.064958 -0.498695
v 0.135582 1.092861 -0.501853
v 0.144704 0.911690 -0.456838
v 0.159271 0.941431 -0.459372
v 0.168012 0.974028 -0.462149
v 0.170925 1.008052 -0.465047
v 0.168012 1.042076 -0.467946
v 0.159271 1.074673 -0.470723
v 0.144704 1.104414 -0.473257
v 0.152398 0.911519 -0.432695
v 0.167740 0.942752 -0.434373
v 0.176945 0.976983 -0.436212
v 0.180013 1.012714 -0.438132
v 0.176945 1.048444 -0.440052
v 0.167740 1.082676 -0.441891
v 0.152398 1.113908 -0.443569
v 0.062917 1.065935 -0.608058
v 0.043498 1.075019 -0.609919
v 0.022215 1.080468 -0.611036
v 0.000000 1.082285 -0.611409
v -0.022215 1.080468 -0.611036
v -0.043498 1.075018 -0.609919
v -0.062917 1.065935 -0.608058
v 0.070357 1.083763 -0.585473
v 0.048642 1.093952 -0.587351
v 0.024842 1.100066 -0.588477
v 0.000000 1.102104 -0.588853
v -0.024842 1.100066 -0.588478
v -0.048642 1.093952 -0.587351
v -0.070357 1.083763 -0.585473
v 0.077882 1.101759 -0.560970
v 0.053844 1.113065 -0.562803
v 0.027499 1.119848 -0.563904
v -0.000000 1.122109 -0.564270
v -0.027499 1.119848 -0.563904
v -0.053844 1.113065 -0.562803
v -0.077882 1.101759 -0.560970
v 0.085228 1.119233 -0.534665
v 0.058923 1.131622 -0.536383
v 0.030093 1.139055 -0.537413
v -0.000000 1.141533 -0.537757
v -0.030093 1.139055 -0.537413
v -0.058923 1.131622 -0.536383
v -0.085228 1.119233 -0.534665
v 0.092132 1.135496 -0.506679
v 0.063696 1.148890 -0.508195
v 0.032531 1.156926 -0.509104
v 0.000000 1.159604 -0.509407
v -0.032531 1.156926 -0.509104
v -0.063696 1.148890 -0.508195
v -0.092132 1.135496 -0.506679
v 0.098330 1.149859 -0.477128
v 0.067982 1.164135 -0.478345
v 0.034719 1.172701 -0.479074
v 0.000000 1.175556 -0.479318
v -0.034719 1.172701 -0.479074
v -0.067982 1.164135 -0.478345
v -0.098330 1.149859 -0.477128
v 0.103559 1.161632 -0.446133
v 0.071596 1.176624 -0.446939
v 0.036565 1.185619 -0.447422
v -0.000000 1.188618 -0.447583
v -0.036565 1.185619 -0.447422
v -0.071596 1.176624 -0.446939
v -0.103559 1.161632 -0.446133
v -0.092589 1.037021 -0.602131
v -0.101910 1.018098 -0.598252
v -0.107502 0.997358 -0.594001
v -0.109366 0.975710 -0.589564
v -0.107502 0.954062 -0.585127
v -0.101910 0.933322 -0.580876
v -0.092589 0.914399 -0.576997
v -0.103537 1.051327 -0.579497
v -0.113961 1.030100 -0.575585
v -0.120214 1.006834 -0.571298
v -0.122299 0.982550 -0.566823
v -0.120214 0.958266 -0.562349
v -0.113961 0.935000 -0.558062
v -0.103537 0.913773 -0.554150
v -0.114611 1.065769 -0.555132
v -0.126149 1.042215 -0.551312
v -0.133072 1.016400 -0.547125
v -0.135380 0.989454 -0.542755
v -0.133072 0.962509 -0.538385
v -0.126149 0.936694 -0.534198
v -0.114611 0.913140 -0.530377
v -0.125422 1.079796 -0.529198
v -0.138049 1.053986 -0.525620
v -0.145625 1.025699 -0.521698
v -0.148150 0.996172 -0.517605
v -0.145625 0.966646 -0.513512
v -0.138049 0.938359 -0.509590
v -0.125422 0.912549 -0.506012
v -0.135582 1.092861 -0.501853
v -0.149232 1.064958 -0.498695
v -0.157421 1.034376 -0.495233
v -0.160151 1.002455 -0.491620
v -0.157421 0.970534 -0.488007
v -0.149232 0.939952 -0.484546
v -0.135582 0.912049 -0.481388
v -0.144704 1.104414 -0.473257
v -0.159271 1.074673 -0.470723
v -0.168012 1.042076 -0.467946
v -0.170925 1.008052 -0.465047
v -0.168012 0.974028 -0.462149
v -0.159271 0.941431 -0.459372
v -0.144704 0.911690 -0.456838
v -0.152398 1.113908 -0.443569
v -0.167740 1.082676 -0.441891
v -0.176945 1.048444 -0.440052
v -0.180013 1.012714 -0.438132
v -0.176945 0.976983 -0.436212
v -0.167740 0.942752 -0.434373
v -0.152398 0.911519 -0.432695
v -0.022299 0.906120 -0.708128
v -0.015416 0.902922 -0.707320
v -0.007873 0.901004 -0.706835
v 0.000000 0.900365 -0.706673
v 0.007873 0.901004 -0.706835
v 0.015416 0.902922 -0.707320
v 0.022299 0.906120 -0.708128
v -0.025417 0.904804 -0.695231
v -0.017572 0.901169 -0.694273
v -0.008974 0.898987 -0.693698
v -0.000000 0.898261 -0.693506
v 0.008974 0.898987 -0.693698
v 0.017572 0.901169 -0.694273
v 0.025417 0.904804 -0.695231
v -0.029071 0.903154 -0.681257
v -0.020098 0.899003 -0.680140
v -0.010264 0.896512 -0.679469
v -0.000000 0.895681 -0.679246
v 0.010264 0.896512 -0.679469
v 0.020098 0.899003 -0.680140
v 0.029071 0.903154 -0.681257
v -0.033273 0.901157 -0.666139
v -0.023004 0.896407 -0.664860
v -0.011748 0.893557 -0.664093
v -0.000000 0.892607 -0.663837
v 0.011748 0.893557 -0.664093
v 0.023004 0.896407 -0.664860
v 0.033273 0.901157 -0.666139
v -0.038037 0.898798 -0.649807
v -0.026297 0.893363 -0.648373
v -0.013430 0.890103 -0.647512
v 0.000000 0.889017 -0.647225
v 0.013430 0.890103 -0.647512
v 0.026297 0.893363 -0.648373
v 0.038037 0.898798 -0.649807
v -0.043375 0.896061 -0.632195
v -0.029988 0.889855 -0.630617
v -0.015315 0.886131 -0.629670
v -0.000000 0.884890 -0.629355
v 0.015315 0.886131 -0.629670
v 0.029988 0.889855 -0.630617
v 0.043375 0.896061 -0.632195
v -0.049301 0.892935 -0.613235
v -0.034084 0.885863 -0.611533
v -0.017407 0.881620 -0.610512
v -0.000000 0.880206 -0.610171
v 0.017407 0.881620 -0.610512
v 0.034084 0.885863 -0.611533
v 0.049301 0.892935 -0.613235
v 0.032815 0.916297 -0.710700
v 0.036118 0.922958 -0.712383
v 0.038100 0.930258 -0.714229
v 0.038761 0.937877 -0.716154
v 0.038100 0.945497 -0.718080
v 0.036118 0.952797 -0.719925
v 0.032815 0.959458 -0.721608
v 0.037403 0.916375 -0.698281
v 0.041169 0.923949 -0.700278
v 0.043428 0.932249 -0.702466
v 0.044181 0.940913 -0.704749
v 0.043428 0.949576 -0.707033
v 0.041169 0.957877 -0.709221
v 0.037403 0.965450 -0.711217
v 0.042780 0.916370 -0.684815
v 0.047087 0.925020 -0.687143
v 0.049671 0.934499 -0.689694
v 0.050533 0.944394 -0.692357
v 0.049671 0.954289 -0.695021
v 0.047087 0.963769 -0.697572
v 0.042780 0.972418 -0.699900
v 0.048965 0.916278 -0.670209
v 0.053894 0.926174 -0.672873
v 0.056852 0.937021 -0.675792
v 0.057838 0.948342 -0.678840
v 0.056852 0.959663 -0.681887
v 0.053894 0.970509 -0.684806
v 0.048965 0.980406 -0.687470
v 0.055976 0.916096 -0.654374
v 0.061611 0.927416 -0.657362
v 0.064992 0.939824 -0.660638
v 0.066119 0.952775 -0.664057
v 0.064992 0.965726 -0.667476
v 0.061611 0.978134 -0.670751
v 0.055976 0.989455 -0.673740
v 0.063832 0.915819 -0.637219
v 0.070258 0.928750 -0.640506
v 0.074113 0.942921 -0.644109
v 0.075398 0.957714 -0.647870
v 0.074113 0.972506 -0.651631
v 0.070258 0.986678 -0.655235
v 0.063832 0.999608 -0.658522
v 0.072551 0.915445 -0.618653
v 0.079855 0.930177 -0.622199
v 0.084237 0.946323 -0.626085
v 0.085698 0.963177 -0.630141
v 0.084237 0.980030 -0.634198
v 0.079855 0.996176 -0.638084
v 0.072551 1.010908 -0.641630
v 0.022299 0.969635 -0.724181
v 0.015416 0.972832 -0.724989
v 0.007873 0.974751 -0.725473
v -0.000000 0.975390 -0.725635
v -0.007873 0.974751 -0.725473
v -0.015416 0.972832 -0.724989
v -0.022299 0.969635 -0.724181
v 0.025417 0.977021 -0.714268
v 0.017572 0.980657 -0.715226
v 0.008974 0.982838 -0.715801
v 0.000000 0.983565 -0.715993
v -0.008974 0.982838 -0.715801
v -0.017572 0.980657 -0.715226
v -0.025417 0.977021 -0.714268
v 0.029071 0.985634 -0.703458
v 0.020098 0.989786 -0.704575
v 0.010264 0.992277 -0.705245
v 0.000000 0.993107 -0.705469
v -0.010264 0.992277 -0.705245
v -0.020098 0.989786 -0.704575
v -0.029071 0.985634 -0.703458
v 0.033273 0.995527 -0.691541
v 0.023004 1.000277 -0.692819
v 0.011748 1.003127 -0.693586
v 0.000000 1.004077 -0.693842
v -0.011748 1.003127 -0.693586
v -0.023004 1.000277 -0.692819
v -0.033273 0.995527 -0.691540
v 0.038037 1.006753 -0.678307
v 0.026297 1.012187 -0.679741
v 0.013430 1.015447 -0.680602
v -0.000000 1.016534 -0.680889
v -0.013430 1.015447 -0.680602
v -0.026297 1.012187 -0.679741
v -0.038037 1.006753 -0.678306
v 0.043375 1.019366 -0.663546
v 0.029988 1.025572 -0.665124
v 0.015315 1.029296 -0.666071
v 0.000000 1.030538 -0.666386
v -0.015315 1.029296 -0.666071
v -0.029988 1.025572 -0.665124
v -0.043375 1.019366 -0.663546
v 0.049301 1.033419 -0.647048
v 0.034084 1.040490 -0.648750
v 0.017407 1.044733 -0.649771
v 0.000000 1.046147 -0.650112
v -0.017407 1.044733 -0.649771
v -0.034084 1.040490 -0.648750
v -0.049301 1.033419 -0.647048
v -0.032815 0.959458 -0.721608
v -0.036118 0.952797 -0.719925
v -0.038100 0.945497 -0.718080
v -0.038761 0.937877 -0.716154
v -0.038100 0.930258 -0.714228
v -0.036118 0.922957 -0.712384
v -0.032815 0.916297 -0.710700
v -0.037403 0.965450 -0.711217
v -0.041169 0.957877 -0.709221
v -0.043428 0.949576 -0.707033
v -0.044181 0.940913 -0.704749
v -0.043428 0.932249 -0.702466
v -0.041169 0.923949 -0.700278
v -0.037403 0.916375 -0.698281
v -0.042780 0.972418 -0.699900
v -0.047087 0.963769 -0.697572
v -0.049671 0.954289 -0.695021
v -0.050533 0.944394 -0.692357
v -0.049671 0.934499 -0.689694
v -0.047087 0.925020 -0.687143
v -0.042780 0.916370 -0.684815
v -0.048965 0.980406 -0.687470
v -0.053894 0.970509 -0.684806
v -0.056852 0.959663 -0.681887
v -0.057838 0.948342 -0.678840
v -0.056852 0.937021 -0.675792
v -0.053894 0.926175 -0.672873
v -0.048965 0.916278 -0.670209
v -0.055976 0.989455 -0.673740
v -0.061611 0.978134 -0.670751
v -0.064992 0.965726 -0.667476
v -0.066119 0.952775 -0.664057
v -0.064992 0.939824 -0.660638
v -0.061611 0.927417 -0.657362
v -0.055976 0.916096 -0.654374
v -0.063832 0.999608 -0.658522
v -0.070258 0.986678 -0.655235
v -0.074113 0.972506 -0.651631
v -0.075398 0.957714 -0.647870
v -0.074113 0.942921 -0.644109
v -0.070258 0.928750 -0.640506
v -0.063832 0.915819 -0.637219
v -0.072551 1.010908 -0.641630
v -0.079855 0.996176 -0.638084
v -0.084237 0.980030 -0.634198
v -0.085698 0.963177 -0.630141
v -0.084237 0.946323 -0.626085
v -0.079855 0.930177 -0.622199
v -0.072551 0.915445 -0.618653
v -0.012300 0.907873 -0.780708
v -0.008504 0.906069 -0.780469
v -0.004343 0.904986 -0.780326
v 0.000000 0.904625 -0.780278
v 0.004343 0.904986 -0.780326
v 0.008504 0.906069 -0.780469
v 0.012300 0.907873 -0.780708
v -0.012633 0.908149 -0.773972
v -0.008734 0.906299 -0.773709
v -0.004460 0.905189 -0.773551
v 0.000000 0.904819 -0.773498
v 0.004460 0.905189 -0.773551
v 0.008734 0.906299 -0.773709
v 0.012633 0.908149 -0.773972
v -0.013103 0.908365 -0.766706
v -0.009059 0.906450 -0.766409
v -0.004627 0.905301 -0.766231
v -0.000000 0.904917 -0.766172
v 0.004627 0.905301 -0.766231
v 0.009059 0.906450 -0.766409
v 0.013103 0.908365 -0.766706
v -0.013774 0.908480 -0.758840
v -0.009523 0.906472 -0.758500
v -0.004864 0.905267 -0.758295
v -0.000000 0.904865 -0.758227
v 0.004864 0.905267 -0.758295
v 0.009523 0.906472 -0.758500
v 0.013774 0.908481 -0.758840
v -0.014708 0.908454 -0.750306
v -0.010169 0.906316 -0.749909
v -0.005193 0.905033 -0.749670
v 0.000000 0.904606 -0.749591
v 0.005193 0.905033 -0.749670
v 0.010169 0.906316 -0.749909
v 0.014708 0.908454 -0.750306
v -0.015966 0.908245 -0.741036
v -0.011038 0.905932 -0.740566
v -0.005637 0.904544 -0.740284
v -0.000000 0.904082 -0.740190
v 0.005637 0.904544 -0.740284
v 0.011038 0.905932 -0.740566
v 0.015966 0.908245 -0.741037
v -0.017611 0.907813 -0.730962
v -0.012175 0.905271 -0.730401
v -0.006218 0.903745 -0.730064
v 0.000000 0.903237 -0.729951
v 0.006218 0.903745 -0.730064
v 0.012175 0.905271 -0.730401
v 0.017611 0.907813 -0.730963
v 0.018101 0.913618 -0.781469
v 0.019923 0.917378 -0.781968
v 0.021017 0.921499 -0.782514
v 0.021381 0.925800 -0.783084
v 0.021017 0.930102 -0.783653
v 0.019923 0.934222 -0.784199
v 0.018101 0.937982 -0.784698
v 0.018590 0.914040 -0.774812
v 0.020462 0.917896 -0.775361
v 0.021584 0.922121 -0.775963
v 0.021959 0.926531 -0.776591
v 0.021584 0.930942 -0.777219
v 0.020462 0.935167 -0.777821
v 0.018590 0.939022 -0.778370
v 0.019283 0.914463 -0.767649
v 0.021224 0.918454 -0.768267
v 0.022389 0.922827 -0.768944
v 0.022777 0.927393 -0.769651
v 0.022389 0.931958 -0.770357
v 0.021224 0.936332 -0.771034
v 0.019283 0.940322 -0.771652
v 0.020271 0.914874 -0.759923
v 0.022311 0.919058 -0.760632
v 0.023536 0.923644 -0.761408
v 0.023944 0.928430 -0.762219
v 0.023536 0.933217 -0.763030
v 0.022311 0.937803 -0.763807
v 0.020271 0.941987 -0.764516
v 0.021645 0.915260 -0.751571
v 0.023824 0.919714 -0.752399
v 0.025131 0.924595 -0.753306
v 0.025567 0.929691 -0.754253
v 0.025131 0.934786 -0.755200
v 0.023824 0.939668 -0.756108
v 0.021645 0.944122 -0.756936
v 0.023496 0.915608 -0.742534
v 0.025861 0.920426 -0.743514
v 0.027281 0.925707 -0.744588
v 0.027754 0.931220 -0.745709
v 0.027281 0.936732 -0.746830
v 0.025861 0.942013 -0.747904
v 0.023496 0.946832 -0.748884
v 0.025916 0.915905 -0.732751
v 0.028525 0.921201 -0.733921
v 0.030090 0.927005 -0.735204
v 0.030612 0.933064 -0.736543
v 0.030090 0.939122 -0.737882
v 0.028525 0.944927 -0.739164
v 0.025916 0.950223 -0.740335
v 0.012300 0.943727 -0.785459
v 0.008504 0.945532 -0.785698
v 0.004343 0.946615 -0.785841
v -0.000000 0.946976 -0.785889
v -0.004343 0.946615 -0.785841
v -0.008504 0.945532 -0.785698
v -0.012300 0.943727 -0.785459
v 0.012633 0.944913 -0.779209
v 0.008734 0.946764 -0.779473
v 0.004460 0.947874 -0.779631
v -0.000000 0.948244 -0.779684
v -0.004460 0.947874 -0.779631
v -0.008734 0.946764 -0.779473
v -0.012633 0.944913 -0.779209
v 0.013103 0.946420 -0.772595
v 0.009059 0.948335 -0.772892
v 0.004627 0.949485 -0.773070
v 0.000000 0.949868 -0.773129
v -0.004627 0.949485 -0.773070
v -0.009059 0.948335 -0.772892
v -0.013103 0.946420 -0.772595
v 0.013774 0.948380 -0.765599
v 0.009523 0.950388 -0.765939
v 0.004864 0.951594 -0.766143
v 0.000000 0.951995 -0.766211
v -0.004864 0.951594 -0.766143
v -0.009523 0.950388 -0.765939
v -0.013774 0.948380 -0.765599
v 0.014708 0.950927 -0.758200
v 0.010169 0.953065 -0.758598
v 0.005193 0.954348 -0.758836
v -0.000000 0.954776 -0.758916
v -0.005193 0.954348 -0.758836
v -0.010169 0.953065 -0.758598
v -0.014708 0.950927 -0.758200
v 0.015966 0.954195 -0.750382
v 0.011038 0.956508 -0.750852
v 0.005637 0.957895 -0.751134
v 0.000000 0.958358 -0.751228
v -0.005637 0.957895 -0.751134
v -0.011038 0.956507 -0.750852
v -0.015966 0.954195 -0.750382
v 0.017611 0.958315 -0.742123
v 0.012175 0.960857 -0.742685
v 0.006218 0.962382 -0.743022
v -0.000000 0.962891 -0.743134
v -0.006218 0.962382 -0.743022
v -0.012175 0.960857 -0.742685
v -0.017611 0.958315 -0.742123
v -0.018101 0.937982 -0.784698
v -0.019923 0.934222 -0.784200
v -0.021017 0.930102 -0.783653
v -0.021381 0.925800 -0.783084
v -0.021017 0.921499 -0.782514
v -0.019923 0.917378 -0.781968
v -0.018101 0.913618 -0.781470
v -0.018590 0.939022 -0.778370
v -0.020462 0.935167 -0.777821
v -0.021584 0.930942 -0.777219
v -0.021959 0.926531 -0.776591
v -0.021584 0.922121 -0.775963
v -0.020462 0.917896 -0.775361
v -0.018590 0.914040 -0.774812
v -0.019283 0.940322 -0.771652
v -0.021224 0.936332 -0.771034
v -0.022389 0.931958 -0.770357
v -0.022777 0.927393 -0.769651
v -0.022389 0.922827 -0.768944
v -0.021224 0.918454 -0.768267
v -0.019283 0.914463 -0.767649
v -0.020271 0.941987 -0.764516
v -0.022311 0.937803 -0.763807
v -0.023536 0.933217 -0.763030
v -0.023944 0.928430 -0.762219
v -0.023536 0.923644 -0.761409
v -0.022311 0.919058 -0.760632
v -0.020271 0.914874 -0.759923
v -0.021645 0.944122 -0.756936
v -0.023824 0.939668 -0.756108
v -0.025131 0.934786 -0.755200
v -0.025567 0.929691 -0.754253
v -0.025131 0.924595 -0.753306
v -0.023824 0.919714 -0.752399
v -0.021645 0.915260 -0.751571
v -0.023496 0.946832 -0.748884
v -0.025861 0.942013 -0.747904
v -0.027281 0.936732 -0.746830
v -0.027754 0.931220 -0.745709
v -0.027281 0.925707 -0.744588
v -0.025861 0.920426 -0.743514
v -0.023496 0.915608 -0.742534
v -0.025916 0.950223 -0.740335
v -0.028525 0.944927 -0.739164
v -0.030090 0.939122 -0.737882
v -0.030612 0.933064 -0.736543
v -0.030090 0.927005 -0.735204
v -0.028525 0.921201 -0.733921
v -0.025916 0.915905 -0.732751
v -0.010654 0.905939 -0.821984
v -0.007366 0.904369 -0.821819
v -0.003762 0.903428 -0.821720
v 0.000000 0.903114 -0.821687
v 0.003762 0.903428 -0.821720
v 0.007366 0.904369 -0.821819
v 0.010654 0.905939 -0.821984
v -0.010827 0.906137 -0.817665
v -0.007486 0.904542 -0.817497
v -0.003823 0.903585 -0.817396
v -0.000000 0.903266 -0.817362
v 0.003823 0.903585 -0.817396
v 0.007486 0.904542 -0.817497
v 0.010827 0.906137 -0.817665
v -0.011006 0.906344 -0.813183
v -0.007609 0.904722 -0.813011
v -0.003886 0.903750 -0.812908
v 0.000000 0.903425 -0.812873
v 0.003886 0.903750 -0.812908
v 0.007609 0.904722 -0.813011
v 0.011006 0.906344 -0.813183
v -0.011193 0.906561 -0.808500
v -0.007739 0.904912 -0.808322
v -0.003952 0.903923 -0.808216
v 0.000000 0.903594 -0.808180
v 0.003952 0.903923 -0.808216
v 0.007739 0.904912 -0.808322
v 0.011193 0.906561 -0.808500
v -0.011389 0.906791 -0.803577
v -0.007874 0.905114 -0.803392
v -0.004021 0.904108 -0.803281
v 0.000000 0.903773 -0.803244
v 0.004021 0.904108 -0.803281
v 0.007874 0.905114 -0.803392
v 0.011389 0.906791 -0.803577
v -0.011595 0.907035 -0.798375
v -0.008017 0.905329 -0.798181
v -0.004094 0.904305 -0.798065
v 0.000000 0.903964 -0.798026
v 0.004094 0.904305 -0.798065
v 0.008017 0.905329 -0.798181
v 0.011595 0.907035 -0.798375
v -0.011813 0.907297 -0.792856
v -0.008167 0.905560 -0.792650
v -0.004171 0.904518 -0.792527
v 0.000000 0.904171 -0.792486
v 0.004171 0.904518 -0.792527
v 0.008167 0.905560 -0.792650
v 0.011813 0.907297 -0.792856
v 0.015679 0.910936 -0.822509
v 0.017257 0.914207 -0.822853
v 0.018204 0.917791 -0.823230
v 0.018520 0.921532 -0.823624
v 0.018204 0.925273 -0.824017
v 0.017257 0.928858 -0.824394
v 0.015679 0.932128 -0.824738
v 0.015933 0.911215 -0.818201
v 0.017537 0.914539 -0.818551
v 0.018500 0.918181 -0.818935
v 0.018821 0.921983 -0.819336
v 0.018500 0.925784 -0.819737
v 0.017537 0.929427 -0.820121
v 0.015933 0.932750 -0.820471
v 0.016197 0.911505 -0.813732
v 0.017828 0.914883 -0.814091
v 0.018806 0.918585 -0.814484
v 0.019132 0.922450 -0.814894
v 0.018806 0.926314 -0.815305
v 0.017828 0.930016 -0.815698
v 0.016197 0.933394 -0.816057
v 0.016472 0.911809 -0.809065
v 0.018130 0.915243 -0.809435
v 0.019125 0.919007 -0.809841
v 0.019457 0.922936 -0.810264
v 0.019125 0.926865 -0.810688
v 0.018130 0.930629 -0.811093
v 0.016472 0.934064 -0.811463
v 0.016760 0.912128 -0.804165
v 0.018448 0.915622 -0.804550
v 0.019460 0.919450 -0.804971
v 0.019797 0.923446 -0.805411
v 0.019460 0.927443 -0.805852
v 0.018448 0.931271 -0.806273
v 0.016760 0.934765 -0.806658
v 0.017064 0.912467 -0.798992
v 0.018782 0.916021 -0.799396
v 0.019812 0.919917 -0.799839
v 0.020156 0.923983 -0.800301
v 0.019812 0.928050 -0.800763
v 0.018782 0.931946 -0.801206
v 0.017064 0.935500 -0.801610
v 0.017385 0.912826 -0.793511
v 0.019135 0.916445 -0.793940
v 0.020185 0.920411 -0.794410
v 0.020535 0.924551 -0.794900
v 0.020185 0.928691 -0.795390
v 0.019135 0.932657 -0.795860
v 0.017385 0.936276 -0.796289
v 0.010654 0.937125 -0.825263
v 0.007366 0.938695 -0.825428
v 0.003762 0.939636 -0.825528
v -0.000000 0.939950 -0.825561
v -0.003762 0.939636 -0.825528
v -0.007366 0.938695 -0.825429
v -0.010654 0.937125 -0.825263
v 0.010827 0.937828 -0.821007
v 0.007486 0.939423 -0.821175
v 0.003823 0.940380 -0.821276
v 0.000000 0.940699 -0.821310
v -0.003823 0.940380 -0.821276
v -0.007486 0.939423 -0.821175
v -0.010827 0.937828 -0.821007
v 0.011006 0.938555 -0.816605
v 0.007609 0.940177 -0.816778
v 0.003886 0.941150 -0.816881
v -0.000000 0.941474 -0.816916
v -0.003886 0.941150 -0.816881
v -0.007609 0.940177 -0.816778
v -0.011006 0.938555 -0.816605
v 0.011193 0.939312 -0.812029
v 0.007739 0.940960 -0.812206
v 0.003952 0.941949 -0.812313
v -0.000000 0.942279 -0.812348
v -0.003952 0.941949 -0.812313
v -0.007739 0.940960 -0.812206
v -0.011193 0.939312 -0.812028
v 0.011389 0.940102 -0.807246
v 0.007874 0.941779 -0.807431
v 0.004021 0.942785 -0.807541
v -0.000000 0.943120 -0.807579
v -0.004021 0.942785 -0.807541
v -0.007874 0.941779 -0.807431
v -0.011389 0.940102 -0.807246
v 0.011595 0.940932 -0.802228
v 0.008017 0.942638 -0.802422
v 0.004094 0.943662 -0.802538
v -0.000000 0.944003 -0.802577
v -0.004094 0.943662 -0.802538
v -0.008017 0.942638 -0.802422
v -0.011595 0.940932 -0.802228
v 0.011813 0.941806 -0.796944
v 0.008167 0.943543 -0.797149
v 0.004171 0.944585 -0.797273
v -0.000000 0.944932 -0.797314
v -0.004171 0.944585 -0.797273
v -0.008167 0.943543 -0.797149
v -0.011813 0.941806 -0.796944
v -0.015679 0.932128 -0.824738
v -0.017257 0.928857 -0.824394
v -0.018204 0.925273 -0.824017
v -0.018520 0.921532 -0.823624
v -0.018204 0.917791 -0.823230
v -0.017257 0.914207 -0.822853
v -0.015679 0.910936 -0.822509
v -0.015933 0.932750 -0.820471
v -0.017537 0.929427 -0.820121
v -0.018500 0.925785 -0.819737
v -0.018821 0.921983 -0.819336
v -0.018500 0.918181 -0.818935
v -0.017537 0.914539 -0.818551
v -0.015933 0.911215 -0.818201
v -0.016197 0.933394 -0.816057
v -0.017828 0.930016 -0.815698
v -0.018806 0.926314 -0.815305
v -0.019132 0.922450 -0.814894
v -0.018806 0.918585 -0.814484
v -0.017828 0.914883 -0.814091
v -0.016197 0.911505 -0.813732
v -0.016472 0.934064 -0.811463
v -0.018130 0.930629 -0.811093
v -0.019125 0.926865 -0.810688
v -0.019457 0.922936 -0.810264
v -0.019125 0.919007 -0.809841
v -0.018130 0.915243 -0.809435
v -0.016472 0.911809 -0.809066
v -0.016760 0.934764 -0.806658
v -0.018448 0.931271 -0.806273
v -0.019460 0.927443 -0.805852
v -0.019797 0.923446 -0.805411
v -0.019460 0.919450 -0.804971
v -0.018448 0.915622 -0.804549
v -0.016760 0.912128 -0.804165
v -0.017064 0.935500 -0.801610
v -0.018782 0.931946 -0.801206
v -0.019812 0.928050 -0.800764
v -0.020156 0.923983 -0.800301
v -0.019812 0.919917 -0.799839
v -0.018782 0.916021 -0.799396
v -0.017064 0.912467 -0.798992
v -0.017385 0.936276 -0.796289
v -0.019135 0.932657 -0.795860
v -0.020185 0.928691 -0.795390
v -0.020535 0.924551 -0.794900
v -0.020185 0.920411 -0.794410
v -0.019135 0.916445 -0.793940
v -0.017385 0.912826 -0.793511
v -0.009396 0.904503 -0.853358
v -0.006496 0.903119 -0.853212
v -0.003318 0.902288 -0.853125
v 0.000000 0.902011 -0.853096
v 0.003318 0.902288 -0.853125
v 0.006496 0.903119 -0.853212
v 0.009396 0.904503 -0.853358
v -0.009544 0.904672 -0.849672
v -0.006598 0.903266 -0.849524
v -0.003370 0.902422 -0.849435
v -0.000000 0.902141 -0.849406
v 0.003370 0.902422 -0.849435
v 0.006598 0.903266 -0.849524
v 0.009544 0.904672 -0.849672
v -0.009694 0.904843 -0.845928
v -0.006702 0.903415 -0.845778
v -0.003423 0.902558 -0.845688
v -0.000000 0.902272 -0.845658
v 0.003423 0.902558 -0.845688
v 0.006702 0.903415 -0.845778
v 0.009694 0.904843 -0.845928
v -0.009847 0.905018 -0.842122
v -0.006808 0.903567 -0.841969
v -0.003477 0.902696 -0.841878
v -0.000000 0.902406 -0.841847
v 0.003477 0.902696 -0.841878
v 0.006808 0.903567 -0.841969
v 0.009847 0.905017 -0.842122
v -0.010002 0.905195 -0.838248
v -0.006915 0.903721 -0.838094
v -0.003532 0.902837 -0.838001
v 0.000000 0.902542 -0.837970
v 0.003532 0.902837 -0.838001
v 0.006915 0.903721 -0.838094
v 0.010002 0.905195 -0.838248
v -0.010160 0.905375 -0.834303
v -0.007024 0.903878 -0.834146
v -0.003587 0.902980 -0.834051
v -0.000000 0.902681 -0.834020
v 0.003587 0.902980 -0.834051
v 0.007024 0.903878 -0.834146
v 0.010160 0.905375 -0.834303
v -0.010321 0.905559 -0.830281
v -0.007136 0.904039 -0.830122
v -0.003644 0.903126 -0.830026
v 0.000000 0.902822 -0.829994
v 0.003644 0.903126 -0.830026
v 0.007136 0.904039 -0.830122
v 0.010321 0.905559 -0.830281
v 0.013827 0.908910 -0.853821
v 0.015219 0.911794 -0.854124
v 0.016054 0.914955 -0.854456
v 0.016333 0.918255 -0.854803
v 0.016054 0.921554 -0.855150
v 0.015219 0.924715 -0.855482
v 0.013827 0.927599 -0.855785
v 0.014045 0.909148 -0.850142
v 0.015459 0.912078 -0.850450
v 0.016307 0.915288 -0.850788
v 0.016590 0.918640 -0.851140
v 0.016307 0.921991 -0.851492
v 0.015459 0.925202 -0.851830
v 0.014045 0.928131 -0.852138
v 0.014266 0.909390 -0.846406
v 0.015702 0.912365 -0.846719
v 0.016563 0.915627 -0.847062
v 0.016851 0.919031 -0.847419
v 0.016563 0.922435 -0.847777
v 0.015702 0.925696 -0.848120
v 0.014266 0.928672 -0.848433
v 0.014490 0.909636 -0.842607
v 0.015949 0.912658 -0.842925
v 0.016824 0.915971 -0.843273
v 0.017116 0.919428 -0.843637
v 0.016824 0.922886 -0.844000
v 0.015949 0.926199 -0.844348
v 0.014490 0.929221 -0.844666
v 0.014719 0.909886 -0.838741
v 0.016201 0.912956 -0.839064
v 0.017090 0.916321 -0.839418
v 0.017386 0.919833 -0.839787
v 0.017090 0.923345 -0.840156
v 0.016201 0.926710 -0.840510
v 0.014719 0.929780 -0.840833
v 0.014952 0.910141 -0.834804
v 0.016457 0.913259 -0.835132
v 0.017360 0.916677 -0.835491
v 0.017661 0.920245 -0.835866
v 0.017360 0.923813 -0.836241
v 0.016457 0.927231 -0.836601
v 0.014952 0.930350 -0.836928
v 0.015189 0.910400 -0.830790
v 0.016718 0.913568 -0.831123
v 0.017636 0.917041 -0.831488
v 0.017942 0.920665 -0.831869
v 0.017636 0.924290 -0.832250
v 0.016718 0.927762 -0.832615
v 0.015189 0.930930 -0.832948
v 0.009396 0.932006 -0.856249
v 0.006496 0.933390 -0.856394
v 0.003318 0.934221 -0.856482
v -0.000000 0.934498 -0.856511
v -0.003318 0.934221 -0.856482
v -0.006496 0.933390 -0.856394
v -0.009396 0.932006 -0.856249
v 0.009544 0.932607 -0.852608
v 0.006598 0.934014 -0.852756
v 0.003370 0.934857 -0.852845
v 0.000000 0.935138 -0.852874
v -0.003370 0.934857 -0.852845
v -0.006598 0.934014 -0.852756
v -0.009544 0.932607 -0.852608
v 0.009694 0.933218 -0.848911
v 0.006702 0.934646 -0.849061
v 0.003423 0.935503 -0.849151
v 0.000000 0.935789 -0.849181
v -0.003423 0.935503 -0.849151
v -0.006702 0.934646 -0.849061
v -0.009694 0.933218 -0.848911
v 0.009847 0.933839 -0.845151
v 0.006808 0.935290 -0.845304
v 0.003477 0.936161 -0.845395
v 0.000000 0.936451 -0.845426
v -0.003477 0.936161 -0.845395
v -0.006808 0.935290 -0.845304
v -0.009847 0.933839 -0.845151
v 0.010002 0.934471 -0.841326
v 0.006915 0.935945 -0.841481
v 0.003532 0.936829 -0.841574
v -0.000000 0.937124 -0.841605
v -0.003532 0.936829 -0.841574
v -0.006915 0.935945 -0.841481
v -0.010002 0.934471 -0.841326
v 0.010160 0.935115 -0.837429
v 0.007024 0.936612 -0.837587
v 0.003587 0.937510 -0.837681
v 0.000000 0.937810 -0.837713
v -0.003587 0.937510 -0.837681
v -0.007024 0.936612 -0.837587
v -0.010160 0.935115 -0.837429
v 0.010321 0.935771 -0.833457
v 0.007136 0.937292 -0.833617
v 0.003644 0.938204 -0.833713
v -0.000000 0.938509 -0.833745
v -0.003644 0.938204 -0.833713
v -0.007136 0.937292 -0.833617
v -0.010321 0.935771 -0.833457
v -0.013827 0.927599 -0.855785
v -0.015219 0.924715 -0.855482
v -0.016054 0.921554 -0.855150
v -0.016333 0.918255 -0.854803
v -0.016054 0.914955 -0.854456
v -0.015219 0.911794 -0.854124
v -0.013827 0.908910 -0.853821
v -0.014045 0.928131 -0.852138
v -0.015459 0.925202 -0.851830
v -0.016307 0.921991 -0.851492
v -0.016590 0.918640 -0.851140
v -0.016307 0.915288 -0.850788
v -0.015459 0.912078 -0.850450
v -0.014045 0.909148 -0.850142
v -0.014266 0.928672 -0.848433
v -0.015702 0.925696 -0.848120
v -0.016563 0.922435 -0.847777
v -0.016851 0.919031 -0.847419
v -0.016563 0.915627 -0.847062
v -0.015702 0.912365 -0.846719
v -0.014266 0.909390 -0.846406
v -0.014490 0.929221 -0.844666
v -0.015949 0.926199 -0.844348
v -0.016824 0.922886 -0.844000
v -0.017116 0.919428 -0.843637
v -0.016824 0.915971 -0.843273
v -0.015949 0.912658 -0.842925
v -0.014490 0.909636 -0.842607
v -0.014719 0.929780 -0.840833
v -0.016201 0.926710 -0.840510
v -0.017090 0.923345 -0.840156
v -0.017386 0.919833 -0.839787
v -0.017090 0.916321 -0.839418
v -0.016201 0.912956 -0.839064
v -0.014719 0.909886 -0.838742
v -0.014952 0.930350 -0.836928
v -0.016457 0.927231 -0.836601
v -0.017360 0.923813 -0.836241
v -0.017661 0.920245 -0.835866
v -0.017360 0.916677 -0.835491
v -0.016457 0.913259 -0.835132
v -0.014952 0.910141 -0.834804
v -0.015189 0.930930 -0.832948
v -0.016718 0.927762 -0.832615
v -0.017636 0.924290 -0.832250
v -0.017942 0.920665 -0.831869
v -0.017636 0.917041 -0.831488
v -0.016718 0.913568 -0.831123
v -0.015189 0.910400 -0.830790
v -0.008280 0.903230 -0.881173
v -0.005725 0.902010 -0.881045
v -0.002924 0.901278 -0.880968
v -0.000000 0.901034 -0.880942
v 0.002924 0.901278 -0.880968
v 0.005725 0.902010 -0.881045
v 0.008280 0.903230 -0.881173
v -0.008414 0.903383 -0.877838
v -0.005817 0.902143 -0.877708
v -0.002971 0.901399 -0.877629
v 0.000000 0.901151 -0.877603
v 0.002971 0.901399 -0.877629
v 0.005817 0.902143 -0.877708
v 0.008414 0.903383 -0.877838
v -0.008549 0.903537 -0.874466
v -0.005911 0.902277 -0.874334
v -0.003019 0.901522 -0.874255
v -0.000000 0.901270 -0.874228
v 0.003019 0.901522 -0.874255
v 0.005911 0.902277 -0.874334
v 0.008549 0.903537 -0.874466
v -0.008686 0.903693 -0.871056
v -0.006005 0.902413 -0.870922
v -0.003067 0.901645 -0.870841
v 0.000000 0.901389 -0.870814
v 0.003067 0.901645 -0.870841
v 0.006005 0.902413 -0.870922
v 0.008686 0.903693 -0.871056
v -0.008825 0.903851 -0.867606
v -0.006101 0.902551 -0.867469
v -0.003116 0.901771 -0.867387
v -0.000000 0.901511 -0.867360
v 0.003116 0.901771 -0.867387
v 0.006101 0.902551 -0.867469
v 0.008825 0.903851 -0.867606
v -0.008965 0.904011 -0.864112
v -0.006198 0.902690 -0.863974
v -0.003165 0.901898 -0.863890
v -0.000000 0.901633 -0.863863
v 0.003165 0.901898 -0.863890
v 0.006198 0.902690 -0.863974
v 0.008965 0.904011 -0.864113
v -0.009107 0.904173 -0.860575
v -0.006296 0.902831 -0.860434
v -0.003215 0.902026 -0.860349
v 0.000000 0.901758 -0.860321
v 0.003215 0.902026 -0.860349
v 0.006296 0.902831 -0.860434
v 0.009107 0.904173 -0.860575
v 0.012186 0.907114 -0.881581
v 0.013412 0.909655 -0.881848
v 0.014148 0.912441 -0.882141
v 0.014394 0.915349 -0.882447
v 0.014148 0.918257 -0.882752
v 0.013412 0.921042 -0.883045
v 0.012186 0.923584 -0.883312
v 0.012382 0.907329 -0.878253
v 0.013629 0.909912 -0.878524
v 0.014377 0.912742 -0.878822
v 0.014626 0.915697 -0.879132
v 0.014377 0.918652 -0.879443
v 0.013629 0.921483 -0.879740
v 0.012382 0.924065 -0.880012
v 0.012581 0.907547 -0.874888
v 0.013848 0.910171 -0.875164
v 0.014608 0.913047 -0.875466
v 0.014861 0.916050 -0.875782
v 0.014608 0.919052 -0.876097
v 0.013848 0.921928 -0.876399
v 0.012581 0.924552 -0.876675
v 0.012783 0.907767 -0.871485
v 0.014069 0.910433 -0.871765
v 0.014842 0.913356 -0.872072
v 0.015099 0.916406 -0.872393
v 0.014842 0.919456 -0.872713
v 0.014069 0.922378 -0.873020
v 0.012783 0.925044 -0.873301
v 0.012986 0.907990 -0.868041
v 0.014294 0.910699 -0.868325
v 0.015078 0.913667 -0.868638
v 0.015339 0.916766 -0.868963
v 0.015078 0.919865 -0.869289
v 0.014294 0.922834 -0.869601
v 0.012986 0.925542 -0.869886
v 0.013192 0.908216 -0.864554
v 0.014521 0.910967 -0.864844
v 0.015317 0.913983 -0.865161
v 0.015583 0.917131 -0.865492
v 0.015317 0.920279 -0.865822
v 0.014521 0.923295 -0.866139
v 0.013192 0.926047 -0.866429
v 0.013401 0.908444 -0.861024
v 0.014750 0.911239 -0.861318
v 0.015560 0.914303 -0.861640
v 0.015830 0.917501 -0.861976
v 0.015560 0.920698 -0.862312
v 0.014750 0.923762 -0.862634
v 0.013401 0.926557 -0.862928
v 0.008280 0.927468 -0.883720
v 0.005725 0.928688 -0.883849
v 0.002924 0.929420 -0.883926
v 0.000000 0.929664 -0.883951
v -0.002924 0.929420 -0.883926
v -0.005725 0.928688 -0.883849
v -0.008280 0.927468 -0.883720
v 0.008414 0.928012 -0.880427
v 0.005817 0.929251 -0.880557
v 0.002971 0.929995 -0.880635
v -0.000000 0.930243 -0.880661
v -0.002971 0.929995 -0.880635
v -0.005817 0.929252 -0.880557
v -0.008414 0.928012 -0.880427
v 0.008549 0.928562 -0.877097
v 0.005911 0.929822 -0.877229
v 0.003019 0.930577 -0.877309
v 0.000000 0.930829 -0.877335
v -0.003019 0.930577 -0.877309
v -0.005911 0.929822 -0.877229
v -0.008549 0.928562 -0.877097
v 0.008686 0.929118 -0.873729
v 0.006005 0.930398 -0.873863
v 0.003067 0.931166 -0.873944
v -0.000000 0.931422 -0.873971
v -0.003067 0.931166 -0.873944
v -0.006005 0.930398 -0.873863
v -0.008686 0.929118 -0.873729
v 0.008825 0.929681 -0.870321
v 0.006101 0.930981 -0.870457
v 0.003116 0.931762 -0.870539
v 0.000000 0.932022 -0.870567
v -0.003116 0.931762 -0.870539
v -0.006101 0.930981 -0.870458
v -0.008825 0.929681 -0.870321
v 0.008965 0.930251 -0.866871
v 0.006198 0.931572 -0.867010
v 0.003165 0.932365 -0.867093
v 0.000000 0.932629 -0.867121
v -0.003165 0.932365 -0.867093
v -0.006198 0.931572 -0.867010
v -0.008965 0.930251 -0.866871
v 0.009107 0.930828 -0.863377
v 0.006296 0.932170 -0.863518
v 0.003215 0.932975 -0.863602
v -0.000000 0.933244 -0.863631
v -0.003215 0.932975 -0.863602
v -0.006296 0.932170 -0.863518
v -0.009107 0.930828 -0.863377
v -0.012186 0.923584 -0.883312
v -0.013412 0.921042 -0.883045
v -0.014148 0.918257 -0.882752
v -0.014394 0.915349 -0.882447
v -0.014148 0.912441 -0.882141
v -0.013412 0.909655 -0.881848
v -0.012186 0.907114 -0.881581
v -0.012382 0.924065 -0.880012
v -0.013629 0.921483 -0.879740
v -0.014377 0.918652 -0.879443
v -0.014626 0.915697 -0.879132
v -0.014377 0.912742 -0.878822
v -0.013629 0.909912 -0.878524
v -0.012382 0.907329 -0.878253
v -0.012581 0.924552 -0.876675
v -0.013848 0.921928 -0.876399
v -0.014608 0.919052 -0.876097
v -0.014861 0.916050 -0.875782
v -0.014608 0.913047 -0.875466
v -0.013848 0.910171 -0.875164
v -0.012581 0.907547 -0.874888
v -0.012783 0.925044 -0.873301
v -0.014069 0.922378 -0.873020
v -0.014842 0.919456 -0.872713
v -0.015099 0.916406 -0.872393
v -0.014842 0.913356 -0.872072
v -0.014069 0.910433 -0.871765
v -0.012783 0.907767 -0.871485
v -0.012986 0.925542 -0.869886
v -0.014294 0.922834 -0.869601
v -0.015078 0.919865 -0.869289
v -0.015339 0.916766 -0.868963
v -0.015078 0.913667 -0.868638
v -0.014294 0.910699 -0.868325
v -0.012986 0.907990 -0.868041
v -0.013192 0.926047 -0.866429
v -0.014521 0.923295 -0.866140
v -0.015317 0.920279 -0.865822
v -0.015583 0.917131 -0.865492
v -0.015317 0.913983 -0.865161
v -0.014521 0.910967 -0.864844
v -0.013192 0.908216 -0.864554
v -0.013401 0.926557 -0.862928
v -0.014750 0.923762 -0.862634
v -0.015560 0.920698 -0.862312
v -0.015830 0.917501 -0.861976
v -0.015560 0.914303 -0.861640
v -0.014750 0.911239 -0.861318
v -0.013401 0.908444 -0.861024
v -0.007256 0.902061 -0.906716
v -0.005016 0.900992 -0.906604
v -0.002562 0.900351 -0.906537
v 0.000000 0.900137 -0.906514
v 0.002562 0.900351 -0.906537
v 0.005016 0.900992 -0.906604
v 0.007256 0.902061 -0.906717
v -0.007380 0.902203 -0.903623
v -0.005102 0.901115 -0.903509
v -0.002606 0.900463 -0.903440
v 0.000000 0.900245 -0.903417
v 0.002606 0.900463 -0.903440
v 0.005102 0.901115 -0.903509
v 0.007380 0.902203 -0.903623
v -0.007505 0.902345 -0.900504
v -0.005189 0.901239 -0.900387
v -0.002650 0.900576 -0.900318
v 0.000000 0.900355 -0.900294
v 0.002650 0.900576 -0.900318
v 0.005189 0.901240 -0.900387
v 0.007505 0.902345 -0.900504
v -0.007631 0.902489 -0.897357
v -0.005276 0.901365 -0.897238
v -0.002695 0.900690 -0.897167
v -0.000000 0.900466 -0.897144
v 0.002695 0.900690 -0.897168
v 0.005276 0.901365 -0.897238
v 0.007631 0.902489 -0.897357
v -0.007759 0.902635 -0.894181
v -0.005364 0.901492 -0.894061
v -0.002740 0.900806 -0.893989
v -0.000000 0.900577 -0.893965
v 0.002740 0.900806 -0.893989
v 0.005364 0.901492 -0.894061
v 0.007759 0.902635 -0.894181
v -0.007887 0.902781 -0.890976
v -0.005453 0.901619 -0.890854
v -0.002785 0.900922 -0.890781
v 0.000000 0.900690 -0.890756
v 0.002785 0.900922 -0.890781
v 0.005453 0.901619 -0.890854
v 0.007887 0.902781 -0.890976
v -0.008017 0.902929 -0.887740
v -0.005543 0.901748 -0.887616
v -0.002831 0.901040 -0.887542
v -0.000000 0.900803 -0.887517
v 0.002831 0.901040 -0.887542
v 0.005543 0.901748 -0.887616
v 0.008017 0.902929 -0.887740
v 0.010678 0.905464 -0.907074
v 0.011753 0.907691 -0.907308
v 0.012398 0.910132 -0.907565
v 0.012613 0.912680 -0.907833
v 0.012398 0.915228 -0.908100
v 0.011753 0.917669 -0.908357
v 0.010678 0.919897 -0.908591
v 0.010861 0.905664 -0.903987
v 0.011954 0.907929 -0.904225
v 0.012610 0.910412 -0.904486
v 0.012829 0.913004 -0.904759
v 0.012610 0.915595 -0.905031
v 0.011954 0.918078 -0.905292
v 0.010861 0.920343 -0.905530
v 0.011045 0.905865 -0.900874
v 0.012156 0.908169 -0.901116
v 0.012824 0.910694 -0.901381
v 0.013046 0.913330 -0.901658
v 0.012824 0.915965 -0.901935
v 0.012157 0.918490 -0.902201
v 0.011045 0.920794 -0.902443
v 0.011230 0.906069 -0.897733
v 0.012361 0.908411 -0.897979
v 0.013039 0.910978 -0.898249
v 0.013265 0.913658 -0.898530
v 0.013039 0.916338 -0.898812
v 0.012361 0.918905 -0.899082
v 0.011230 0.921248 -0.899328
v 0.011418 0.906274 -0.894563
v 0.012567 0.908655 -0.894814
v 0.013257 0.911265 -0.895088
v 0.013487 0.913990 -0.895375
v 0.013257 0.916714 -0.895661
v 0.012567 0.919325 -0.895935
v 0.011418 0.921706 -0.896186
v 0.011607 0.906481 -0.891365
v 0.012775 0.908902 -0.891619
v 0.013477 0.911555 -0.891898
v 0.013710 0.914325 -0.892189
v 0.013477 0.917094 -0.892480
v 0.012775 0.919748 -0.892759
v 0.011607 0.922169 -0.893014
v 0.011798 0.906690 -0.888136
v 0.012986 0.909151 -0.888394
v 0.013698 0.911848 -0.888678
v 0.013936 0.914663 -0.888974
v 0.013698 0.917478 -0.889270
v 0.012986 0.920175 -0.889553
v 0.011798 0.922636 -0.889812
v 0.007256 0.923300 -0.908949
v 0.005016 0.924369 -0.909061
v 0.002562 0.925010 -0.909129
v -0.000000 0.925224 -0.909151
v -0.002562 0.925010 -0.909129
v -0.005016 0.924369 -0.909061
v -0.007256 0.923300 -0.908949
v 0.007380 0.923804 -0.905894
v 0.005102 0.924892 -0.906008
v 0.002606 0.925544 -0.906077
v -0.000000 0.925762 -0.906100
v -0.002606 0.925544 -0.906077
v -0.005102 0.924892 -0.906008
v -0.007380 0.923805 -0.905894
v 0.007505 0.924314 -0.902813
v 0.005189 0.925419 -0.902929
v 0.002650 0.926083 -0.902999
v -0.000000 0.926304 -0.903022
v -0.002650 0.926083 -0.902999
v -0.005189 0.925419 -0.902929
v -0.007505 0.924314 -0.902813
v 0.007631 0.924827 -0.899705
v 0.005276 0.925951 -0.899823
v 0.002695 0.926626 -0.899894
v 0.000000 0.926851 -0.899917
v -0.002695 0.926626 -0.899894
v -0.005276 0.925951 -0.899823
v -0.007631 0.924827 -0.899705
v 0.007759 0.925345 -0.896568
v 0.005364 0.926488 -0.896688
v 0.002740 0.927174 -0.896760
v 0.000000 0.927403 -0.896784
v -0.002740 0.927174 -0.896760
v -0.005364 0.926488 -0.896688
v -0.007759 0.925345 -0.896568
v 0.007887 0.925868 -0.893403
v 0.005453 0.927030 -0.893525
v 0.002785 0.927727 -0.893598
v -0.000000 0.927960 -0.893623
v -0.002785 0.927727 -0.893598
v -0.005453 0.927030 -0.893525
v -0.007887 0.925868 -0.893403
v 0.008017 0.926396 -0.890207
v 0.005543 0.927577 -0.890331
v 0.002831 0.928286 -0.890406
v 0.000000 0.928522 -0.890431
v -0.002831 0.928286 -0.890406
v -0.005543 0.927577 -0.890331
v -0.008017 0.926396 -0.890207
v -0.010678 0.919897 -0.908591
v -0.011753 0.917669 -0.908357
v -0.012398 0.915228 -0.908101
v -0.012613 0.912680 -0.907833
v -0.012398 0.910132 -0.907565
v -0.011753 0.907691 -0.907308
v -0.010678 0.905464 -0.907074
v -0.010861 0.920343 -0.905530
v -0.011954 0.918078 -0.905292
v -0.012610 0.915595 -0.905031
v -0.012829 0.913004 -0.904759
v -0.012610 0.910412 -0.904486
v -0.011954 0.907929 -0.904225
v -0.010861 0.905664 -0.903987
v -0.011045 0.920794 -0.902443
v -0.012156 0.918490 -0.902201
v -0.012824 0.915965 -0.901935
v -0.013046 0.913329 -0.901658
v -0.012824 0.910694 -0.901381
v -0.012157 0.908169 -0.901116
v -0.011045 0.905865 -0.900874
v -0.011230 0.921248 -0.899328
v -0.012361 0.918905 -0.899082
v -0.013039 0.916338 -0.898812
v -0.013265 0.913658 -0.898531
v -0.013039 0.910979 -0.898249
v -0.012361 0.908411 -0.897979
v -0.011230 0.906069 -0.897733
v -0.011418 0.921706 -0.896186
v -0.012567 0.919325 -0.895935
v -0.013257 0.916715 -0.895661
v -0.013487 0.913990 -0.895375
v -0.013257 0.911265 -0.895088
v -0.012567 0.908655 -0.894814
v -0.011418 0.906274 -0.894563
v -0.011607 0.922169 -0.893014
v -0.012775 0.919748 -0.892759
v -0.013477 0.917094 -0.892480
v -0.013710 0.914325 -0.892189
v -0.013477 0.911555 -0.891898
v -0.012775 0.908902 -0.891619
v -0.011607 0.906481 -0.891365
v -0.011798 0.922636 -0.889812
v -0.012986 0.920175 -0.889553
v -0.013698 0.917478 -0.889270
v -0.013936 0.914663 -0.888974
v -0.013698 0.911848 -0.888678
v -0.012986 0.909151 -0.888394
v -0.011798 0.906690 -0.888136
v -0.006297 0.900967 -0.930617
v -0.004354 0.900039 -0.930519
v -0.002224 0.899483 -0.930461
v 0.000000 0.899297 -0.930441
v 0.002224 0.899483 -0.930461
v 0.004354 0.900039 -0.930519
v 0.006297 0.900967 -0.930617
v -0.006414 0.901100 -0.927705
v -0.004435 0.900155 -0.927606
v -0.002265 0.899588 -0.927546
v 0.000000 0.899399 -0.927526
v 0.002265 0.899588 -0.927546
v 0.004435 0.900155 -0.927606
v 0.006414 0.901100 -0.927705
v -0.006532 0.901235 -0.924773
v -0.004516 0.900272 -0.924672
v -0.002306 0.899695 -0.924611
v 0.000000 0.899502 -0.924591
v 0.002306 0.899695 -0.924611
v 0.004516 0.900272 -0.924672
v 0.006532 0.901235 -0.924773
v -0.006650 0.901370 -0.921820
v -0.004598 0.900390 -0.921717
v -0.002348 0.899802 -0.921655
v -0.000000 0.899606 -0.921634
v 0.002348 0.899802 -0.921655
v 0.004598 0.900390 -0.921717
v 0.006650 0.901370 -0.921820
v -0.006770 0.901506 -0.918845
v -0.004680 0.900508 -0.918740
v -0.002390 0.899910 -0.918677
v 0.000000 0.899711 -0.918656
v 0.002390 0.899910 -0.918677
v 0.004680 0.900509 -0.918740
v 0.006770 0.901506 -0.918845
v -0.006890 0.901643 -0.915848
v -0.004763 0.900628 -0.915741
v -0.002433 0.900019 -0.915677
v -0.000000 0.899816 -0.915656
v 0.002433 0.900019 -0.915677
v 0.004763 0.900628 -0.915741
v 0.006890 0.901643 -0.915848
v -0.007011 0.901781 -0.912828
v -0.004847 0.900748 -0.912719
v -0.002475 0.900129 -0.912654
v -0.000000 0.899922 -0.912633
v 0.002475 0.900129 -0.912654
v 0.004847 0.900748 -0.912719
v 0.007011 0.901781 -0.912828
v 0.009267 0.903921 -0.930927
v 0.010200 0.905854 -0.931131
v 0.010760 0.907972 -0.931353
v 0.010947 0.910184 -0.931586
v 0.010760 0.912395 -0.931818
v 0.010200 0.914514 -0.932041
v 0.009267 0.916447 -0.932244
v 0.009439 0.904109 -0.928021
v 0.010389 0.906078 -0.928228
v 0.010960 0.908236 -0.928455
v 0.011150 0.910488 -0.928692
v 0.010960 0.912740 -0.928929
v 0.010389 0.914898 -0.929155
v 0.009439 0.916867 -0.929362
v 0.009612 0.904298 -0.925095
v 0.010580 0.906303 -0.925306
v 0.011161 0.908501 -0.925537
v 0.011354 0.910794 -0.925778
v 0.011161 0.913088 -0.926019
v 0.010580 0.915285 -0.926250
v 0.009612 0.917290 -0.926461
v 0.009787 0.904489 -0.922148
v 0.010772 0.906530 -0.922362
v 0.011363 0.908768 -0.922597
v 0.011560 0.911103 -0.922843
v 0.011363 0.913438 -0.923088
v 0.010772 0.915675 -0.923324
v 0.009787 0.917716 -0.923538
v 0.009962 0.904681 -0.919179
v 0.010965 0.906759 -0.919397
v 0.011567 0.909036 -0.919636
v 0.011767 0.911414 -0.919887
v 0.011567 0.913791 -0.920136
v 0.010965 0.916068 -0.920376
v 0.009962 0.918146 -0.920594
v 0.010139 0.904875 -0.916188
v 0.011160 0.906989 -0.916410
v 0.011772 0.909307 -0.916654
v 0.011976 0.911727 -0.916908
v 0.011772 0.914146 -0.917162
v 0.011160 0.916464 -0.917406
v 0.010139 0.918579 -0.917628
v 0.010317 0.905070 -0.913173
v 0.011356 0.907221 -0.913400
v 0.011979 0.909580 -0.913648
v 0.012187 0.912042 -0.913907
v 0.011979 0.914504 -0.914165
v 0.011356 0.916862 -0.914413
v 0.010317 0.919015 -0.914639
v 0.006297 0.919400 -0.932554
v 0.004354 0.920328 -0.932652
v 0.002224 0.920885 -0.932710
v -0.000000 0.921070 -0.932730
v -0.002224 0.920885 -0.932710
v -0.004354 0.920328 -0.932652
v -0.006297 0.919400 -0.932554
v 0.006414 0.919875 -0.929679
v 0.004435 0.920820 -0.929778
v 0.002265 0.921387 -0.929837
v -0.000000 0.921576 -0.929857
v -0.002265 0.921387 -0.929837
v -0.004435 0.920820 -0.929778
v -0.006414 0.919875 -0.929679
v 0.006532 0.920354 -0.926783
v 0.004516 0.921316 -0.926884
v 0.002306 0.921894 -0.926945
v -0.000000 0.922086 -0.926965
v -0.002306 0.921894 -0.926945
v -0.004516 0.921316 -0.926884
v -0.006532 0.920354 -0.926783
v 0.006650 0.920836 -0.923866
v 0.004598 0.921815 -0.923969
v 0.002348 0.922404 -0.924031
v 0.000000 0.922599 -0.924051
v -0.002348 0.922404 -0.924031
v -0.004598 0.921816 -0.923969
v -0.006650 0.920836 -0.923866
v 0.006770 0.921321 -0.920928
v 0.004680 0.922318 -0.921033
v 0.002390 0.922917 -0.921096
v -0.000000 0.923116 -0.921117
v -0.002390 0.922917 -0.921096
v -0.004680 0.922318 -0.921033
v -0.006770 0.921321 -0.920928
v 0.006890 0.921810 -0.917968
v 0.004763 0.922825 -0.918074
v 0.002433 0.923434 -0.918139
v 0.000000 0.923637 -0.918160
v -0.002433 0.923434 -0.918139
v -0.004763 0.922825 -0.918074
v -0.006890 0.921810 -0.917968
v 0.007011 0.922303 -0.914985
v 0.004847 0.923336 -0.915094
v 0.002475 0.923956 -0.915159
v 0.000000 0.924162 -0.915181
v -0.002475 0.923956 -0.915159
v -0.004847 0.923336 -0.915094
v -0.007011 0.922303 -0.914985
v -0.009267 0.916447 -0.932244
v -0.010200 0.914514 -0.932041
v -0.010760 0.912395 -0.931818
v -0.010947 0.910184 -0.931586
v -0.010760 0.907972 -0.931353
v -0.010200 0.905854 -0.931131
v -0.009267 0.903921 -0.930927
v -0.009439 0.916867 -0.929362
v -0.010389 0.914898 -0.929155
v -0.010960 0.912740 -0.928929
v -0.011150 0.910488 -0.928692
v -0.010960 0.908236 -0.928455
v -0.010389 0.906078 -0.928228
v -0.009439 0.904109 -0.928021
v -0.009612 0.917290 -0.926461
v -0.010580 0.915285 -0.926250
v -0.011161 0.913088 -0.926019
v -0.011354 0.910794 -0.925778
v -0.011161 0.908501 -0.925537
v -0.010580 0.906303 -0.925306
v -0.009612 0.904298 -0.925095
v -0.009787 0.917716 -0.923538
v -0.010772 0.915675 -0.923323
v -0.011363 0.913438 -0.923088
v -0.011560 0.911103 -0.922843
v -0.011363 0.908768 -0.922597
v -0.010772 0.906530 -0.922362
v -0.009787 0.904489 -0.922148
v -0.009962 0.918146 -0.920594
v -0.010965 0.916068 -0.920376
v -0.011567 0.913791 -0.920136
v -0.011767 0.911414 -0.919886
v -0.011567 0.909036 -0.919636
v -0.010965 0.906759 -0.919397
v -0.009962 0.904681 -0.919179
v -0.010139 0.918579 -0.917628
v -0.011160 0.916464 -0.917406
v -0.011772 0.914146 -0.917162
v -0.011976 0.911727 -0.916908
v -0.011772 0.909307 -0.916654
v -0.011160 0.906989 -0.916410
v -0.010139 0.904874 -0.916188
v -0.010317 0.919015 -0.914639
v -0.011356 0.916862 -0.914413
v -0.011979 0.914504 -0.914165
v -0.012187 0.912042 -0.913907
v -0.011979 0.909580 -0.913648
v -0.011356 0.907222 -0.913400
v -0.010317 0.905070 -0.913174
v -0.004593 0.901740 -0.949947
v -0.003222 0.901161 -0.950152
v -0.001660 0.900794 -0.950330
v -0.000000 0.900664 -0.950402
v 0.001660 0.900794 -0.950330
v 0.003222 0.901161 -0.950152
v 0.004593 0.901740 -0.949947
v -0.004909 0.901235 -0.948362
v -0.003410 0.900536 -0.948443
v -0.001747 0.900109 -0.948537
v -0.000000 0.899964 -0.948582
v 0.001747 0.900109 -0.948537
v 0.003410 0.900536 -0.948443
v 0.004909 0.901235 -0.948362
v -0.005238 0.900884 -0.946455
v -0.003624 0.900111 -0.946457
v -0.001852 0.899645 -0.946489
v -0.000000 0.899488 -0.946509
v 0.001852 0.899645 -0.946489
v 0.003624 0.900111 -0.946457
v 0.005238 0.900884 -0.946455
v -0.005529 0.900674 -0.944255
v -0.003823 0.899857 -0.944212
v -0.001952 0.899365 -0.944202
v 0.000000 0.899201 -0.944203
v 0.001952 0.899365 -0.944202
v 0.003823 0.899857 -0.944212
v 0.005529 0.900674 -0.944255
v -0.005755 0.900595 -0.941805
v -0.003979 0.899746 -0.941733
v -0.002032 0.899236 -0.941697
v 0.000000 0.899065 -0.941687
v 0.002032 0.899236 -0.941697
v 0.003979 0.899745 -0.941733
v 0.005755 0.900595 -0.941805
v -0.005927 0.900618 -0.939157
v -0.004098 0.899744 -0.939070
v -0.002093 0.899220 -0.939021
v 0.000000 0.899045 -0.939005
v 0.002093 0.899220 -0.939021
v 0.004098 0.899744 -0.939070
v 0.005927 0.900618 -0.939157
v -0.006063 0.900709 -0.936372
v -0.004192 0.899815 -0.936279
v -0.002141 0.899279 -0.936223
v 0.000000 0.899101 -0.936205
v 0.002141 0.899279 -0.936223
v 0.004192 0.899815 -0.936279
v 0.006063 0.900709 -0.936372
v 0.006478 0.903615 -0.950144
v 0.007032 0.904950 -0.950550
v 0.007379 0.906482 -0.950928
v 0.007501 0.908123 -0.951186
v 0.007379 0.909783 -0.951275
v 0.007032 0.911359 -0.951224
v 0.006478 0.912750 -0.951104
v 0.007146 0.903459 -0.948596
v 0.007832 0.904934 -0.948905
v 0.008247 0.906574 -0.949217
v 0.008387 0.908305 -0.949458
v 0.008247 0.910048 -0.949582
v 0.007832 0.911717 -0.949618
v 0.007146 0.913224 -0.949623
v 0.007695 0.903327 -0.946711
v 0.008463 0.904923 -0.946963
v 0.008923 0.906678 -0.947229
v 0.009077 0.908515 -0.947458
v 0.008923 0.910361 -0.947616
v 0.008463 0.912132 -0.947720
v 0.007695 0.913746 -0.947807
v 0.008134 0.903264 -0.944528
v 0.008951 0.904956 -0.944748
v 0.009441 0.906812 -0.944985
v 0.009604 0.908752 -0.945208
v 0.009441 0.910696 -0.945393
v 0.008951 0.912560 -0.945547
v 0.008134 0.914261 -0.945684
v 0.008468 0.903293 -0.942088
v 0.009320 0.905057 -0.942291
v 0.009831 0.906992 -0.942512
v 0.010001 0.909012 -0.942733
v 0.009831 0.911034 -0.942937
v 0.009320 0.912972 -0.943123
v 0.008468 0.914740 -0.943292
v 0.008722 0.903397 -0.939449
v 0.009600 0.905216 -0.939646
v 0.010127 0.907210 -0.939860
v 0.010302 0.909291 -0.940082
v 0.010127 0.911372 -0.940298
v 0.009600 0.913367 -0.940502
v 0.008722 0.915187 -0.940689
v 0.008923 0.903553 -0.936671
v 0.009821 0.905414 -0.936867
v 0.010360 0.907453 -0.937082
v 0.010539 0.909582 -0.937306
v 0.010360 0.911711 -0.937530
v 0.009821 0.913751 -0.937744
v 0.008923 0.915612 -0.937939
v 0.004593 0.914625 -0.951301
v 0.003222 0.915149 -0.951622
v 0.001660 0.915471 -0.951872
v 0.000000 0.915583 -0.951970
v -0.001660 0.915471 -0.951872
v -0.003222 0.915149 -0.951622
v -0.004593 0.914625 -0.951301
v 0.004909 0.915448 -0.949856
v 0.003410 0.916115 -0.950080
v 0.001747 0.916513 -0.950262
v 0.000000 0.916646 -0.950335
v -0.001747 0.916513 -0.950262
v -0.003410 0.916115 -0.950080
v -0.004909 0.915448 -0.949856
v 0.005238 0.916189 -0.948063
v 0.003624 0.916944 -0.948226
v 0.001852 0.917394 -0.948355
v 0.000000 0.917543 -0.948407
v -0.001852 0.917394 -0.948355
v -0.003624 0.916944 -0.948226
v -0.005238 0.916189 -0.948063
v 0.005529 0.916852 -0.945956
v 0.003823 0.917660 -0.946083
v 0.001952 0.918143 -0.946176
v 0.000000 0.918303 -0.946212
v -0.001952 0.918143 -0.946176
v -0.003823 0.917660 -0.946083
v -0.005529 0.916852 -0.945956
v 0.005755 0.917439 -0.943575
v 0.003979 0.918284 -0.943682
v 0.002032 0.918790 -0.943753
v 0.000000 0.918959 -0.943778
v -0.002032 0.918790 -0.943753
v -0.003979 0.918284 -0.943682
v -0.005755 0.917439 -0.943575
v 0.005927 0.917966 -0.940981
v 0.004098 0.918839 -0.941078
v 0.002093 0.919362 -0.941138
v 0.000000 0.919537 -0.941159
v -0.002093 0.919362 -0.941138
v -0.004098 0.918839 -0.941078
v -0.005927 0.917966 -0.940981
v 0.006063 0.918456 -0.938238
v 0.004192 0.919349 -0.938332
v 0.002141 0.919885 -0.938389
v 0.000000 0.920064 -0.938408
v -0.002141 0.919885 -0.938389
v -0.004192 0.919349 -0.938332
v -0.006063 0.918456 -0.938238
v -0.006478 0.912750 -0.951104
v -0.007032 0.911359 -0.951224
v -0.007379 0.909783 -0.951275
v -0.007501 0.908123 -0.951186
v -0.007379 0.906482 -0.950928
v -0.007032 0.904950 -0.950550
v -0.006478 0.903615 -0.950144
v -0.007146 0.913224 -0.949623
v -0.007832 0.911717 -0.949618
v -0.008247 0.910048 -0.949582
v -0.008387 0.908305 -0.949458
v -0.008247 0.906574 -0.949217
v -0.007832 0.904934 -0.948905
v -0.007146 0.903459 -0.948596
v -0.007695 0.913746 -0.947807
v -0.008463 0.912132 -0.947720
v -0.008923 0.910360 -0.947616
v -0.009077 0.908515 -0.947458
v -0.008923 0.906678 -0.947229
v -0.008463 0.904923 -0.946963
v -0.007695 0.903327 -0.946711
v -0.008134 0.914261 -0.945684
v -0.008951 0.912560 -0.945547
v -0.009441 0.910696 -0.945393
v -0.009604 0.908752 -0.945208
v -0.009441 0.906812 -0.944985
v -0.008951 0.904956 -0.944748
v -0.008134 0.903264 -0.944528
v -0.008468 0.914740 -0.943292
v -0.009320 0.912972 -0.943123
v -0.009831 0.911034 -0.942937
v -0.010001 0.909012 -0.942733
v -0.009831 0.906992 -0.942512
v -0.009320 0.905057 -0.942291
v -0.008468 0.903293 -0.942088
v -0.008722 0.915187 -0.940689
v -0.009600 0.913367 -0.940503
v -0.010127 0.911372 -0.940298
v -0.010302 0.909291 -0.940082
v -0.010127 0.907209 -0.939860
v -0.009600 0.905216 -0.939646
v -0.008722 0.903397 -0.939449
v -0.008923 0.915612 -0.937939
v -0.009821 0.913751 -0.937744
v -0.010360 0.911711 -0.937530
v -0.010539 0.909582 -0.937306
v -0.010360 0.907453 -0.937082
v -0.009821 0.905414 -0.936867
v -0.008923 0.903553 -0.936671
v 0.114357 0.203513 -0.106418
v 0.098426 0.198418 -0.073395
v 0.088927 0.194298 -0.037219
v 0.085846 0.191259 0.000530
v 0.089178 0.189402 0.038271
v 0.098923 0.188830 0.074413
v 0.115088 0.189644 0.107368
v 0.106701 0.228347 -0.110241
v 0.090404 0.223462 -0.076054
v 0.080619 0.219863 -0.038564
v 0.077300 0.217621 0.000611
v 0.080429 0.216807 0.039836
v 0.090073 0.217473 0.077429
v 0.106323 0.219669 0.111694
v 0.099338 0.252999 -0.113607
v 0.082752 0.248026 -0.078298
v 0.072660 0.244655 -0.039488
v 0.068926 0.242953 0.001193
v 0.071494 0.242970 0.042076
v 0.080605 0.244706 0.081319
v 0.096576 0.248147 0.117039
v 0.092630 0.276810 -0.116480
v 0.075862 0.271491 -0.080063
v 0.065422 0.268103 -0.039874
v 0.060999 0.266729 0.002495
v 0.062457 0.267426 0.045353
v 0.070376 0.270120 0.086603
v 0.085511 0.274707 0.124050
v 0.086940 0.299122 -0.118825
v 0.070146 0.293238 -0.081300
v 0.059355 0.289618 -0.039646
v 0.053972 0.288396 0.004631
v 0.053712 0.289654 0.049853
v 0.059524 0.293254 0.093648
v 0.072780 0.298982 0.133401
v 0.082641 0.319277 -0.120614
v 0.066109 0.312629 -0.082010
v 0.055206 0.308560 -0.038899
v 0.049010 0.307271 0.007314
v 0.046884 0.308916 0.055073
v 0.049313 0.313450 0.102223
v 0.057992 0.320611 0.145898
v 0.080111 0.336612 -0.121821
v 0.064276 0.329025 -0.082205
v 0.053800 0.324275 -0.037768
v 0.047460 0.322639 0.010155
v 0.044024 0.324397 0.060264
v 0.042215 0.329833 0.111384
v 0.042198 0.338976 0.161503
v 0.166429 0.195764 0.157622
v 0.199993 0.200879 0.173342
v 0.236750 0.206995 0.182716
v 0.275083 0.213818 0.185758
v 0.313377 0.221056 0.182475
v 0.350026 0.228412 0.172872
v 0.383428 0.235590 0.156952
v 0.158702 0.228785 0.163748
v 0.193185 0.235418 0.179903
v 0.230984 0.243009 0.189459
v 0.270362 0.251220 0.192477
v 0.309605 0.259714 0.189004
v 0.347088 0.268134 0.179040
v 0.381210 0.276122 0.162568
v 0.149988 0.260027 0.170722
v 0.185751 0.268092 0.186999
v 0.225018 0.277116 0.196380
v 0.265795 0.286740 0.199062
v 0.306162 0.296590 0.195200
v 0.344498 0.306243 0.184777
v 0.379261 0.315259 0.167737
v 0.139928 0.289106 0.179189
v 0.177500 0.298465 0.195150
v 0.218870 0.308814 0.203842
v 0.261572 0.319802 0.205731
v 0.303317 0.331051 0.201180
v 0.342532 0.342054 0.190149
v 0.377819 0.352272 0.172497
v 0.128150 0.315642 0.189825
v 0.168524 0.326051 0.204723
v 0.212863 0.337541 0.212034
v 0.258057 0.349802 0.212601
v 0.301416 0.362450 0.207023
v 0.341487 0.374880 0.195206
v 0.377123 0.386434 0.176883
v 0.114239 0.339260 0.203434
v 0.160040 0.350162 0.215488
v 0.208557 0.362520 0.220452
v 0.256329 0.376008 0.219385
v 0.301103 0.390087 0.212634
v 0.341750 0.404019 0.199948
v 0.377423 0.417013 0.180924
v 0.099224 0.359328 0.219981
v 0.154474 0.369899 0.226502
v 0.207935 0.382897 0.228348
v 0.257648 0.397656 0.225695
v 0.303099 0.413250 0.217879
v 0.343730 0.428763 0.204365
v 0.378971 0.443276 0.184648
v 0.434357 0.248261 0.106427
v 0.450287 0.253355 0.073408
v 0.459780 0.257474 0.037241
v 0.462842 0.260516 -0.000492
v 0.459478 0.262376 -0.038209
v 0.449695 0.262953 -0.074325
v 0.433499 0.262144 -0.107259
v 0.433225 0.289408 0.110316
v 0.449518 0.294285 0.076159
v 0.459249 0.297882 0.038739
v 0.462419 0.300135 -0.000306
v 0.459031 0.300980 -0.039339
v 0.449086 0.300354 -0.076722
v 0.432587 0.298193 -0.110819
v 0.432148 0.329692 0.113859
v 0.448723 0.334636 0.078651
v 0.458630 0.337996 0.040080
v 0.461863 0.339737 -0.000165
v 0.458419 0.339826 -0.040399
v 0.448293 0.338225 -0.078935
v 0.431483 0.334903 -0.114086
v 0.431260 0.368292 0.117078
v 0.448004 0.373542 0.080899
v 0.458002 0.376906 0.041278
v 0.461239 0.378371 -0.000058
v 0.457703 0.377924 -0.041377
v 0.447380 0.375553 -0.080951
v 0.430256 0.371246 -0.117049
v 0.430698 0.404389 0.119990
v 0.447462 0.410137 0.082921
v 0.457444 0.413700 0.042344
v 0.460615 0.415082 0.000028
v 0.456947 0.414289 -0.042262
v 0.446410 0.411325 -0.082759
v 0.428977 0.406194 -0.119696
v 0.430596 0.437166 0.122618
v 0.447199 0.443555 0.084731
v 0.457036 0.447466 0.043294
v 0.460056 0.448919 0.000104
v 0.456210 0.447933 -0.043042
v 0.445447 0.444527 -0.084347
v 0.427718 0.438719 -0.122016
v 0.431089 0.465801 0.124981
v 0.447317 0.472929 0.086345
v 0.456857 0.477294 0.044139
v 0.459629 0.478929 0.000182
v 0.455555 0.477868 -0.043706
v 0.444554 0.474145 -0.085705
v 0.426548 0.467795 -0.123995
v 0.382158 0.256023 -0.157512
v 0.348626 0.250904 -0.173253
v 0.311906 0.244783 -0.182654
v 0.273605 0.237956 -0.185719
v 0.235330 0.230717 -0.182453
v 0.198688 0.223361 -0.172859
v 0.165286 0.216184 -0.156942
v 0.380208 0.289077 -0.162873
v 0.345974 0.282409 -0.179196
v 0.308476 0.274778 -0.188962
v 0.269358 0.266535 -0.192172
v 0.230263 0.258030 -0.188829
v 0.192835 0.249613 -0.178935
v 0.158716 0.241634 -0.162493
v 0.378071 0.323023 -0.167769
v 0.343147 0.314839 -0.184615
v 0.304894 0.305679 -0.194703
v 0.264994 0.295950 -0.198034
v 0.225128 0.286061 -0.194608
v 0.186977 0.276419 -0.184425
v 0.152225 0.267432 -0.167485
v 0.375839 0.356847 -0.172188
v 0.340256 0.347208 -0.189497
v 0.301291 0.336537 -0.199867
v 0.260667 0.325298 -0.203294
v 0.220107 0.313957 -0.199777
v 0.181334 0.302979 -0.189313
v 0.146071 0.292829 -0.171899
v 0.373608 0.389534 -0.176120
v 0.337410 0.378529 -0.193834
v 0.297795 0.366403 -0.204443
v 0.256530 0.353676 -0.207942
v 0.215383 0.340867 -0.204325
v 0.176122 0.328494 -0.193585
v 0.140515 0.317078 -0.175717
v 0.371471 0.420071 -0.179552
v 0.334720 0.407815 -0.197612
v 0.294536 0.394329 -0.208421
v 0.252737 0.380182 -0.211967
v 0.211139 0.365938 -0.208239
v 0.171559 0.352165 -0.197227
v 0.135814 0.339430 -0.178920
v 0.369522 0.447443 -0.182473
v 0.332295 0.434080 -0.200822
v 0.291645 0.419368 -0.211789
v 0.249442 0.403912 -0.215357
v 0.207558 0.388318 -0.211507
v 0.167863 0.373191 -0.200224
v 0.132229 0.359137 -0.181489
v 0.160173 0.046674 -0.079695
v 0.147299 0.032150 -0.059048
v 0.139955 0.016556 -0.036612
v 0.138103 0.000558 -0.013358
v 0.141706 -0.015177 0.009740
v 0.150729 -0.029984 0.031710
v 0.165134 -0.043198 0.051580
v 0.156760 0.060586 -0.079953
v 0.143614 0.047208 -0.057456
v 0.136081 0.032934 -0.032958
v 0.134129 0.018367 -0.007523
v 0.137722 0.004113 0.017783
v 0.146827 -0.009224 0.041897
v 0.161407 -0.021038 0.063753
v 0.152566 0.076377 -0.081722
v 0.139093 0.064348 -0.057457
v 0.131330 0.051629 -0.030992
v 0.129246 0.038752 -0.003479
v 0.132809 0.026250 0.023931
v 0.141989 0.014655 0.050084
v 0.156755 0.004500 0.073829
v 0.147650 0.093921 -0.084686
v 0.133808 0.083347 -0.058739
v 0.125780 0.072317 -0.030403
v 0.123541 0.061286 -0.000914
v 0.127062 0.050708 0.028491
v 0.136318 0.041034 0.056579
v 0.151280 0.032719 0.082113
v 0.142071 0.113096 -0.088530
v 0.127828 0.103984 -0.060986
v 0.119513 0.094676 -0.030878
v 0.117104 0.085544 0.000479
v 0.120578 0.076960 0.031773
v 0.129912 0.069295 0.061687
v 0.145085 0.062921 0.088909
v 0.135888 0.133776 -0.092936
v 0.121225 0.126037 -0.063886
v 0.112609 0.118381 -0.032107
v 0.110024 0.111098 0.001012
v 0.113451 0.104480 0.034082
v 0.122873 0.098819 0.065715
v 0.138273 0.094407 0.094522
v 0.129160 0.155836 -0.097589
v 0.114067 0.149286 -0.067123
v 0.105148 0.143109 -0.033775
v 0.102390 0.137522 0.000994
v 0.105779 0.132743 0.035729
v 0.115302 0.128989 0.068969
v 0.130946 0.126479 0.099257
v 0.209722 -0.062304 0.081299
v 0.238505 -0.067595 0.090214
v 0.269869 -0.070093 0.095161
v 0.302450 -0.069862 0.096180
v 0.334884 -0.066969 0.093310
v 0.365807 -0.061478 0.086588
v 0.393855 -0.053455 0.076055
v 0.206636 -0.037798 0.096619
v 0.235863 -0.042217 0.106597
v 0.267724 -0.044060 0.112252
v 0.300835 -0.043407 0.113618
v 0.333808 -0.040335 0.110725
v 0.365256 -0.034923 0.103607
v 0.393795 -0.027249 0.092294
v 0.202690 -0.009467 0.109680
v 0.232415 -0.012839 0.120661
v 0.264841 -0.013895 0.126981
v 0.298554 -0.012727 0.128666
v 0.332143 -0.009430 0.125741
v 0.364196 -0.004096 0.118234
v 0.393301 0.003179 0.106171
v 0.197983 0.021884 0.120785
v 0.228257 0.019705 0.132709
v 0.261303 0.019564 0.139650
v 0.295682 0.021350 0.141628
v 0.329953 0.024950 0.138663
v 0.362677 0.030250 0.130778
v 0.392413 0.037137 0.117991
v 0.192615 0.055448 0.130236
v 0.223479 0.054583 0.143044
v 0.257196 0.055479 0.150563
v 0.292293 0.057999 0.152808
v 0.327302 0.062005 0.149795
v 0.360750 0.067362 0.141541
v 0.391168 0.073930 0.128062
v 0.186684 0.090417 0.138337
v 0.218176 0.090965 0.151969
v 0.252603 0.093012 0.160022
v 0.288463 0.096392 0.162509
v 0.324252 0.100939 0.159441
v 0.358467 0.106486 0.150831
v 0.389605 0.112866 0.136691
v 0.180290 0.125986 0.145390
v 0.212440 0.128019 0.159785
v 0.247610 0.131325 0.168330
v 0.284265 0.135704 0.171034
v 0.320866 0.140953 0.167905
v 0.355878 0.146869 0.158953
v 0.387764 0.153251 0.144186
v 0.436104 -0.030176 0.043863
v 0.448978 -0.015652 0.023216
v 0.456323 -0.000058 0.000780
v 0.458175 0.015940 -0.022474
v 0.454572 0.031675 -0.045572
v 0.445549 0.046482 -0.067542
v 0.431144 0.059696 -0.087412
v 0.436831 -0.005514 0.057388
v 0.449978 0.007864 0.034891
v 0.457510 0.022138 0.010393
v 0.459462 0.036705 -0.015042
v 0.455869 0.050958 -0.040348
v 0.446765 0.064295 -0.064461
v 0.432184 0.076110 -0.086318
v 0.437260 0.023110 0.068664
v 0.450732 0.035139 0.044399
v 0.458495 0.047858 0.017934
v 0.460580 0.060734 -0.009580
v 0.457016 0.073236 -0.036989
v 0.447836 0.084831 -0.063142
v 0.433070 0.094987 -0.086887
v 0.437403 0.055165 0.078000
v 0.451245 0.065740 0.052053
v 0.459273 0.076769 0.023717
v 0.461512 0.087800 -0.005772
v 0.457991 0.098379 -0.035177
v 0.448735 0.108053 -0.063265
v 0.433773 0.116367 -0.088798
v 0.437276 0.090120 0.085709
v 0.451519 0.099232 0.058166
v 0.459834 0.108540 0.028058
v 0.462243 0.117672 -0.003300
v 0.458769 0.126256 -0.034593
v 0.449435 0.133921 -0.064508
v 0.434262 0.140295 -0.091729
v 0.436892 0.127443 0.092100
v 0.451556 0.135182 0.063050
v 0.460171 0.142838 0.031271
v 0.462756 0.150121 -0.001848
v 0.459329 0.156739 -0.034918
v 0.449907 0.162400 -0.066551
v 0.434508 0.166812 -0.095358
v 0.436265 0.166603 0.097485
v 0.451358 0.173154 0.067018
v 0.460277 0.179331 0.033671
v 0.463036 0.184918 -0.001099
v 0.459647 0.189697 -0.035833
v 0.450124 0.193450 -0.069073
v 0.434480 0.195961 -0.099362
v 0.386555 0.078802 -0.117131
v 0.357772 0.084093 -0.126046
v 0.326409 0.086591 -0.130993
v 0.293828 0.086360 -0.132012
v 0.261394 0.083467 -0.129142
v 0.230471 0.077976 -0.122420
v 0.202423 0.069953 -0.111887
v 0.386955 0.092870 -0.119184
v 0.357729 0.097288 -0.129162
v 0.325867 0.099132 -0.134817
v 0.292756 0.098479 -0.136182
v 0.259784 0.095407 -0.133290
v 0.228335 0.089995 -0.126171
v 0.199797 0.082321 -0.114859
v 0.387136 0.108953 -0.122739
v 0.357410 0.112326 -0.133719
v 0.324985 0.113381 -0.140039
v 0.291271 0.112214 -0.141724
v 0.257682 0.108916 -0.138800
v 0.225629 0.103583 -0.131293
v 0.196524 0.096307 -0.119229
v 0.387070 0.127202 -0.127471
v 0.356796 0.129382 -0.139395
v 0.323750 0.129522 -0.146336
v 0.289371 0.127736 -0.148314
v 0.255100 0.124137 -0.145349
v 0.222376 0.118837 -0.137463
v 0.192640 0.111950 -0.124677
v 0.386732 0.147768 -0.133057
v 0.355868 0.148633 -0.145865
v 0.322151 0.147737 -0.153383
v 0.287054 0.145217 -0.155628
v 0.252045 0.141211 -0.152616
v 0.218597 0.135854 -0.144362
v 0.188179 0.129285 -0.130883
v 0.386096 0.170802 -0.139173
v 0.354604 0.170254 -0.152805
v 0.320177 0.168206 -0.160858
v 0.284317 0.164826 -0.163344
v 0.248528 0.160280 -0.160277
v 0.214313 0.154733 -0.151667
v 0.183175 0.148353 -0.137527
v 0.385136 0.196454 -0.145494
v 0.352986 0.194421 -0.159890
v 0.317815 0.191114 -0.168435
v 0.281161 0.186735 -0.171139
v 0.244559 0.181487 -0.168010
v 0.209547 0.175570 -0.159057
v 0.177662 0.169188 -0.144290
v -0.301884 -0.098141 0.995713
v -0.298267 -0.084864 0.971739
v -0.300769 -0.070863 0.947457
v -0.308940 -0.056722 0.923824
v -0.322326 -0.043024 0.901797
v -0.340475 -0.030354 0.882335
v -0.362935 -0.019296 0.866397
v -0.293787 -0.080540 1.004740
v -0.290552 -0.069129 0.978151
v -0.293660 -0.056930 0.951213
v -0.302622 -0.044463 0.924989
v -0.316948 -0.032243 0.900545
v -0.336151 -0.020791 0.878942
v -0.359740 -0.010622 0.861247
v -0.284771 -0.059875 1.011202
v -0.281930 -0.050642 0.981949
v -0.285676 -0.040535 0.952296
v -0.295480 -0.029997 0.923416
v -0.310814 -0.019468 0.896483
v -0.331148 -0.009390 0.872672
v -0.355954 -0.000205 0.853157
v -0.274978 -0.036611 1.015538
v -0.272570 -0.029817 0.983540
v -0.277010 -0.022019 0.951070
v -0.287724 -0.013576 0.919421
v -0.304139 -0.004847 0.889885
v -0.325683 0.003808 0.863753
v -0.351782 0.012032 0.842317
v -0.264550 -0.011213 1.018190
v -0.262644 -0.007067 0.983327
v -0.267854 -0.001722 0.947899
v -0.279560 0.004548 0.913325
v -0.297139 0.011469 0.881025
v -0.319970 0.018766 0.852416
v -0.347430 0.026165 0.828919
v -0.253629 0.015851 1.019599
v -0.252320 0.017194 0.981718
v -0.258402 0.020015 0.943148
v -0.271197 0.024125 0.905448
v -0.290030 0.029332 0.870176
v -0.314223 0.035445 0.838892
v -0.343102 0.042273 0.813153
v -0.242358 0.044119 1.020206
v -0.241771 0.042552 0.979117
v -0.248845 0.042851 0.937180
v -0.262842 0.044902 0.896107
v -0.283027 0.048591 0.857613
v -0.308659 0.053806 0.823410
v -0.339004 0.060432 0.795212
v -0.418837 -0.004235 0.848694
v -0.450523 -0.000706 0.847485
v -0.483007 0.000266 0.850912
v -0.514986 -0.001210 0.858573
v -0.545157 -0.005022 0.870064
v -0.572214 -0.011059 0.884985
v -0.594856 -0.019210 0.902934
v -0.417981 0.003890 0.841580
v -0.450803 0.007777 0.840227
v -0.484353 0.009468 0.844016
v -0.517290 0.009025 0.852501
v -0.548273 0.006510 0.865236
v -0.575962 0.001986 0.881774
v -0.599018 -0.004487 0.901670
v -0.416722 0.013797 0.831435
v -0.450775 0.018174 0.829911
v -0.485482 0.020779 0.834048
v -0.519462 0.021613 0.843354
v -0.551336 0.020678 0.857336
v -0.579724 0.017976 0.875504
v -0.603245 0.013508 0.897364
v -0.415214 0.025795 0.818396
v -0.450554 0.030903 0.816662
v -0.486465 0.034714 0.821127
v -0.521526 0.037154 0.831251
v -0.554318 0.038152 0.846494
v -0.583421 0.037632 0.866314
v -0.607415 0.035522 0.890172
v -0.413613 0.040192 0.802599
v -0.450256 0.046379 0.800603
v -0.487372 0.051787 0.805372
v -0.523501 0.056249 0.816314
v -0.557188 0.059600 0.832836
v -0.586975 0.061672 0.854346
v -0.611404 0.062299 0.880252
v -0.412072 0.057296 0.784181
v -0.449996 0.065019 0.781858
v -0.488273 0.072513 0.786900
v -0.525410 0.079498 0.798661
v -0.559919 0.085692 0.816490
v -0.590308 0.090815 0.839740
v -0.615089 0.094585 0.867761
v -0.410745 0.077416 0.763281
v -0.449890 0.087240 0.760550
v -0.489238 0.097408 0.765831
v -0.527273 0.107501 0.778412
v -0.562481 0.117099 0.797584
v -0.593344 0.125781 0.822636
v -0.618346 0.133127 0.852859
v -0.621967 -0.041334 0.946213
v -0.625585 -0.054611 0.970185
v -0.623083 -0.068613 0.994465
v -0.614914 -0.082755 1.018095
v -0.601530 -0.096453 1.040119
v -0.583382 -0.109123 1.059578
v -0.560922 -0.120182 1.075514
v -0.626168 -0.022954 0.949648
v -0.629410 -0.034368 0.976222
v -0.626311 -0.046569 1.003139
v -0.617361 -0.059041 1.029338
v -0.603045 -0.071264 1.053759
v -0.583852 -0.082720 1.075341
v -0.560270 -0.092891 1.093021
v -0.630487 -0.000645 0.950082
v -0.633351 -0.009886 0.979284
v -0.629638 -0.020004 1.008867
v -0.619871 -0.030555 1.037666
v -0.604575 -0.041097 1.064518
v -0.584273 -0.051186 1.088258
v -0.559491 -0.060380 1.107723
v -0.634730 0.026309 0.947717
v -0.637193 0.019496 0.979597
v -0.632831 0.011672 1.011898
v -0.622206 0.003198 1.043355
v -0.605880 -0.005561 1.072699
v -0.584414 -0.014243 1.098664
v -0.558369 -0.022486 1.119981
v -0.638705 0.058627 0.942752
v -0.640718 0.054444 0.977384
v -0.635659 0.049047 1.012484
v -0.624128 0.042717 1.046682
v -0.606722 0.035736 1.078608
v -0.584044 0.028387 1.106889
v -0.556691 0.020951 1.130154
v -0.642216 0.097027 0.935389
v -0.643710 0.095621 0.972870
v -0.637891 0.092709 1.010874
v -0.625396 0.088496 1.047925
v -0.606864 0.083186 1.082548
v -0.582932 0.076983 1.113266
v -0.554239 0.070091 1.138605
v -0.645070 0.142225 0.925826
v -0.645952 0.143690 0.966279
v -0.639294 0.143248 1.007318
v -0.625773 0.141033 1.047361
v -0.606067 0.137180 1.084825
v -0.580850 0.131822 1.118129
v -0.550800 0.125095 1.145691
v -0.505021 -0.135242 1.093217
v -0.473334 -0.138771 1.094428
v -0.440849 -0.139742 1.091003
v -0.408868 -0.138266 1.083346
v -0.378696 -0.134454 1.071857
v -0.351637 -0.128417 1.056939
v -0.328995 -0.120265 1.038992
v -0.502029 -0.107403 1.112688
v -0.469200 -0.111287 1.114056
v -0.435641 -0.112975 1.110288
v -0.402693 -0.112529 1.101827
v -0.371698 -0.110010 1.089116
v -0.343999 -0.105482 1.072599
v -0.320937 -0.099007 1.052718
v -0.498723 -0.074382 1.129444
v -0.464646 -0.078751 1.131019
v -0.429907 -0.081344 1.126953
v -0.395889 -0.082165 1.117728
v -0.363977 -0.081218 1.103827
v -0.335557 -0.078504 1.085730
v -0.312012 -0.074028 1.063920
v -0.494937 -0.036249 1.143902
v -0.459542 -0.041338 1.145754
v -0.423554 -0.045122 1.141457
v -0.388404 -0.047532 1.131525
v -0.355523 -0.048499 1.116475
v -0.326343 -0.047952 1.096822
v -0.302293 -0.045823 1.073083
v -0.490508 0.006924 1.156474
v -0.453757 0.000774 1.158702
v -0.416490 -0.004581 1.154260
v -0.380186 -0.008984 1.143694
v -0.346326 -0.012275 1.127548
v -0.316387 -0.014295 1.106365
v -0.291851 -0.014885 1.080691
v -0.485270 0.055068 1.167576
v -0.447159 0.047409 1.170300
v -0.408621 0.040004 1.165824
v -0.371183 0.033123 1.154712
v -0.336374 0.027032 1.137532
v -0.305722 0.022000 1.114848
v -0.280756 0.018293 1.087226
v -0.479058 0.108111 1.177623
v -0.439620 0.098388 1.180989
v -0.399855 0.088363 1.176607
v -0.361342 0.078434 1.165056
v -0.325658 0.069000 1.146914
v -0.294379 0.060461 1.122760
v -0.269082 0.053216 1.093174
v -0.219106 0.102377 1.020699
v -0.220460 0.094886 0.972479
v -0.229994 0.090426 0.922951
v -0.246818 0.089003 0.874193
v -0.270043 0.090628 0.828283
v -0.298788 0.095313 0.787313
v -0.332174 0.103072 0.753376
v -0.206056 0.131312 1.020995
v -0.208769 0.120901 0.968739
v -0.219936 0.114299 0.914819
v -0.238531 0.111539 0.861518
v -0.263542 0.112662 0.811140
v -0.294013 0.117740 0.766074
v -0.329001 0.126853 0.728729
v -0.190515 0.159339 1.021310
v -0.194987 0.146093 0.964604
v -0.208241 0.137539 0.905728
v -0.229018 0.133695 0.847181
v -0.256105 0.134604 0.791530
v -0.288481 0.140412 0.741629
v -0.325172 0.151290 0.700400
v -0.171272 0.185868 1.021612
v -0.178015 0.169915 0.959964
v -0.193953 0.159621 0.895442
v -0.217453 0.154934 0.830761
v -0.246995 0.155859 0.768802
v -0.281510 0.162646 0.713122
v -0.320041 0.175605 0.667446
v -0.147063 0.210232 1.021597
v -0.156875 0.191736 0.954327
v -0.176235 0.179954 0.883467
v -0.203008 0.174667 0.811859
v -0.235334 0.175787 0.742593
v -0.272191 0.183726 0.679989
v -0.312749 0.199023 0.628830
v -0.116420 0.231457 1.019870
v -0.131086 0.210596 0.945660
v -0.154741 0.197678 0.868277
v -0.184842 0.192101 0.790164
v -0.219683 0.193558 0.713691
v -0.258721 0.202781 0.642817
v -0.301599 0.220768 0.583151
v -0.078444 0.247925 1.013219
v -0.100729 0.225214 0.930808
v -0.129302 0.211839 0.847994
v -0.162112 0.206395 0.765382
v -0.198409 0.208266 0.683294
v -0.238677 0.218663 0.603480
v -0.283716 0.239586 0.530361
v -0.409238 0.127729 0.714477
v -0.450496 0.143847 0.710733
v -0.491555 0.161475 0.716457
v -0.530872 0.179818 0.730771
v -0.566911 0.198084 0.752807
v -0.598135 0.215504 0.781710
v -0.623012 0.231311 0.816631
v -0.408659 0.157304 0.686253
v -0.450832 0.177628 0.682420
v -0.492529 0.199959 0.688903
v -0.532194 0.223205 0.704592
v -0.568284 0.246311 0.728410
v -0.599296 0.268381 0.759425
v -0.623738 0.288556 0.796738
v -0.407498 0.188656 0.654900
v -0.450565 0.213777 0.651934
v -0.492811 0.241236 0.660254
v -0.532643 0.269495 0.678241
v -0.568502 0.297148 0.704401
v -0.598972 0.323318 0.737717
v -0.622670 0.347261 0.777295
v -0.405203 0.220857 0.619959
v -0.449202 0.251273 0.619348
v -0.491953 0.284103 0.631141
v -0.531782 0.317161 0.652813
v -0.567099 0.348572 0.682126
v -0.596645 0.377715 0.717984
v -0.619248 0.404282 0.759575
v -0.401262 0.253217 0.580944
v -0.446406 0.289436 0.585146
v -0.489678 0.327700 0.602662
v -0.529322 0.365003 0.629692
v -0.563760 0.398950 0.663096
v -0.591985 0.429417 0.701698
v -0.613134 0.456882 0.744828
v -0.395328 0.285989 0.537268
v -0.442468 0.328968 0.551460
v -0.486387 0.372539 0.577764
v -0.525543 0.413129 0.611429
v -0.558772 0.448204 0.649474
v -0.585402 0.478050 0.690641
v -0.604875 0.503946 0.734209
v -0.388018 0.320861 0.490205
v -0.438327 0.371464 0.522037
v -0.482716 0.419545 0.560011
v -0.520870 0.461972 0.600869
v -0.552581 0.496671 0.643614
v -0.577545 0.523911 0.686892
v -0.595408 0.545174 0.729350
v -0.647977 0.255154 0.900977
v -0.647280 0.262450 0.947765
v -0.638666 0.266650 0.995299
v -0.622883 0.267781 1.041792
v -0.600682 0.265868 1.085454
v -0.572818 0.260938 1.124480
v -0.540051 0.253017 1.157064
v -0.647316 0.319925 0.886521
v -0.645707 0.330198 0.936277
v -0.636035 0.336736 0.986906
v -0.619047 0.339476 1.036594
v -0.595503 0.338358 1.083499
v -0.566220 0.333331 1.125674
v -0.532027 0.324346 1.161147
v -0.644569 0.385572 0.871526
v -0.642064 0.398956 0.923582
v -0.631376 0.408145 0.976708
v -0.613181 0.412898 1.029200
v -0.588203 0.412984 1.079268
v -0.557353 0.408202 1.124767
v -0.521590 0.398361 1.163464
v -0.639215 0.448417 0.856624
v -0.635908 0.465119 0.909894
v -0.624321 0.477511 0.964524
v -0.604955 0.485035 1.019138
v -0.578427 0.487150 1.072149
v -0.545799 0.483390 1.121132
v -0.508241 0.473310 1.163453
v -0.630928 0.505050 0.842192
v -0.626942 0.525292 0.895110
v -0.614616 0.541587 0.949885
v -0.594157 0.552873 1.005673
v -0.565971 0.558149 1.061231
v -0.531260 0.556602 1.113816
v -0.491467 0.547417 1.160284
v -0.620166 0.553134 0.827603
v -0.615447 0.576931 0.877886
v -0.602462 0.597597 0.931165
v -0.581044 0.613394 0.987025
v -0.551216 0.622832 1.044412
v -0.513928 0.625012 1.100563
v -0.470684 0.618790 1.152064
v -0.607611 0.590407 0.811446
v -0.601837 0.617642 0.856305
v -0.588173 0.642874 0.906416
v -0.565989 0.663576 0.961148
v -0.534735 0.677904 1.019239
v -0.494469 0.685395 1.078385
v -0.445878 0.685099 1.135695
v -0.462986 0.228433 1.196074
v -0.421110 0.212541 1.201269
v -0.379171 0.195204 1.197559
v -0.338829 0.177167 1.185518
v -0.301750 0.159174 1.165722
v -0.269605 0.141969 1.138743
v -0.244071 0.126293 1.105157
v -0.452369 0.294484 1.204518
v -0.409401 0.274544 1.211004
v -0.366517 0.252524 1.207963
v -0.325384 0.229411 1.195957
v -0.287686 0.206187 1.175542
v -0.255179 0.183819 1.147266
v -0.229634 0.163269 1.111672
v -0.439264 0.362979 1.211984
v -0.395269 0.338552 1.220114
v -0.351497 0.311291 1.218059
v -0.309556 0.282502 1.206360
v -0.271115 0.253476 1.185550
v -0.238079 0.225447 1.156121
v -0.212414 0.199635 1.118560
v -0.423079 0.432762 1.218095
v -0.378107 0.403571 1.228303
v -0.333469 0.370615 1.227622
v -0.290625 0.335617 1.216572
v -0.251175 0.300269 1.195652
v -0.217279 0.266126 1.165272
v -0.191238 0.234707 1.125816
v -0.403004 0.502634 1.222447
v -0.357120 0.468461 1.235327
v -0.311691 0.429493 1.236502
v -0.267878 0.387957 1.226510
v -0.227106 0.345962 1.205845
v -0.191837 0.305348 1.174770
v -0.164857 0.267927 1.133488
v -0.377346 0.571239 1.224513
v -0.330779 0.531485 1.241148
v -0.285017 0.486466 1.244847
v -0.240625 0.438809 1.236388
v -0.198550 0.390609 1.216475
v -0.161166 0.343481 1.185042
v -0.131715 0.299237 1.141830
v -0.343598 0.636587 1.224142
v -0.297167 0.590414 1.246011
v -0.252177 0.539921 1.252908
v -0.208181 0.487482 1.246497
v -0.165295 0.434484 1.228016
v -0.125139 0.381531 1.196929
v -0.090661 0.329530 1.151867
v 0.162162 -0.006051 -0.139177
v 0.149482 -0.018865 -0.133575
v 0.142023 -0.032845 -0.127965
v 0.139771 -0.047382 -0.122564
v 0.142711 -0.061867 -0.117591
v 0.150829 -0.075691 -0.113262
v 0.164110 -0.088246 -0.109796
v 0.163464 -0.002763 -0.127369
v 0.150865 -0.016566 -0.120250
v 0.143499 -0.031614 -0.112940
v 0.141348 -0.047251 -0.105733
v 0.144394 -0.062823 -0.098923
v 0.152617 -0.077675 -0.092805
v 0.166000 -0.091153 -0.087672
v 0.164550 0.000880 -0.116368
v 0.152024 -0.013776 -0.107537
v 0.144749 -0.029739 -0.098309
v 0.142702 -0.046315 -0.089066
v 0.145860 -0.062808 -0.080186
v 0.154200 -0.078527 -0.072051
v 0.167698 -0.092776 -0.065040
v 0.165305 0.005174 -0.106397
v 0.152834 -0.010157 -0.095705
v 0.145638 -0.026835 -0.084393
v 0.143689 -0.044136 -0.072937
v 0.146959 -0.061335 -0.061809
v 0.155421 -0.077709 -0.051483
v 0.169047 -0.092535 -0.042434
v 0.165616 0.010415 -0.097678
v 0.153170 -0.005369 -0.085021
v 0.146030 -0.022514 -0.071512
v 0.144164 -0.040277 -0.057721
v 0.147540 -0.057915 -0.044222
v 0.156127 -0.074686 -0.031588
v 0.169892 -0.089847 -0.020390
v 0.165369 0.016896 -0.090435
v 0.152907 0.000926 -0.075756
v 0.145790 -0.016389 -0.059983
v 0.143983 -0.034301 -0.043792
v 0.147451 -0.052060 -0.027856
v 0.156161 -0.068919 -0.012849
v 0.170076 -0.084130 0.000555
v 0.164451 0.024915 -0.084890
v 0.151918 0.009067 -0.068175
v 0.144781 -0.008074 -0.050129
v 0.143002 -0.025770 -0.031525
v 0.146543 -0.043283 -0.013141
v 0.155369 -0.059873 0.004248
v 0.169441 -0.074802 0.019866
v 0.205891 -0.107216 -0.106266
v 0.233079 -0.113035 -0.106314
v 0.262804 -0.116392 -0.107447
v 0.293770 -0.117301 -0.109556
v 0.324679 -0.115775 -0.112536
v 0.354232 -0.111826 -0.116280
v 0.381130 -0.105468 -0.120681
v 0.207952 -0.111477 -0.081473
v 0.235204 -0.117685 -0.080602
v 0.264979 -0.121242 -0.081105
v 0.295978 -0.122163 -0.082884
v 0.326902 -0.120466 -0.085839
v 0.356452 -0.116166 -0.089872
v 0.383328 -0.109279 -0.094881
v 0.209861 -0.114212 -0.055833
v 0.237202 -0.120726 -0.053927
v 0.267052 -0.124423 -0.053724
v 0.298110 -0.125325 -0.055132
v 0.329075 -0.123452 -0.058062
v 0.358645 -0.118825 -0.062421
v 0.385520 -0.111463 -0.068119
v 0.211467 -0.114770 -0.029965
v 0.238929 -0.121481 -0.026938
v 0.268889 -0.125246 -0.025970
v 0.300043 -0.126091 -0.026980
v 0.331087 -0.124041 -0.029885
v 0.360714 -0.119121 -0.034603
v 0.387621 -0.111356 -0.041052
v 0.212621 -0.112498 -0.004487
v 0.240241 -0.119276 -0.000282
v 0.270356 -0.123021 0.001488
v 0.301655 -0.123764 0.000894
v 0.332827 -0.121537 -0.001989
v 0.362561 -0.116370 -0.007090
v 0.389548 -0.108294 -0.014335
v 0.213170 -0.106743 0.019981
v 0.240995 -0.113435 0.025393
v 0.271318 -0.117058 0.027981
v 0.302821 -0.117649 0.027810
v 0.334184 -0.115247 0.024943
v 0.364089 -0.109889 0.019443
v 0.391217 -0.101614 0.011375
v 0.212963 -0.096853 0.042822
v 0.241046 -0.103283 0.049439
v 0.271641 -0.106666 0.052843
v 0.303419 -0.107049 0.053089
v 0.335049 -0.104477 0.050230
v 0.365200 -0.098996 0.044322
v 0.392544 -0.090653 0.035420
v 0.421993 -0.085673 -0.131008
v 0.434673 -0.072859 -0.136610
v 0.442132 -0.058879 -0.142220
v 0.444384 -0.044342 -0.147620
v 0.441444 -0.029857 -0.152594
v 0.433326 -0.016033 -0.156923
v 0.420045 -0.003478 -0.160389
v 0.424085 -0.087918 -0.107403
v 0.436684 -0.074115 -0.114523
v 0.444050 -0.059067 -0.121833
v 0.446201 -0.043430 -0.129039
v 0.443155 -0.027858 -0.135849
v 0.434932 -0.013006 -0.141967
v 0.421549 0.000472 -0.147100
v 0.426199 -0.088730 -0.083120
v 0.438725 -0.074073 -0.091951
v 0.445999 -0.058111 -0.101178
v 0.448046 -0.041535 -0.110422
v 0.444888 -0.025042 -0.119302
v 0.436548 -0.009323 -0.127437
v 0.423051 0.004926 -0.134448
v 0.428276 -0.087511 -0.058748
v 0.440747 -0.072179 -0.069441
v 0.447943 -0.055501 -0.080752
v 0.449892 -0.038201 -0.092208
v 0.446622 -0.021002 -0.103336
v 0.438160 -0.004627 -0.113662
v 0.424534 0.010199 -0.122712
v 0.430260 -0.083661 -0.034881
v 0.442705 -0.067877 -0.047538
v 0.449846 -0.050733 -0.061048
v 0.451712 -0.032970 -0.074838
v 0.448335 -0.015332 -0.088337
v 0.439749 0.001439 -0.100972
v 0.425983 0.016600 -0.112170
v 0.432091 -0.076583 -0.012110
v 0.444553 -0.060613 -0.026789
v 0.451670 -0.043298 -0.042562
v 0.453477 -0.025386 -0.058753
v 0.450008 -0.007627 -0.074689
v 0.441299 0.009233 -0.089696
v 0.427384 0.024443 -0.103100
v 0.433712 -0.065677 0.008974
v 0.446244 -0.049829 -0.007741
v 0.453382 -0.032688 -0.025787
v 0.455161 -0.014992 -0.044391
v 0.451619 0.002521 -0.062775
v 0.442794 0.019111 -0.080164
v 0.428722 0.034040 -0.095782
v 0.378264 0.015492 -0.163918
v 0.351076 0.021311 -0.163870
v 0.321350 0.024668 -0.162738
v 0.290384 0.025577 -0.160629
v 0.259476 0.024051 -0.157649
v 0.229923 0.020102 -0.153905
v 0.203024 0.013743 -0.149504
v 0.379597 0.020796 -0.153299
v 0.352345 0.027004 -0.154170
v 0.322570 0.030561 -0.153667
v 0.291571 0.031482 -0.151888
v 0.260647 0.029785 -0.148933
v 0.231097 0.025485 -0.144901
v 0.204221 0.018598 -0.139891
v 0.380888 0.026363 -0.143654
v 0.353546 0.032876 -0.145560
v 0.323696 0.036573 -0.145764
v 0.292638 0.037475 -0.144355
v 0.261673 0.035603 -0.141426
v 0.232103 0.030975 -0.137066
v 0.205228 0.023613 -0.131368
v 0.382114 0.032434 -0.135180
v 0.354652 0.039145 -0.138207
v 0.324692 0.042910 -0.139175
v 0.293538 0.043755 -0.138165
v 0.262494 0.041704 -0.135260
v 0.232867 0.036784 -0.130543
v 0.205960 0.029020 -0.124094
v 0.383255 0.039251 -0.128072
v 0.355634 0.046029 -0.132278
v 0.325519 0.049774 -0.134047
v 0.294221 0.050518 -0.133454
v 0.263049 0.048290 -0.130570
v 0.233314 0.043123 -0.125469
v 0.206327 0.035048 -0.118225
v 0.384290 0.047056 -0.122526
v 0.356465 0.053748 -0.127938
v 0.326142 0.057371 -0.130526
v 0.294639 0.057962 -0.130355
v 0.263276 0.055560 -0.127487
v 0.233371 0.050203 -0.121988
v 0.206243 0.041928 -0.113920
v 0.385199 0.056091 -0.118738
v 0.357117 0.062521 -0.125355
v 0.326521 0.065904 -0.128759
v 0.294744 0.066286 -0.129005
v 0.263114 0.063714 -0.126146
v 0.232962 0.058234 -0.120238
v 0.205619 0.049890 -0.111336
v 0.180167 -0.031375 -0.230870
v 0.171133 -0.035861 -0.231311
v 0.165412 -0.040942 -0.231826
v 0.163406 -0.046304 -0.232053
v 0.165445 -0.051654 -0.231815
v 0.171198 -0.056700 -0.231289
v 0.180261 -0.061129 -0.230839
v 0.171405 -0.029037 -0.222364
v 0.160518 -0.034303 -0.222014
v 0.153884 -0.040180 -0.222008
v 0.151643 -0.046353 -0.222029
v 0.153928 -0.052512 -0.221897
v 0.160605 -0.058348 -0.221798
v 0.171530 -0.063544 -0.222051
v 0.165064 -0.026227 -0.212504
v 0.153144 -0.032418 -0.211584
v 0.145967 -0.039256 -0.211104
v 0.143583 -0.046409 -0.210860
v 0.146033 -0.053545 -0.210723
v 0.153274 -0.060334 -0.210837
v 0.165251 -0.066445 -0.211424
v 0.160977 -0.023078 -0.201497
v 0.148551 -0.030293 -0.200096
v 0.141101 -0.038215 -0.199141
v 0.138648 -0.046481 -0.198539
v 0.141204 -0.054728 -0.198232
v 0.148754 -0.062594 -0.198315
v 0.161270 -0.069716 -0.198921
v 0.158999 -0.019692 -0.189589
v 0.146310 -0.028003 -0.187675
v 0.138724 -0.037100 -0.186176
v 0.136248 -0.046580 -0.185081
v 0.138886 -0.056038 -0.184396
v 0.146626 -0.065069 -0.184190
v 0.159456 -0.073271 -0.184547
v 0.158667 -0.016184 -0.177086
v 0.145864 -0.025633 -0.174554
v 0.138234 -0.035962 -0.172378
v 0.135773 -0.046717 -0.170607
v 0.138478 -0.057445 -0.169298
v 0.146343 -0.067693 -0.168524
v 0.159359 -0.077010 -0.168364
v 0.159434 -0.012673 -0.164306
v 0.146624 -0.023273 -0.160991
v 0.139016 -0.034851 -0.157942
v 0.136601 -0.046901 -0.155261
v 0.139373 -0.058918 -0.153049
v 0.147324 -0.070397 -0.151409
v 0.160446 -0.080833 -0.150447
v 0.209967 -0.066592 -0.233765
v 0.231233 -0.067756 -0.237203
v 0.255531 -0.068342 -0.240690
v 0.281419 -0.068465 -0.243680
v 0.307391 -0.068181 -0.245815
v 0.331897 -0.067443 -0.247151
v 0.353418 -0.066146 -0.247941
v 0.206436 -0.070771 -0.225417
v 0.229608 -0.072682 -0.228453
v 0.255305 -0.073703 -0.231676
v 0.282320 -0.073961 -0.234636
v 0.309391 -0.073530 -0.237011
v 0.335218 -0.072345 -0.238871
v 0.358527 -0.070286 -0.240420
v 0.203140 -0.075369 -0.214885
v 0.227889 -0.077952 -0.217653
v 0.255034 -0.079395 -0.220679
v 0.283399 -0.079791 -0.223632
v 0.311795 -0.079203 -0.226252
v 0.339005 -0.077576 -0.228562
v 0.363810 -0.074826 -0.230659
v 0.200901 -0.080349 -0.202164
v 0.226765 -0.083550 -0.204699
v 0.255095 -0.085387 -0.207551
v 0.284664 -0.085913 -0.210486
v 0.314243 -0.085166 -0.213308
v 0.342588 -0.083117 -0.215971
v 0.368451 -0.079723 -0.218471
v 0.200125 -0.085638 -0.187250
v 0.226683 -0.089427 -0.189510
v 0.255771 -0.091628 -0.192164
v 0.286122 -0.092268 -0.195041
v 0.316468 -0.091367 -0.197987
v 0.345533 -0.088915 -0.200913
v 0.372041 -0.084898 -0.203744
v 0.200599 -0.091114 -0.170164
v 0.227527 -0.095462 -0.172068
v 0.257013 -0.097997 -0.174472
v 0.287770 -0.098733 -0.177241
v 0.318509 -0.097680 -0.180246
v 0.347940 -0.094841 -0.183373
v 0.374770 -0.090217 -0.186517
v 0.201956 -0.096641 -0.150936
v 0.229041 -0.101516 -0.152370
v 0.258688 -0.104355 -0.154452
v 0.289602 -0.105168 -0.157060
v 0.320486 -0.103964 -0.160076
v 0.350044 -0.100749 -0.163383
v 0.376980 -0.095531 -0.166864
v 0.383089 -0.060498 -0.250883
v 0.391861 -0.056012 -0.253096
v 0.397369 -0.050931 -0.254734
v 0.399290 -0.045569 -0.255363
v 0.397335 -0.040220 -0.254745
v 0.391795 -0.035174 -0.253117
v 0.382995 -0.030744 -0.250914
v 0.393378 -0.062836 -0.243934
v 0.404114 -0.057571 -0.245818
v 0.410610 -0.051693 -0.247216
v 0.412793 -0.045520 -0.247788
v 0.410566 -0.039361 -0.247327
v 0.404027 -0.033526 -0.246034
v 0.393254 -0.028329 -0.244247
v 0.401614 -0.065646 -0.234630
v 0.413452 -0.059455 -0.236381
v 0.420549 -0.052617 -0.237674
v 0.422896 -0.045464 -0.238283
v 0.420482 -0.038328 -0.238056
v 0.413322 -0.031539 -0.237128
v 0.401427 -0.025428 -0.235710
v 0.407946 -0.068795 -0.222929
v 0.420331 -0.061580 -0.224747
v 0.427740 -0.053658 -0.226119
v 0.430174 -0.045392 -0.226911
v 0.427636 -0.037145 -0.227028
v 0.420128 -0.029279 -0.226527
v 0.407653 -0.022157 -0.225504
v 0.412495 -0.072181 -0.208824
v 0.425167 -0.063870 -0.210914
v 0.432735 -0.054773 -0.212589
v 0.435203 -0.045293 -0.213764
v 0.432574 -0.035836 -0.214369
v 0.424851 -0.026804 -0.214400
v 0.412038 -0.018603 -0.213866
v 0.415684 -0.075689 -0.192430
v 0.428481 -0.066240 -0.195014
v 0.436107 -0.055911 -0.197242
v 0.438565 -0.045157 -0.199036
v 0.435862 -0.034429 -0.200322
v 0.428003 -0.024180 -0.201044
v 0.414992 -0.014863 -0.201152
v 0.418013 -0.079200 -0.173888
v 0.430822 -0.068600 -0.177210
v 0.438430 -0.057022 -0.180266
v 0.440844 -0.044972 -0.182950
v 0.438073 -0.032955 -0.185159
v 0.430123 -0.021476 -0.186792
v 0.417001 -0.011040 -0.187747
v 0.353289 -0.025281 -0.247988
v 0.331760 -0.024117 -0.247203
v 0.307250 -0.023531 -0.245870
v 0.281277 -0.023408 -0.243736
v 0.255390 -0.023693 -0.240745
v 0.231096 -0.024431 -0.237255
v 0.209838 -0.025728 -0.233812
v 0.358348 -0.021102 -0.240881
v 0.335024 -0.019191 -0.239379
v 0.309189 -0.018171 -0.237548
v 0.282116 -0.017912 -0.235181
v 0.255103 -0.018343 -0.232212
v 0.229414 -0.019528 -0.228961
v 0.206257 -0.021588 -0.225879
v 0.363538 -0.016504 -0.232249
v 0.338707 -0.013922 -0.230312
v 0.311482 -0.012479 -0.228099
v 0.283081 -0.012082 -0.225511
v 0.254721 -0.012670 -0.222526
v 0.227591 -0.014297 -0.219403
v 0.202868 -0.017048 -0.216475
v 0.368022 -0.011524 -0.222261
v 0.342116 -0.008324 -0.220143
v 0.313746 -0.006486 -0.217709
v 0.284158 -0.005960 -0.214964
v 0.254597 -0.006707 -0.211952
v 0.226293 -0.008756 -0.208871
v 0.200471 -0.012150 -0.205954
v 0.371369 -0.006235 -0.211163
v 0.344794 -0.002447 -0.209079
v 0.315688 -0.000245 -0.206602
v 0.285329 0.000395 -0.203805
v 0.254992 -0.000506 -0.200778
v 0.225944 -0.002958 -0.197677
v 0.199453 -0.006975 -0.194669
v 0.373752 -0.000759 -0.199352
v 0.346819 0.003589 -0.197500
v 0.317327 0.006124 -0.195148
v 0.286568 0.006860 -0.192403
v 0.255831 0.005807 -0.189375
v 0.226406 0.002968 -0.186195
v 0.199580 -0.001656 -0.182999
v 0.375491 0.004767 -0.187259
v 0.348406 0.009643 -0.185831
v 0.318758 0.012482 -0.183756
v 0.287844 0.013295 -0.181150
v 0.256959 0.012090 -0.178132
v 0.227402 0.008875 -0.174818
v 0.200467 0.003658 -0.171330
v -0.366712 -0.110815 0.709059
v -0.360195 -0.102333 0.707541
v -0.356988 -0.093938 0.706308
v -0.357305 -0.086149 0.705813
v -0.361313 -0.079463 0.706294
v -0.368600 -0.074201 0.707515
v -0.378703 -0.070681 0.709021
v -0.357129 -0.110554 0.717944
v -0.349081 -0.100726 0.717015
v -0.345223 -0.091293 0.716165
v -0.345538 -0.082677 0.715772
v -0.350017 -0.075303 0.716058
v -0.358434 -0.069531 0.716805
v -0.370571 -0.065722 0.717641
v -0.349507 -0.111339 0.729087
v -0.340742 -0.100331 0.728424
v -0.336634 -0.089838 0.727768
v -0.337091 -0.080267 0.727373
v -0.342017 -0.072026 0.727406
v -0.351268 -0.065506 0.727715
v -0.364693 -0.061097 0.728062
v -0.343747 -0.112959 0.742465
v -0.334789 -0.100913 0.741777
v -0.330723 -0.089382 0.741083
v -0.331430 -0.078797 0.740531
v -0.336788 -0.069587 0.740226
v -0.346657 -0.062178 0.740098
v -0.360895 -0.056993 0.740036
v -0.339755 -0.115285 0.758014
v -0.330855 -0.102282 0.757034
v -0.326990 -0.089745 0.756043
v -0.328020 -0.078140 0.755130
v -0.333805 -0.067928 0.754368
v -0.344196 -0.059573 0.753754
v -0.359045 -0.053535 0.753270
v -0.337124 -0.118161 0.775568
v -0.328447 -0.104274 0.774018
v -0.324895 -0.090776 0.772449
v -0.326309 -0.078168 0.770937
v -0.332529 -0.066951 0.769554
v -0.343394 -0.057627 0.768350
v -0.358741 -0.050696 0.767370
v -0.335375 -0.121426 0.794937
v -0.327041 -0.106732 0.792519
v -0.323889 -0.092326 0.790071
v -0.325739 -0.078750 0.787690
v -0.332413 -0.066545 0.785474
v -0.343731 -0.056252 0.783519
v -0.359514 -0.048412 0.781918
v -0.408714 -0.071101 0.709016
v -0.429253 -0.075038 0.707505
v -0.452347 -0.080644 0.706279
v -0.476630 -0.087464 0.705794
v -0.500677 -0.095073 0.706285
v -0.523064 -0.103046 0.707516
v -0.542399 -0.111013 0.709032
v -0.406023 -0.065579 0.717599
v -0.428529 -0.069211 0.716723
v -0.453028 -0.074732 0.715939
v -0.478389 -0.081714 0.715618
v -0.503430 -0.089763 0.715984
v -0.526945 -0.098560 0.716811
v -0.547755 -0.107846 0.717726
v -0.403437 -0.060075 0.727922
v -0.427576 -0.063460 0.727439
v -0.453517 -0.068950 0.727003
v -0.480163 -0.076147 0.726856
v -0.506406 -0.084678 0.727155
v -0.531112 -0.094249 0.727736
v -0.553145 -0.104594 0.728352
v -0.401746 -0.054860 0.739704
v -0.427074 -0.057959 0.739443
v -0.454206 -0.063377 0.739270
v -0.481998 -0.070737 0.739306
v -0.509306 -0.079676 0.739630
v -0.534971 -0.089875 0.740148
v -0.557829 -0.101031 0.740723
v -0.401345 -0.050120 0.752620
v -0.427468 -0.052842 0.752476
v -0.455390 -0.058080 0.752501
v -0.483932 -0.065470 0.752737
v -0.511913 -0.074656 0.753204
v -0.538145 -0.085301 0.753852
v -0.561439 -0.097072 0.754611
v -0.402065 -0.045877 0.766248
v -0.428679 -0.048137 0.766141
v -0.457054 -0.053088 0.766329
v -0.485991 -0.060380 0.766801
v -0.514291 -0.069660 0.767543
v -0.540752 -0.080584 0.768519
v -0.564173 -0.092810 0.769687
v -0.403590 -0.042108 0.780136
v -0.430498 -0.043842 0.780011
v -0.459102 -0.048424 0.780352
v -0.488197 -0.055511 0.781122
v -0.516577 -0.064760 0.782281
v -0.543037 -0.075829 0.783787
v -0.566369 -0.088376 0.785598
v -0.567725 -0.127113 0.709045
v -0.574242 -0.135595 0.707541
v -0.577449 -0.143990 0.706321
v -0.577132 -0.151778 0.705841
v -0.573124 -0.158464 0.706335
v -0.565837 -0.163726 0.707567
v -0.555734 -0.167247 0.709083
v -0.577308 -0.127373 0.717828
v -0.585356 -0.137201 0.717011
v -0.589214 -0.146634 0.716276
v -0.588899 -0.155250 0.715993
v -0.584420 -0.162624 0.716383
v -0.576003 -0.168397 0.717221
v -0.563866 -0.172205 0.718132
v -0.584930 -0.126589 0.728695
v -0.593695 -0.137596 0.728412
v -0.597803 -0.148089 0.728141
v -0.597346 -0.157660 0.728121
v -0.592420 -0.165901 0.728503
v -0.583169 -0.172421 0.729120
v -0.569744 -0.176831 0.729720
v -0.590690 -0.124968 0.741536
v -0.599648 -0.137015 0.741749
v -0.603714 -0.148546 0.741967
v -0.603007 -0.159131 0.742303
v -0.597649 -0.168340 0.742825
v -0.587780 -0.175749 0.743428
v -0.573542 -0.180934 0.743965
v -0.594682 -0.122643 0.756199
v -0.603583 -0.135645 0.756978
v -0.607447 -0.148182 0.757769
v -0.606417 -0.159788 0.758590
v -0.600632 -0.169999 0.759444
v -0.590241 -0.178354 0.760258
v -0.575392 -0.184392 0.760943
v -0.597313 -0.119767 0.772431
v -0.605990 -0.133653 0.773922
v -0.609542 -0.147151 0.775432
v -0.608128 -0.159760 0.776916
v -0.601908 -0.170977 0.778326
v -0.591043 -0.180301 0.779590
v -0.575696 -0.187231 0.780630
v -0.599063 -0.116501 0.789956
v -0.607396 -0.131196 0.792366
v -0.610548 -0.145601 0.794807
v -0.608698 -0.159177 0.797185
v -0.602024 -0.171382 0.799404
v -0.590706 -0.181675 0.801367
v -0.574923 -0.189515 0.802975
v -0.525723 -0.166826 0.709088
v -0.505184 -0.162889 0.707577
v -0.482089 -0.157283 0.706350
v -0.457807 -0.150463 0.705860
v -0.433760 -0.142855 0.706344
v -0.411373 -0.134882 0.707566
v -0.392038 -0.126914 0.709072
v -0.528414 -0.172348 0.718173
v -0.505908 -0.168716 0.717303
v -0.481409 -0.163196 0.716503
v -0.456049 -0.156213 0.716146
v -0.431007 -0.148165 0.716458
v -0.407492 -0.139367 0.717215
v -0.386683 -0.130082 0.718046
v -0.531000 -0.177852 0.729860
v -0.506861 -0.174467 0.729396
v -0.480920 -0.168977 0.728906
v -0.454274 -0.161780 0.728638
v -0.428031 -0.153250 0.728754
v -0.403325 -0.143679 0.729099
v -0.381292 -0.133333 0.729430
v -0.532691 -0.183067 0.744297
v -0.507363 -0.179968 0.744083
v -0.480231 -0.174550 0.743780
v -0.452439 -0.167190 0.743528
v -0.425131 -0.158252 0.743420
v -0.399466 -0.148052 0.743378
v -0.376608 -0.136897 0.743278
v -0.533092 -0.187807 0.761593
v -0.506969 -0.185085 0.761537
v -0.479047 -0.179848 0.761311
v -0.450505 -0.172457 0.760984
v -0.422524 -0.163271 0.760608
v -0.396293 -0.152626 0.760161
v -0.372998 -0.140855 0.759602
v -0.532372 -0.192051 0.781752
v -0.505758 -0.189790 0.781799
v -0.477383 -0.184839 0.781552
v -0.448446 -0.177548 0.781052
v -0.420146 -0.168268 0.780337
v -0.393685 -0.157343 0.779421
v -0.370265 -0.145118 0.778312
v -0.530847 -0.195819 0.804757
v -0.503939 -0.194085 0.804874
v -0.475334 -0.189503 0.804525
v -0.446240 -0.182416 0.803752
v -0.417860 -0.173167 0.802597
v -0.391400 -0.162098 0.801098
v -0.368068 -0.149551 0.799295
v -0.332647 -0.128427 0.838287
v -0.325202 -0.112359 0.833172
v -0.323018 -0.096350 0.827991
v -0.325873 -0.081016 0.822948
v -0.333546 -0.066974 0.818249
v -0.345817 -0.054839 0.814097
v -0.362464 -0.045228 0.810696
v -0.331047 -0.131493 0.861468
v -0.324094 -0.114905 0.854548
v -0.322447 -0.098256 0.847538
v -0.325861 -0.082194 0.840716
v -0.334093 -0.067367 0.834359
v -0.346897 -0.054423 0.828741
v -0.364029 -0.044011 0.824141
v -0.329083 -0.133611 0.884863
v -0.322639 -0.116668 0.875890
v -0.321555 -0.099544 0.866801
v -0.325564 -0.082915 0.857956
v -0.334395 -0.067452 0.849712
v -0.347778 -0.053829 0.842429
v -0.365446 -0.042719 0.836464
v -0.326617 -0.134274 0.907861
v -0.320687 -0.117182 0.896632
v -0.320187 -0.099795 0.885260
v -0.324821 -0.082803 0.874192
v -0.334294 -0.066896 0.863876
v -0.348310 -0.052765 0.854762
v -0.366573 -0.041099 0.847298
v -0.323508 -0.132974 0.929851
v -0.318087 -0.115982 0.916211
v -0.318184 -0.098586 0.902395
v -0.323475 -0.081483 0.888949
v -0.333635 -0.065370 0.876417
v -0.348341 -0.050944 0.865345
v -0.367267 -0.038900 0.856278
v -0.319615 -0.129202 0.950225
v -0.314690 -0.112601 0.934060
v -0.315392 -0.095497 0.917687
v -0.321367 -0.078580 0.901752
v -0.332260 -0.062543 0.886901
v -0.347718 -0.048075 0.873780
v -0.367387 -0.035870 0.863035
v -0.314799 -0.122451 0.968370
v -0.310346 -0.106574 0.949614
v -0.311654 -0.090106 0.930616
v -0.318337 -0.073719 0.912127
v -0.330011 -0.058083 0.894895
v -0.346291 -0.043871 0.879671
v -0.366790 -0.031755 0.867203
v -0.407841 -0.035886 0.806920
v -0.435146 -0.036449 0.806662
v -0.463976 -0.040123 0.807394
v -0.493127 -0.046585 0.809029
v -0.521394 -0.055512 0.811481
v -0.547574 -0.066581 0.814665
v -0.570461 -0.079470 0.818495
v -0.410142 -0.033212 0.819032
v -0.437674 -0.033164 0.818683
v -0.466637 -0.036326 0.819673
v -0.495827 -0.042389 0.821885
v -0.524040 -0.051045 0.825203
v -0.550071 -0.061983 0.829511
v -0.572716 -0.074896 0.834692
v -0.412399 -0.030572 0.829839
v -0.440210 -0.029915 0.829388
v -0.469354 -0.032536 0.830671
v -0.498626 -0.038141 0.833539
v -0.526822 -0.046439 0.837841
v -0.552734 -0.057139 0.843426
v -0.575157 -0.069949 0.850145
v -0.414502 -0.027766 0.839009
v -0.442662 -0.026516 0.838444
v -0.472059 -0.028570 0.840050
v -0.501481 -0.033657 0.843639
v -0.529719 -0.041503 0.849022
v -0.555563 -0.051840 0.856011
v -0.577805 -0.064394 0.864418
v -0.416338 -0.024594 0.846208
v -0.444941 -0.022781 0.845521
v -0.474682 -0.024249 0.847472
v -0.504344 -0.028753 0.851832
v -0.532709 -0.036043 0.858371
v -0.558560 -0.045874 0.866862
v -0.580680 -0.057997 0.877075
v -0.417797 -0.020857 0.851101
v -0.446954 -0.018522 0.850287
v -0.477155 -0.019391 0.852599
v -0.507170 -0.023246 0.857766
v -0.535770 -0.029866 0.865515
v -0.561724 -0.039032 0.875578
v -0.583804 -0.050523 0.887681
v -0.418766 -0.016355 0.853356
v -0.448610 -0.013554 0.852412
v -0.479409 -0.013816 0.855094
v -0.509914 -0.016954 0.861089
v -0.538880 -0.022779 0.870081
v -0.565056 -0.031103 0.881756
v -0.587198 -0.041738 0.895800
v -0.601776 -0.109365 0.827731
v -0.609220 -0.125433 0.832847
v -0.611404 -0.141442 0.838028
v -0.608550 -0.156776 0.843070
v -0.600876 -0.170819 0.847770
v -0.588606 -0.182953 0.851922
v -0.571958 -0.192564 0.855322
v -0.603274 -0.105353 0.847187
v -0.610227 -0.121941 0.854108
v -0.611874 -0.138590 0.861117
v -0.608459 -0.154652 0.867939
v -0.600228 -0.169479 0.874297
v -0.587424 -0.182422 0.879914
v -0.570292 -0.192835 0.884515
v -0.604961 -0.100666 0.866346
v -0.611406 -0.117610 0.875319
v -0.612489 -0.134733 0.884408
v -0.608481 -0.151363 0.893253
v -0.599650 -0.166826 0.901497
v -0.586266 -0.180449 0.908780
v -0.568599 -0.191559 0.914745
v -0.606890 -0.095002 0.884690
v -0.612821 -0.112094 0.895918
v -0.613321 -0.129481 0.907291
v -0.608686 -0.146473 0.918359
v -0.599213 -0.162380 0.928674
v -0.585197 -0.176511 0.937788
v -0.566934 -0.188176 0.945252
v -0.609113 -0.088056 0.901703
v -0.614534 -0.105048 0.915343
v -0.614436 -0.122444 0.929159
v -0.609146 -0.139547 0.942605
v -0.598985 -0.155660 0.955137
v -0.584280 -0.170086 0.966209
v -0.565354 -0.182129 0.975276
v -0.611684 -0.079527 0.916867
v -0.616608 -0.096127 0.933031
v -0.615906 -0.113232 0.949404
v -0.609932 -0.130148 0.965339
v -0.599039 -0.146186 0.980190
v -0.583580 -0.160653 0.993311
v -0.563911 -0.172859 1.004056
v -0.614655 -0.069110 0.929664
v -0.619107 -0.084987 0.948421
v -0.617800 -0.101455 0.967418
v -0.611116 -0.117842 0.985908
v -0.599442 -0.133478 1.003139
v -0.583163 -0.147690 1.018364
v -0.562663 -0.159806 1.030832
v -0.526581 -0.201906 0.859099
v -0.499277 -0.201343 0.859356
v -0.470447 -0.197669 0.858624
v -0.441296 -0.191207 0.856990
v -0.413028 -0.182280 0.854537
v -0.386848 -0.171211 0.851353
v -0.363962 -0.158322 0.847523
v -0.524179 -0.203634 0.889624
v -0.496647 -0.203682 0.889972
v -0.467684 -0.200519 0.888982
v -0.438494 -0.194456 0.886771
v -0.410281 -0.185801 0.883453
v -0.384250 -0.174863 0.879145
v -0.361605 -0.161950 0.873963
v -0.521646 -0.203706 0.921369
v -0.493835 -0.204362 0.921821
v -0.464691 -0.201742 0.920538
v -0.435418 -0.196136 0.917670
v -0.407223 -0.187838 0.913368
v -0.381311 -0.177138 0.907782
v -0.358888 -0.164329 0.901064
v -0.519005 -0.201510 0.953541
v -0.490845 -0.202760 0.954106
v -0.461449 -0.200705 0.952501
v -0.432027 -0.195619 0.948912
v -0.403789 -0.187773 0.943529
v -0.377944 -0.177436 0.936540
v -0.355703 -0.164882 0.928133
v -0.516283 -0.196436 0.985346
v -0.487680 -0.198249 0.986033
v -0.457939 -0.196781 0.984082
v -0.428277 -0.192277 0.979722
v -0.399912 -0.184987 0.973183
v -0.374061 -0.175156 0.964692
v -0.351941 -0.163033 0.954479
v -0.513502 -0.187871 1.015990
v -0.484345 -0.190207 1.016804
v -0.454144 -0.189337 1.014492
v -0.424129 -0.185483 1.009325
v -0.395529 -0.178863 1.001576
v -0.369574 -0.169697 0.991513
v -0.347495 -0.158205 0.979410
v -0.510687 -0.175206 1.044679
v -0.480843 -0.178007 1.045623
v -0.450045 -0.177745 1.042940
v -0.419539 -0.174607 1.036946
v -0.390574 -0.168782 1.027954
v -0.364397 -0.160458 1.016278
v -0.342256 -0.149823 1.002234
vn 0.4655 0.1241 -0.8763
vn 0.5865 0.2001 -0.7849
vn 0.6971 0.2751 -0.6622
vn 0.4756 0.1582 -0.8653
vn 0.5792 0.2343 -0.7808
vn 0.6765 0.3066 -0.6695
vn 0.8509 0.4741 -0.2261
vn 0.8489 0.4551 -0.2688
vn 0.8530 0.4219 -0.3073
vn 0.8333 0.4122 -0.3684
vn 0.8181 0.4169 -0.3960
vn 0.8174 0.3961 -0.4183
vn 0.7999 0.2473 -0.5468
vn 0.7208 0.2171 -0.6583
vn 0.6240 0.1938 -0.7570
vn 0.8401 0.3177 -0.4397
vn 0.7816 0.2900 -0.5523
vn 0.7009 0.2649 -0.6623
vn 0.7804 0.3443 -0.5220
vn 0.7577 0.3672 -0.5396
vn 0.8540 0.3750 -0.3607
vn 0.8119 0.3497 -0.4674
vn 0.5316 0.1771 -0.8283
vn 0.6197 0.2497 -0.7441
vn 0.6857 0.3147 -0.6563
vn 0.7577 0.3670 -0.5396
vn 0.7520 0.3215 -0.5755
vn 0.3625 -0.0126 -0.9319
vn 0.5177 0.0557 -0.8538
vn 0.6524 0.1320 -0.7463
vn 0.7621 0.2113 -0.6120
vn 0.3513 0.0527 -0.9348
vn 0.3746 0.0851 -0.9233
vn 0.4346 0.1031 -0.8947
vn 0.8127 0.5822 -0.0220
vn 0.8409 0.5289 -0.1145
vn 0.8561 0.4868 -0.1734
vn 0.8683 0.4437 -0.2218
vn 0.8670 0.4706 -0.1638
vn 0.8715 0.3779 -0.3126
vn 0.8349 0.2905 -0.4675
vn 0.8030 0.1843 -0.5667
vn 0.7202 0.1465 -0.6781
vn 0.6277 0.1262 -0.7682
vn 0.5272 0.1139 -0.8421
vn 0.8576 0.2790 -0.4321
vn 0.8754 0.3428 -0.3408
vn 0.8763 0.3964 -0.2739
vn 0.8544 -0.3513 0.3828
vn 0.9398 -0.2765 0.2008
vn 0.9767 -0.2142 0.0125
vn 0.9680 -0.1713 -0.1832
vn 0.9094 -0.1542 -0.3864
vn 0.7927 -0.1672 -0.5862
vn 0.8600 -0.3138 0.4023
vn 0.9409 -0.2650 0.2108
vn 0.9735 -0.2282 0.0163
vn 0.9609 -0.2090 -0.1816
vn 0.8995 -0.2118 -0.3821
vn 0.7828 -0.2381 -0.5750
vn 0.8639 -0.2882 0.4131
vn 0.9409 -0.2588 0.2183
vn 0.9705 -0.2401 0.0235
vn 0.9563 -0.2365 -0.1717
vn 0.8958 -0.2510 -0.3669
vn 0.7833 -0.2830 -0.5535
vn 0.8662 -0.2720 0.4191
vn 0.9400 -0.2568 0.2245
vn 0.9676 -0.2505 0.0324
vn 0.9535 -0.2567 -0.1579
vn 0.8960 -0.2772 -0.3470
vn 0.7899 -0.3103 -0.5289
vn 0.8672 -0.2636 0.4224
vn 0.9382 -0.2585 0.2300
vn 0.9646 -0.2604 0.0419
vn 0.9516 -0.2722 -0.1430
vn 0.8981 -0.2946 -0.3264
vn 0.7993 -0.3255 -0.5052
vn 0.8667 -0.2619 0.4246
vn 0.9355 -0.2638 0.2349
vn 0.9613 -0.2706 0.0512
vn 0.9500 -0.2846 -0.1287
vn 0.9010 -0.3060 -0.3076
vn 0.8093 -0.3323 -0.4844
vn 0.7006 -0.5119 0.4971
vn 0.8459 -0.4032 0.3491
vn 0.9373 -0.2945 0.1866
vn 0.9802 -0.1975 0.0140
vn 0.9779 -0.1205 -0.1707
vn 0.9265 -0.0715 -0.3695
vn 0.8163 -0.0591 -0.5746
vn 0.6462 -0.0858 -0.7583
vn 0.6206 -0.2072 -0.7562
vn 0.6143 -0.2817 -0.7371
vn 0.6212 -0.3254 -0.7129
vn 0.6353 -0.3488 -0.6890
vn 0.6524 -0.3582 -0.6678
vn 0.6699 -0.3575 -0.6508
vn 0.6861 -0.3490 -0.6383
vn 0.8187 -0.3330 -0.4678
vn 0.9038 -0.3133 -0.2917
vn 0.9483 -0.2954 -0.1162
vn 0.9576 -0.2818 0.0596
vn 0.9318 -0.2727 0.2395
vn 0.8644 -0.2666 0.4262
vn 0.7441 -0.2599 0.6154
vn 0.7439 -0.2611 0.6151
vn 0.7415 -0.2710 0.6138
vn 0.7371 -0.2905 0.6101
vn 0.7312 -0.3214 0.6018
vn 0.7236 -0.3664 0.5849
vn 0.7141 -0.4290 0.5532
vn -0.4487 -0.1015 0.8879
vn -0.2789 -0.1303 0.9515
vn -0.1174 -0.1577 0.9805
vn 0.0406 -0.1858 0.9817
vn 0.2028 -0.2162 0.9551
vn 0.3754 -0.2485 0.8930
vn -0.4549 -0.0983 0.8851
vn -0.2859 -0.1281 0.9497
vn -0.1268 -0.1588 0.9791
vn 0.0265 -0.1942 0.9806
vn 0.1833 -0.2370 0.9540
vn 0.3519 -0.2852 0.8915
vn -0.4636 -0.1008 0.8803
vn -0.2969 -0.1324 0.9457
vn -0.1430 -0.1678 0.9754
vn 0.0008 -0.2133 0.9770
vn 0.1474 -0.2733 0.9506
vn 0.3085 -0.3430 0.8872
vn -0.4764 -0.1106 0.8723
vn -0.3133 -0.1449 0.9385
vn -0.1674 -0.1857 0.9682
vn -0.0371 -0.2426 0.9694
vn 0.0938 -0.3222 0.9420
vn 0.2403 -0.4191 0.8756
vn -0.4950 -0.1310 0.8590
vn -0.3363 -0.1687 0.9265
vn -0.1984 -0.2127 0.9568
vn -0.0813 -0.2749 0.9580
vn 0.0277 -0.3701 0.9286
vn 0.1425 -0.5024 0.8528
vn -0.5223 -0.1695 0.8357
vn -0.3688 -0.2131 0.9047
vn -0.2364 -0.2590 0.9365
vn -0.1284 -0.3195 0.9389
vn -0.0440 -0.4204 0.9063
vn 0.0270 -0.5784 0.8153
vn -0.6214 -0.0786 0.7795
vn -0.4441 -0.1101 0.8892
vn -0.2744 -0.1380 0.9517
vn -0.1127 -0.1632 0.9801
vn 0.0465 -0.1867 0.9813
vn 0.2102 -0.2094 0.9550
vn 0.3844 -0.2319 0.8936
vn 0.5686 -0.2530 0.7828
vn 0.5587 -0.2791 0.7810
vn 0.5348 -0.3304 0.7777
vn 0.4909 -0.4075 0.7701
vn 0.4180 -0.5103 0.7515
vn 0.3024 -0.6344 0.7114
vn 0.1482 -0.7454 0.6500
vn -0.0421 -0.8218 0.5682
vn -0.0519 -0.6023 0.7965
vn -0.1016 -0.4727 0.8753
vn -0.1818 -0.4041 0.8965
vn -0.2896 -0.3541 0.8892
vn -0.4182 -0.3024 0.8565
vn -0.5632 -0.2439 0.7895
vn -0.7129 -0.1792 0.6780
vn -0.6841 -0.1227 0.7190
vn -0.6633 -0.0924 0.7426
vn -0.6486 -0.0761 0.7573
vn -0.6384 -0.0684 0.7667
vn -0.6311 -0.0668 0.7728
vn -0.6258 -0.0703 0.7768
vn -0.8989 -0.0169 -0.4377
vn -0.9658 0.0014 -0.2592
vn -0.9961 0.0100 -0.0873
vn -0.9966 0.0102 0.0816
vn -0.9675 0.0023 0.2530
vn -0.9024 -0.0139 0.4308
vn -0.9014 -0.0089 -0.4329
vn -0.9667 0.0068 -0.2558
vn -0.9962 0.0138 -0.0857
vn -0.9966 0.0132 0.0811
vn -0.9681 0.0051 0.2506
vn -0.9042 -0.0110 0.4269
vn -0.9029 -0.0028 -0.4298
vn -0.9672 0.0108 -0.2538
vn -0.9962 0.0164 -0.0853
vn -0.9967 0.0147 0.0796
vn -0.9690 0.0058 0.2472
vn -0.9067 -0.0109 0.4216
vn -0.9038 0.0018 -0.4279
vn -0.9674 0.0137 -0.2529
vn -0.9961 0.0179 -0.0861
vn -0.9969 0.0148 0.0769
vn -0.9702 0.0043 0.2421
vn -0.9101 -0.0143 0.4142
vn -0.9043 0.0052 -0.4269
vn -0.9673 0.0156 -0.2531
vn -0.9960 0.0182 -0.0880
vn -0.9973 0.0132 0.0726
vn -0.9720 0.0001 0.2349
vn -0.9147 -0.0220 0.4036
vn -0.9044 0.0075 -0.4267
vn -0.9670 0.0165 -0.2541
vn -0.9957 0.0171 -0.0910
vn -0.9977 0.0091 0.0666
vn -0.9743 -0.0083 0.2249
vn -0.9207 -0.0363 0.3886
vn -0.7770 -0.0619 -0.6264
vn -0.8952 -0.0277 -0.4449
vn -0.9643 -0.0059 -0.2646
vn -0.9959 0.0047 -0.0902
vn -0.9967 0.0055 0.0811
vn -0.9671 -0.0028 0.2545
vn -0.9008 -0.0200 0.4338
vn -0.7864 -0.0461 0.6160
vn -0.7895 -0.0388 0.6125
vn -0.7932 -0.0355 0.6079
vn -0.7981 -0.0362 0.6015
vn -0.8047 -0.0417 0.5922
vn -0.8139 -0.0537 0.5785
vn -0.8263 -0.0755 0.5581
vn -0.8423 -0.1152 0.5266
vn -0.9281 -0.0622 0.3670
vn -0.9772 -0.0237 0.2111
vn -0.9983 0.0010 0.0585
vn -0.9954 0.0138 -0.0953
vn -0.9666 0.0160 -0.2557
vn -0.9043 0.0086 -0.4268
vn -0.7952 -0.0082 -0.6063
vn -0.7948 -0.0102 -0.6068
vn -0.7942 -0.0138 -0.6075
vn -0.7931 -0.0189 -0.6088
vn -0.7913 -0.0256 -0.6109
vn -0.7884 -0.0343 -0.6143
vn -0.7839 -0.0460 -0.6192
vn 0.3611 -0.2863 -0.8875
vn 0.1937 -0.2594 -0.9461
vn 0.0364 -0.2293 -0.9727
vn -0.1172 -0.1967 -0.9734
vn -0.2747 -0.1616 -0.9478
vn -0.4419 -0.1241 -0.8884
vn 0.3673 -0.2639 -0.8919
vn 0.1967 -0.2350 -0.9519
vn 0.0363 -0.2042 -0.9783
vn -0.1201 -0.1723 -0.9777
vn -0.2798 -0.1391 -0.9499
vn -0.4482 -0.1044 -0.8878
vn 0.3723 -0.2448 -0.8952
vn 0.1988 -0.2155 -0.9560
vn 0.0360 -0.1848 -0.9821
vn -0.1223 -0.1537 -0.9805
vn -0.2834 -0.1220 -0.9512
vn -0.4525 -0.0897 -0.8873
vn 0.3776 -0.2276 -0.8976
vn 0.2009 -0.1994 -0.9591
vn 0.0359 -0.1696 -0.9849
vn -0.1239 -0.1394 -0.9825
vn -0.2858 -0.1091 -0.9521
vn -0.4553 -0.0784 -0.8869
vn 0.3842 -0.2110 -0.8988
vn 0.2036 -0.1858 -0.9613
vn 0.0361 -0.1575 -0.9869
vn -0.1250 -0.1284 -0.9838
vn -0.2875 -0.0992 -0.9526
vn -0.4571 -0.0700 -0.8866
vn 0.3938 -0.1932 -0.8986
vn 0.2074 -0.1737 -0.9627
vn 0.0367 -0.1482 -0.9883
vn -0.1259 -0.1205 -0.9847
vn -0.2889 -0.0923 -0.9529
vn -0.4584 -0.0639 -0.8864
vn 0.5281 -0.3298 -0.7825
vn 0.3519 -0.3140 -0.8818
vn 0.1886 -0.2910 -0.9380
vn 0.0359 -0.2626 -0.9642
vn -0.1135 -0.2296 -0.9666
vn -0.2676 -0.1923 -0.9442
vn -0.4328 -0.1508 -0.8888
vn -0.6093 -0.1060 -0.7859
vn -0.6184 -0.0844 -0.7813
vn -0.6245 -0.0685 -0.7780
vn -0.6286 -0.0566 -0.7757
vn -0.6312 -0.0476 -0.7742
vn -0.6328 -0.0408 -0.7732
vn -0.6338 -0.0359 -0.7727
vn -0.6345 -0.0330 -0.7722
vn -0.4596 -0.0605 -0.8861
vn -0.2903 -0.0883 -0.9529
vn -0.1268 -0.1157 -0.9852
vn 0.0377 -0.1415 -0.9892
vn 0.2132 -0.1622 -0.9635
vn 0.4086 -0.1706 -0.8966
vn 0.6242 -0.1528 -0.7662
vn 0.5961 -0.1986 -0.7780
vn 0.5781 -0.2280 -0.7834
vn 0.5658 -0.2505 -0.7856
vn 0.5566 -0.2699 -0.7857
vn 0.5485 -0.2886 -0.7847
vn 0.5397 -0.3080 -0.7835
vn -0.0312 -0.2537 -0.9668
vn -0.0040 -0.2013 -0.9795
vn 0.0242 -0.1580 -0.9871
vn 0.0256 -0.2302 -0.9728
vn 0.0368 -0.1899 -0.9811
vn 0.0527 -0.1492 -0.9874
vn 0.1639 -0.0603 -0.9846
vn 0.1985 -0.0353 -0.9795
vn 0.2530 -0.0252 -0.9671
vn 0.1022 -0.0927 -0.9904
vn 0.1330 -0.0755 -0.9882
vn 0.1814 -0.0690 -0.9810
vn 0.4547 -0.0756 -0.8875
vn 0.3235 -0.1405 -0.9357
vn 0.2065 -0.1839 -0.9610
vn 0.3964 -0.0556 -0.9164
vn 0.2919 -0.1166 -0.9493
vn 0.1946 -0.1604 -0.9677
vn 0.0573 -0.1238 -0.9907
vn 0.0836 -0.1114 -0.9903
vn 0.3261 -0.0349 -0.9447
vn 0.2442 -0.0869 -0.9658
vn 0.1062 -0.2103 -0.9719
vn 0.1043 -0.1816 -0.9778
vn 0.0999 -0.1488 -0.9838
vn 0.1236 -0.1034 -0.9869
vn 0.1772 -0.1306 -0.9755
vn -0.1157 -0.4043 -0.9073
vn -0.0478 -0.2771 -0.9597
vn -0.0152 -0.2156 -0.9764
vn 0.0142 -0.1700 -0.9853
vn -0.0520 -0.3270 -0.9436
vn 0.0161 -0.2718 -0.9622
vn 0.1044 -0.2325 -0.9670
vn 0.2311 -0.0776 -0.9698
vn 0.2474 -0.0141 -0.9688
vn 0.2796 0.0171 -0.9600
vn 0.3373 0.0310 -0.9409
vn 0.1394 -0.0939 -0.9858
vn 0.0845 -0.1141 -0.9899
vn 0.0454 -0.1387 -0.9893
vn 0.6747 0.0210 -0.7378
vn 0.4883 -0.0798 -0.8690
vn 0.3376 -0.1478 -0.9296
vn 0.2097 -0.1958 -0.9579
vn 0.5937 0.0197 -0.8044
vn 0.5103 0.0246 -0.8597
vn 0.4209 0.0309 -0.9066
vn -0.0000 -0.2579 -0.9662
vn -0.0039 -0.2172 -0.9761
vn -0.0184 -0.1856 -0.9825
vn 0.0039 -0.2172 -0.9761
vn -0.0000 -0.2013 -0.9795
vn -0.0131 -0.1852 -0.9826
vn -0.0941 -0.1678 -0.9813
vn -0.0573 -0.1937 -0.9794
vn -0.0189 -0.2066 -0.9782
vn -0.0621 -0.1563 -0.9858
vn -0.0413 -0.1690 -0.9848
vn -0.0148 -0.1741 -0.9846
vn 0.0941 -0.1678 -0.9813
vn 0.0621 -0.1563 -0.9858
vn 0.0386 -0.1644 -0.9856
vn 0.0573 -0.1937 -0.9794
vn 0.0413 -0.1690 -0.9848
vn 0.0291 -0.1695 -0.9851
vn -0.0386 -0.1644 -0.9856
vn -0.0291 -0.1695 -0.9851
vn 0.0189 -0.2066 -0.9782
vn 0.0148 -0.1741 -0.9846
vn 0.0184 -0.1856 -0.9825
vn 0.0131 -0.1852 -0.9826
vn -0.0000 -0.1810 -0.9835
vn -0.0129 -0.1679 -0.9857
vn 0.0129 -0.1679 -0.9857
vn -0.0000 -0.4363 -0.8998
vn 0.0138 -0.2876 -0.9577
vn 0.0040 -0.2239 -0.9746
vn -0.0174 -0.1810 -0.9833
vn -0.0138 -0.2876 -0.9577
vn -0.0040 -0.2239 -0.9746
vn 0.0174 -0.1810 -0.9833
vn -0.1987 -0.1483 -0.9688
vn -0.1362 -0.2203 -0.9659
vn -0.0789 -0.2591 -0.9626
vn -0.0250 -0.2773 -0.9605
vn -0.1208 -0.1320 -0.9839
vn -0.0754 -0.1369 -0.9877
vn -0.0431 -0.1538 -0.9872
vn 0.1987 -0.1483 -0.9688
vn 0.1208 -0.1320 -0.9839
vn 0.0754 -0.1369 -0.9877
vn 0.0431 -0.1538 -0.9872
vn 0.1362 -0.2203 -0.9659
vn 0.0789 -0.2591 -0.9626
vn 0.0250 -0.2773 -0.9605
vn -0.0000 -0.9926 0.1211
vn 0.0470 -0.9970 0.0622
vn 0.0535 -0.9985 0.0077
vn -0.0470 -0.9970 0.0622
vn -0.0000 -0.9992 0.0397
vn 0.0080 -0.9999 0.0086
vn -0.0811 -0.9893 -0.1210
vn -0.0531 -0.9943 -0.0922
vn -0.0187 -0.9965 -0.0819
vn -0.0140 -0.9963 -0.0844
vn -0.0253 -0.9976 -0.0651
vn -0.0139 -0.9980 -0.0619
vn 0.0811 -0.9893 -0.1210
vn 0.0140 -0.9963 -0.0844
vn -0.0318 -0.9987 -0.0409
vn 0.0531 -0.9943 -0.0922
vn 0.0253 -0.9976 -0.0651
vn 0.0056 -0.9995 -0.0302
vn 0.0318 -0.9987 -0.0409
vn -0.0056 -0.9995 -0.0302
vn 0.0187 -0.9965 -0.0819
vn 0.0139 -0.9980 -0.0619
vn -0.0535 -0.9985 0.0077
vn -0.0080 -0.9999 0.0086
vn -0.0000 -1.0000 -0.0021
vn -0.0125 -0.9993 -0.0342
vn 0.0125 -0.9993 -0.0342
vn -0.0000 -0.9512 0.3086
vn 0.1131 -0.9808 0.1592
vn 0.1477 -0.9870 0.0638
vn 0.1409 -0.9900 -0.0108
vn -0.1131 -0.9808 0.1592
vn -0.1477 -0.9870 0.0638
vn -0.1409 -0.9900 -0.0108
vn -0.2932 -0.9285 -0.2279
vn -0.1448 -0.9797 -0.1387
vn -0.0793 -0.9909 -0.1086
vn -0.0247 -0.9949 -0.0979
vn -0.0774 -0.9817 -0.1742
vn 0.0362 -0.9914 -0.1254
vn 0.1059 -0.9919 -0.0702
vn 0.2932 -0.9285 -0.2279
vn 0.0774 -0.9817 -0.1742
vn -0.0362 -0.9914 -0.1254
vn -0.1059 -0.9919 -0.0702
vn 0.1448 -0.9797 -0.1387
vn 0.0793 -0.9909 -0.1086
vn 0.0247 -0.9949 -0.0979
vn 0.0296 -0.9242 -0.3807
vn 0.0564 -0.9333 -0.3547
vn -0.0387 -0.9441 -0.3273
vn -0.7740 0.6241 0.1073
vn -0.6936 0.7172 0.0673
vn -0.8240 0.5610 -0.0798
vn 0.2073 -0.9127 -0.3521
vn 0.4444 -0.8274 -0.3435
vn 0.7609 0.6469 0.0514
vn 0.0299 0.9756 0.2176
vn -0.2545 0.9511 0.1748
vn -0.5528 0.8302 0.0727
vn 0.4409 -0.8136 -0.3790
vn 0.9262 -0.1136 -0.3595
vn 0.5223 0.8527 0.0096
vn 0.2107 0.9719 0.1055
vn -0.0090 0.9936 0.1126
vn -0.2884 0.9546 0.0744
vn 0.6361 -0.6394 -0.4319
vn 0.8646 0.3612 -0.3494
vn 0.4921 0.8655 -0.0937
vn 0.2778 0.9606 -0.0071
vn 0.1117 0.9936 0.0179
vn -0.1067 0.9942 0.0098
vn 0.7345 -0.4742 -0.4854
vn 0.7880 0.4501 -0.4202
vn 0.4942 0.8408 -0.2207
vn 0.3072 0.9432 -0.1265
vn 0.1647 0.9827 -0.0845
vn 0.0005 0.9971 -0.0758
vn 0.7525 -0.3895 -0.5311
vn 0.7532 0.3706 -0.5434
vn 0.5096 0.7678 -0.3884
vn 0.3186 0.9074 -0.2742
vn 0.1735 0.9638 -0.2026
vn 0.0417 0.9844 -0.1708
vn -0.1036 -0.8569 -0.5049
vn -0.0485 -0.8762 -0.4795
vn -0.0498 -0.8879 -0.4573
vn -0.1669 -0.8715 -0.4612
vn -0.6673 -0.5503 -0.5019
vn -0.9182 0.1159 -0.3789
vn -0.8940 0.1985 -0.4016
vn -0.8675 0.0654 -0.4931
vn -0.9271 0.2859 -0.2424
vn -0.8475 0.5252 -0.0769
vn -0.6854 0.7280 -0.0133
vn -0.5005 0.8652 -0.0303
vn -0.3263 0.9401 -0.0984
vn -0.1805 0.9656 -0.1873
vn -0.0768 0.9549 -0.2867
vn 0.0273 0.9578 -0.2861
vn 0.1522 0.9176 -0.3672
vn 0.3181 0.8154 -0.4837
vn 0.5218 0.5937 -0.6126
vn 0.7143 0.1530 -0.6829
vn 0.7277 -0.3932 -0.5621
vn 0.5460 -0.7836 -0.2963
vn 0.4521 -0.8336 -0.3175
vn 0.3941 -0.8588 -0.3275
vn 0.3238 -0.8854 -0.3334
vn 0.2326 -0.9118 -0.3384
vn 0.1246 -0.9263 -0.3556
vn 0.0159 -0.9173 -0.3979
vn 0.8513 -0.3087 0.4243
vn 0.9198 -0.3086 0.2423
vn 0.9491 -0.3074 0.0690
vn 0.9457 -0.3094 -0.0999
vn 0.9096 -0.3149 -0.2711
vn 0.8347 -0.3206 -0.4478
vn 0.8371 -0.3574 0.4142
vn 0.9109 -0.3407 0.2330
vn 0.9449 -0.3211 0.0640
vn 0.9459 -0.3089 -0.0988
vn 0.9140 -0.3062 -0.2661
vn 0.8425 -0.3075 -0.4423
vn 0.8145 -0.4267 0.3931
vn 0.8990 -0.3836 0.2113
vn 0.9408 -0.3355 0.0481
vn 0.9475 -0.3022 -0.1042
vn 0.9202 -0.2892 -0.2639
vn 0.8519 -0.2880 -0.4375
vn 0.7818 -0.5120 0.3559
vn 0.8869 -0.4276 0.1748
vn 0.9399 -0.3408 0.0203
vn 0.9522 -0.2824 -0.1162
vn 0.9292 -0.2592 -0.2633
vn 0.8642 -0.2588 -0.4315
vn 0.7505 -0.5943 0.2891
vn 0.8956 -0.4285 0.1195
vn 0.9562 -0.2924 -0.0154
vn 0.9666 -0.2211 -0.1298
vn 0.9444 -0.2014 -0.2600
vn 0.8818 -0.2125 -0.4210
vn 0.7581 -0.6271 0.1790
vn 0.9488 -0.3135 0.0378
vn 0.9904 -0.1281 -0.0518
vn 0.9880 -0.0768 -0.1340
vn 0.9654 -0.0902 -0.2448
vn 0.9069 -0.1339 -0.3996
vn 0.7411 -0.2696 0.6149
vn 0.8599 -0.2795 0.4271
vn 0.9267 -0.2866 0.2430
vn 0.9534 -0.2944 0.0663
vn 0.9465 -0.3046 -0.1062
vn 0.9063 -0.3170 -0.2795
vn 0.8271 -0.3289 -0.4558
vn 0.7001 -0.3351 -0.6305
vn 0.7111 -0.3202 -0.6259
vn 0.7207 -0.3041 -0.6230
vn 0.7308 -0.2851 -0.6201
vn 0.7434 -0.2612 -0.6157
vn 0.7607 -0.2284 -0.6076
vn 0.7859 -0.1784 -0.5921
vn 0.8230 -0.0904 -0.5607
vn 0.9359 0.0141 -0.3520
vn 0.9712 0.1342 -0.1970
vn 0.9641 0.2435 -0.1056
vn 0.9462 0.3158 -0.0699
vn 0.9534 0.2916 -0.0769
vn 0.9954 -0.0788 -0.0540
vn 0.3648 -0.9144 0.1754
vn 0.4282 -0.8109 0.3989
vn 0.5303 -0.6843 0.5004
vn 0.6197 -0.5503 0.5596
vn 0.6772 -0.4404 0.5894
vn 0.7119 -0.3575 0.6045
vn 0.7315 -0.3008 0.6120
vn 0.0215 -0.5899 -0.8072
vn -0.0514 -0.4228 -0.9047
vn -0.1365 -0.1920 -0.9719
vn -0.2194 0.0857 -0.9719
vn -0.2748 0.3254 -0.9047
vn -0.3055 0.5051 -0.8072
vn 0.0809 -0.5710 -0.8170
vn 0.0172 -0.3947 -0.9187
vn -0.0597 -0.1621 -0.9850
vn -0.1388 0.1029 -0.9850
vn -0.2021 0.3395 -0.9187
vn -0.2454 0.5219 -0.8170
vn 0.1353 -0.5540 -0.8215
vn 0.0781 -0.3722 -0.9249
vn 0.0065 -0.1386 -0.9903
vn -0.0705 0.1194 -0.9903
vn -0.1388 0.3541 -0.9249
vn -0.1906 0.5375 -0.8215
vn 0.1906 -0.5375 -0.8215
vn 0.1388 -0.3541 -0.9249
vn 0.0705 -0.1194 -0.9903
vn -0.0065 0.1385 -0.9903
vn -0.0781 0.3722 -0.9248
vn -0.1353 0.5540 -0.8215
vn 0.2454 -0.5219 -0.8170
vn 0.2021 -0.3395 -0.9187
vn 0.1388 -0.1029 -0.9850
vn 0.0597 0.1621 -0.9850
vn -0.0172 0.3947 -0.9187
vn -0.0809 0.5710 -0.8170
vn 0.3055 -0.5051 -0.8072
vn 0.2748 -0.3254 -0.9047
vn 0.2194 -0.0857 -0.9719
vn 0.1365 0.1920 -0.9719
vn 0.0514 0.4228 -0.9047
vn -0.0215 0.5899 -0.8072
vn 0.0190 -0.7173 -0.6965
vn -0.0488 -0.6213 -0.7820
vn -0.1363 -0.4667 -0.8739
vn -0.2362 -0.2334 -0.9432
vn -0.3256 0.0657 -0.9432
vn -0.3698 0.3155 -0.8739
vn -0.3815 0.4929 -0.7820
vn -0.3774 0.6103 -0.6965
vn -0.3241 0.6349 -0.7013
vn -0.2747 0.6530 -0.7058
vn -0.2269 0.6685 -0.7082
vn -0.1768 0.6835 -0.7082
vn -0.1283 0.6967 -0.7058
vn -0.0771 0.7087 -0.7013
vn -0.0190 0.7173 -0.6965
vn 0.0488 0.6214 -0.7820
vn 0.1363 0.4667 -0.8739
vn 0.2362 0.2334 -0.9432
vn 0.3256 -0.0657 -0.9432
vn 0.3698 -0.3155 -0.8739
vn 0.3815 -0.4929 -0.7820
vn 0.3774 -0.6103 -0.6965
vn 0.3241 -0.6349 -0.7013
vn 0.2747 -0.6530 -0.7058
vn 0.2269 -0.6685 -0.7082
vn 0.1768 -0.6835 -0.7082
vn 0.1283 -0.6967 -0.7058
vn 0.0771 -0.7087 -0.7013
vn 0.3055 0.5051 -0.8072
vn 0.2748 0.3254 -0.9047
vn 0.2194 0.0857 -0.9719
vn 0.1365 -0.1920 -0.9719
vn 0.0514 -0.4228 -0.9047
vn -0.0215 -0.5899 -0.8072
vn 0.2454 0.5219 -0.8170
vn 0.2021 0.3395 -0.9187
vn 0.1388 0.1029 -0.9850
vn 0.0597 -0.1621 -0.9850
vn -0.0172 -0.3947 -0.9187
vn -0.0809 -0.5710 -0.8170
vn 0.1906 0.5375 -0.8215
vn 0.1388 0.3541 -0.9249
vn 0.0705 0.1194 -0.9903
vn -0.0065 -0.1385 -0.9903
vn -0.0781 -0.3722 -0.9249
vn -0.1353 -0.5540 -0.8215
vn 0.1353 0.5540 -0.8215
vn 0.0781 0.3722 -0.9248
vn 0.0065 0.1385 -0.9903
vn -0.0705 -0.1194 -0.9903
vn -0.1388 -0.3541 -0.9249
vn -0.1906 -0.5375 -0.8215
vn 0.0809 0.5710 -0.8170
vn 0.0172 0.3947 -0.9187
vn -0.0597 0.1621 -0.9850
vn -0.1388 -0.1029 -0.9850
vn -0.2021 -0.3395 -0.9187
vn -0.2454 -0.5219 -0.8170
vn 0.0215 0.5899 -0.8072
vn -0.0514 0.4228 -0.9047
vn -0.1365 0.1920 -0.9719
vn -0.2194 -0.0857 -0.9719
vn -0.2748 -0.3254 -0.9047
vn -0.3055 -0.5051 -0.8072
vn 0.3774 0.6103 -0.6965
vn 0.3815 0.4929 -0.7820
vn 0.3698 0.3155 -0.8739
vn 0.3256 0.0657 -0.9432
vn 0.2362 -0.2334 -0.9432
vn 0.1363 -0.4667 -0.8739
vn 0.0488 -0.6214 -0.7820
vn -0.0190 -0.7173 -0.6965
vn -0.0771 -0.7087 -0.7013
vn -0.1283 -0.6967 -0.7058
vn -0.1768 -0.6835 -0.7082
vn -0.2269 -0.6685 -0.7082
vn -0.2747 -0.6530 -0.7058
vn -0.3241 -0.6349 -0.7013
vn -0.3774 -0.6103 -0.6965
vn -0.3815 -0.4929 -0.7820
vn -0.3698 -0.3155 -0.8739
vn -0.3256 -0.0657 -0.9432
vn -0.2362 0.2334 -0.9432
vn -0.1363 0.4667 -0.8739
vn -0.0488 0.6214 -0.7820
vn 0.0190 0.7173 -0.6965
vn 0.0771 0.7087 -0.7013
vn 0.1283 0.6967 -0.7058
vn 0.1768 0.6835 -0.7082
vn 0.2269 0.6685 -0.7082
vn 0.2747 0.6530 -0.7058
vn 0.3241 0.6349 -0.7013
vn 0.0304 0.6696 -0.7421
vn 0.0462 0.5000 -0.8648
vn 0.0606 0.2007 -0.9778
vn 0.0618 -0.1997 -0.9779
vn 0.0493 -0.4992 -0.8651
vn 0.0345 -0.6689 -0.7425
vn -0.0149 0.6741 -0.7385
vn -0.0124 0.5011 -0.8653
vn -0.0098 0.1972 -0.9803
vn -0.0086 -0.1967 -0.9804
vn -0.0093 -0.5006 -0.8656
vn -0.0108 -0.6737 -0.7389
vn -0.0547 0.6764 -0.7345
vn -0.0625 0.5016 -0.8628
vn -0.0691 0.1951 -0.9783
vn -0.0679 -0.1949 -0.9785
vn -0.0594 -0.5014 -0.8632
vn -0.0506 -0.6763 -0.7349
vn -0.0943 0.6763 -0.7306
vn -0.1107 0.5014 -0.8581
vn -0.1250 0.1949 -0.9728
vn -0.1238 -0.1951 -0.9729
vn -0.1077 -0.5016 -0.8584
vn -0.0901 -0.6764 -0.7310
vn -0.1341 0.6737 -0.7267
vn -0.1604 0.5006 -0.8507
vn -0.1835 0.1967 -0.9631
vn -0.1823 -0.1972 -0.9633
vn -0.1573 -0.5011 -0.8510
vn -0.1300 -0.6741 -0.7271
vn -0.1793 0.6689 -0.7214
vn -0.2177 0.4992 -0.8387
vn -0.2521 0.1997 -0.9469
vn -0.2509 -0.2007 -0.9470
vn -0.2147 -0.5000 -0.8390
vn -0.1751 -0.6696 -0.7218
vn 0.0623 0.7556 -0.6521
vn 0.0891 0.6709 -0.7362
vn 0.1238 0.5078 -0.8525
vn 0.1551 0.2087 -0.9656
vn 0.1564 -0.2071 -0.9657
vn 0.1269 -0.5065 -0.8528
vn 0.0932 -0.6699 -0.7366
vn 0.0670 -0.7548 -0.6525
vn 0.0253 -0.7628 -0.6461
vn -0.0107 -0.7664 -0.6423
vn -0.0438 -0.7679 -0.6390
vn -0.0775 -0.7680 -0.6357
vn -0.1105 -0.7667 -0.6325
vn -0.1466 -0.7634 -0.6291
vn -0.1888 -0.7556 -0.6273
vn -0.2315 -0.6709 -0.7045
vn -0.2883 -0.5078 -0.8118
vn -0.3411 -0.2087 -0.9166
vn -0.3424 0.2071 -0.9164
vn -0.2914 0.5065 -0.8115
vn -0.2356 0.6699 -0.7041
vn -0.1934 0.7548 -0.6268
vn -0.1513 0.7628 -0.6286
vn -0.1152 0.7664 -0.6320
vn -0.0822 0.7679 -0.6352
vn -0.0485 0.7680 -0.6386
vn -0.0154 0.7667 -0.6419
vn 0.0206 0.7634 -0.6456
vn 0.9537 -0.3004 -0.0144
vn 0.9530 -0.2972 0.0583
vn 0.9577 -0.2701 0.0988
vn 0.9845 -0.1751 -0.0040
vn 0.9778 -0.1878 0.0928
vn 0.9754 -0.1740 0.1354
vn 0.9792 -0.0556 0.1953
vn 0.9844 0.0204 0.1750
vn 0.9837 0.0921 0.1546
vn 0.9749 -0.1431 0.1706
vn 0.9846 -0.0603 0.1638
vn 0.9887 0.0116 0.1496
vn 0.9507 0.3025 0.0676
vn 0.9844 0.1719 0.0364
vn 0.9986 0.0515 0.0123
vn 0.9665 0.2274 0.1190
vn 0.9864 0.1194 0.1129
vn 0.9940 0.0138 0.1087
vn 0.9677 -0.2161 0.1299
vn 0.9815 -0.1269 0.1434
vn 0.9764 0.1622 0.1429
vn 0.9865 0.0742 0.1459
vn 0.9983 -0.0587 -0.0023
vn 0.9909 -0.0863 0.1029
vn 0.9833 -0.0936 0.1562
vn 0.9885 -0.0549 0.1408
vn 0.9876 -0.0068 0.1567
vn 0.8693 -0.4773 -0.1284
vn 0.8961 -0.4325 -0.0998
vn 0.9071 -0.4176 -0.0526
vn 0.9218 -0.3876 0.0001
vn 0.9520 -0.2575 -0.1655
vn 0.9794 -0.1222 -0.1605
vn 0.9899 -0.0007 -0.1420
vn 0.9779 -0.0352 0.2059
vn 0.9817 0.0430 0.1857
vn 0.9805 0.1125 0.1612
vn 0.9730 0.1826 0.1409
vn 0.9684 -0.1488 0.2002
vn 0.9569 -0.2506 0.1466
vn 0.9409 -0.3317 0.0678
vn 0.8209 0.5680 0.0599
vn 0.9195 0.3929 -0.0133
vn 0.9674 0.2442 -0.0669
vn 0.9875 0.1139 -0.1089
vn 0.8982 0.4287 0.0969
vn 0.9348 0.3347 0.1192
vn 0.9578 0.2563 0.1297
vn -0.1677 -0.9725 -0.1618
vn -0.1502 -0.9669 -0.2063
vn -0.1259 -0.9592 -0.2532
vn -0.0945 -0.9849 -0.1450
vn -0.0888 -0.9790 -0.1837
vn -0.0758 -0.9702 -0.2303
vn -0.0000 -0.9280 -0.3725
vn 0.0435 -0.9416 -0.3340
vn 0.0892 -0.9512 -0.2953
vn -0.0435 -0.9416 -0.3340
vn -0.0000 -0.9516 -0.3073
vn 0.0437 -0.9606 -0.2744
vn 0.1677 -0.9725 -0.1618
vn 0.0945 -0.9849 -0.1450
vn 0.0302 -0.9902 -0.1364
vn 0.1503 -0.9669 -0.2063
vn 0.0888 -0.9790 -0.1837
vn 0.0305 -0.9851 -0.1692
vn -0.0892 -0.9512 -0.2953
vn -0.0437 -0.9606 -0.2744
vn 0.1259 -0.9592 -0.2532
vn 0.0758 -0.9702 -0.2303
vn -0.0302 -0.9902 -0.1364
vn -0.0305 -0.9851 -0.1692
vn -0.0309 -0.9774 -0.2093
vn -0.0000 -0.9674 -0.2533
vn 0.0309 -0.9774 -0.2093
vn -0.3430 -0.9277 -0.1470
vn -0.2648 -0.9433 -0.2004
vn -0.2303 -0.9422 -0.2432
vn -0.1922 -0.9400 -0.2817
vn -0.1731 -0.9757 -0.1346
vn -0.0933 -0.9882 -0.1211
vn -0.0287 -0.9931 -0.1137
vn -0.0000 -0.8639 -0.5036
vn 0.0262 -0.9160 -0.4003
vn 0.0816 -0.9328 -0.3509
vn 0.1422 -0.9385 -0.3146
vn -0.0262 -0.9160 -0.4003
vn -0.0816 -0.9328 -0.3509
vn -0.1422 -0.9385 -0.3146
vn 0.3430 -0.9278 -0.1470
vn 0.1731 -0.9757 -0.1346
vn 0.0933 -0.9882 -0.1211
vn 0.0287 -0.9931 -0.1137
vn 0.2648 -0.9433 -0.2004
vn 0.2303 -0.9422 -0.2432
vn 0.1922 -0.9400 -0.2817
vn -0.4277 0.3421 -0.8367
vn -0.2656 0.3553 -0.8962
vn -0.0927 0.3620 -0.9275
vn 0.0927 0.3621 -0.9275
vn 0.2656 0.3553 -0.8962
vn 0.4276 0.3422 -0.8367
vn -0.4470 0.1748 -0.8773
vn -0.2722 0.1743 -0.9463
vn -0.0925 0.1732 -0.9805
vn 0.0925 0.1731 -0.9805
vn 0.2722 0.1743 -0.9463
vn 0.4470 0.1748 -0.8773
vn -0.4570 -0.0003 -0.8895
vn -0.2748 -0.0081 -0.9615
vn -0.0917 -0.0125 -0.9957
vn 0.0918 -0.0124 -0.9957
vn 0.2747 -0.0081 -0.9615
vn 0.4570 -0.0003 -0.8895
vn -0.4570 -0.1847 -0.8701
vn -0.2748 -0.1920 -0.9421
vn -0.0917 -0.1949 -0.9765
vn 0.0917 -0.1949 -0.9765
vn 0.2748 -0.1920 -0.9421
vn 0.4570 -0.1846 -0.8701
vn -0.4471 -0.3534 -0.8217
vn -0.2722 -0.3672 -0.8894
vn -0.0924 -0.3732 -0.9231
vn 0.0924 -0.3732 -0.9231
vn 0.2723 -0.3672 -0.8894
vn 0.4470 -0.3535 -0.8217
vn -0.4277 -0.5086 -0.7472
vn -0.2656 -0.5339 -0.8027
vn -0.0927 -0.5470 -0.8320
vn 0.0927 -0.5470 -0.8320
vn 0.2657 -0.5338 -0.8028
vn 0.4277 -0.5086 -0.7473
vn -0.5364 0.4654 -0.7040
vn -0.4057 0.5059 -0.7612
vn -0.2573 0.5343 -0.8052
vn -0.0917 0.5499 -0.8301
vn 0.0917 0.5500 -0.8301
vn 0.2573 0.5343 -0.8052
vn 0.4057 0.5060 -0.7612
vn 0.5364 0.4655 -0.7040
vn 0.5827 0.3299 -0.7427
vn 0.6156 0.1780 -0.7677
vn 0.6337 0.0110 -0.7735
vn 0.6338 -0.1715 -0.7543
vn 0.6155 -0.3338 -0.7139
vn 0.5827 -0.4771 -0.6579
vn 0.5365 -0.6016 -0.5918
vn 0.4058 -0.6531 -0.6394
vn 0.2573 -0.6900 -0.6765
vn 0.0917 -0.7106 -0.6976
vn -0.0917 -0.7106 -0.6976
vn -0.2573 -0.6900 -0.6765
vn -0.4058 -0.6531 -0.6394
vn -0.5364 -0.6016 -0.5919
vn -0.5827 -0.4772 -0.6579
vn -0.6155 -0.3337 -0.7140
vn -0.6337 -0.1715 -0.7543
vn -0.6338 0.0110 -0.7735
vn -0.6155 0.1780 -0.7678
vn -0.5827 0.3299 -0.7427
vn -0.4547 -0.0756 -0.8875
vn -0.3964 -0.0556 -0.9164
vn -0.3261 -0.0349 -0.9447
vn -0.3235 -0.1405 -0.9357
vn -0.2919 -0.1166 -0.9493
vn -0.2442 -0.0869 -0.9658
vn -0.1639 -0.0603 -0.9846
vn -0.1022 -0.0927 -0.9904
vn -0.0573 -0.1238 -0.9907
vn -0.1985 -0.0353 -0.9795
vn -0.1330 -0.0755 -0.9882
vn -0.0836 -0.1114 -0.9903
vn 0.0312 -0.2537 -0.9668
vn -0.0255 -0.2302 -0.9728
vn -0.1062 -0.2103 -0.9719
vn 0.0040 -0.2013 -0.9795
vn -0.0368 -0.1899 -0.9811
vn -0.1043 -0.1816 -0.9778
vn -0.2530 -0.0252 -0.9671
vn -0.1814 -0.0690 -0.9810
vn -0.0242 -0.1580 -0.9871
vn -0.0527 -0.1492 -0.9874
vn -0.2065 -0.1839 -0.9610
vn -0.1946 -0.1604 -0.9677
vn -0.1772 -0.1306 -0.9755
vn -0.1236 -0.1034 -0.9869
vn -0.0999 -0.1488 -0.9838
vn -0.6747 0.0210 -0.7378
vn -0.5937 0.0197 -0.8044
vn -0.5103 0.0246 -0.8597
vn -0.4209 0.0309 -0.9066
vn -0.4883 -0.0798 -0.8690
vn -0.3376 -0.1478 -0.9296
vn -0.2097 -0.1958 -0.9579
vn -0.2311 -0.0776 -0.9698
vn -0.1394 -0.0939 -0.9858
vn -0.0845 -0.1141 -0.9899
vn -0.0454 -0.1387 -0.9893
vn -0.2474 -0.0141 -0.9688
vn -0.2796 0.0171 -0.9600
vn -0.3373 0.0310 -0.9409
vn 0.1157 -0.4043 -0.9073
vn 0.0520 -0.3270 -0.9436
vn -0.0161 -0.2718 -0.9622
vn -0.1044 -0.2325 -0.9670
vn 0.0478 -0.2771 -0.9597
vn 0.0152 -0.2156 -0.9764
vn -0.0142 -0.1700 -0.9853
vn -0.7999 0.2473 -0.5468
vn -0.8401 0.3177 -0.4397
vn -0.8540 0.3750 -0.3607
vn -0.7208 0.2171 -0.6583
vn -0.7816 0.2900 -0.5523
vn -0.8119 0.3497 -0.4674
vn -0.8509 0.4741 -0.2261
vn -0.8333 0.4122 -0.3684
vn -0.7804 0.3443 -0.5220
vn -0.8489 0.4551 -0.2688
vn -0.8181 0.4169 -0.3960
vn -0.7577 0.3672 -0.5396
vn -0.4655 0.1241 -0.8763
vn -0.4756 0.1582 -0.8653
vn -0.5316 0.1771 -0.8283
vn -0.5865 0.2001 -0.7849
vn -0.5792 0.2343 -0.7808
vn -0.6197 0.2497 -0.7441
vn -0.8530 0.4219 -0.3073
vn -0.8174 0.3961 -0.4183
vn -0.6971 0.2751 -0.6622
vn -0.6765 0.3066 -0.6695
vn -0.6240 0.1938 -0.7570
vn -0.7009 0.2648 -0.6623
vn -0.7520 0.3215 -0.5755
vn -0.7577 0.3670 -0.5396
vn -0.6857 0.3147 -0.6563
vn -0.8030 0.1843 -0.5667
vn -0.8576 0.2790 -0.4321
vn -0.8754 0.3428 -0.3408
vn -0.8763 0.3964 -0.2739
vn -0.7202 0.1465 -0.6781
vn -0.6277 0.1262 -0.7682
vn -0.5272 0.1139 -0.8421
vn -0.8127 0.5822 -0.0220
vn -0.8670 0.4706 -0.1638
vn -0.8715 0.3779 -0.3126
vn -0.8349 0.2905 -0.4675
vn -0.8409 0.5289 -0.1145
vn -0.8561 0.4868 -0.1734
vn -0.8683 0.4437 -0.2218
vn -0.3625 -0.0126 -0.9319
vn -0.3513 0.0527 -0.9348
vn -0.3746 0.0851 -0.9233
vn -0.4346 0.1031 -0.8947
vn -0.5177 0.0557 -0.8538
vn -0.6524 0.1320 -0.7463
vn -0.7621 0.2113 -0.6120
vn 0.6484 -0.4866 -0.5855
vn 0.5392 -0.3134 -0.7817
vn 0.4133 -0.0625 -0.9084
vn 0.2615 0.2027 -0.9437
vn 0.1009 0.4358 -0.8944
vn -0.0416 0.6308 -0.7748
vn 0.6391 -0.5289 -0.5584
vn 0.4906 -0.4432 -0.7503
vn 0.3598 -0.3130 -0.8790
vn 0.2375 -0.1678 -0.9568
vn 0.1403 -0.0658 -0.9879
vn 0.1088 -0.1485 -0.9829
vn 0.6663 -0.5749 -0.4749
vn 0.4962 -0.5578 -0.6652
vn 0.3590 -0.5082 -0.7828
vn 0.2608 -0.4684 -0.8442
vn 0.2310 -0.5248 -0.8193
vn 0.3369 -0.8523 -0.4001
vn 0.7330 -0.6005 -0.3195
vn 0.5632 -0.6541 -0.5049
vn 0.4243 -0.6673 -0.6121
vn 0.3482 -0.6943 -0.6299
vn 0.3651 -0.7967 -0.4817
vn 0.4548 -0.8860 0.0906
vn 0.8188 -0.5646 -0.1037
vn 0.6783 -0.6883 -0.2572
vn 0.5498 -0.7603 -0.3460
vn 0.4889 -0.8118 -0.3195
vn 0.5156 -0.8509 -0.1006
vn 0.5560 -0.7540 0.3497
vn 0.8909 -0.4450 0.0906
vn 0.7980 -0.6027 0.0007
vn 0.6979 -0.7142 -0.0537
vn 0.6452 -0.7640 -0.0091
vn 0.6548 -0.7343 0.1793
vn 0.6633 -0.5883 0.4625
vn 0.7324 -0.5990 -0.3237
vn 0.6812 -0.4476 -0.5794
vn 0.6276 -0.1240 -0.7686
vn 0.4882 0.2673 -0.8308
vn 0.2996 0.5765 -0.7602
vn 0.1162 0.7734 -0.6232
vn -0.0215 0.8793 -0.4758
vn -0.0757 0.9629 -0.2589
vn -0.1859 0.6900 0.6995
vn 0.1776 -0.6714 0.7195
vn 0.2825 -0.6589 0.6971
vn 0.3840 -0.5863 0.7133
vn 0.4958 -0.4926 0.7152
vn 0.6199 -0.3889 0.6815
vn 0.7481 -0.2834 0.6000
vn 0.7740 -0.4241 0.4702
vn 0.7771 -0.5476 0.3103
vn 0.7831 -0.5924 0.1892
vn 0.8260 -0.5438 0.1482
vn 0.8907 -0.4237 0.1647
vn 0.9415 -0.2756 0.1941
vn 0.9676 -0.1401 0.2099
vn 0.9453 -0.2816 0.1648
vn 0.9144 -0.4016 0.0502
vn 0.8720 -0.4796 -0.0978
vn 0.8288 -0.5146 -0.2199
vn 0.7981 -0.5235 -0.2983
vn 0.7770 -0.5303 -0.3391
vn 0.9853 0.0625 0.1588
vn 0.9839 -0.0241 0.1770
vn 0.9741 -0.1171 0.1936
vn 0.9591 -0.1824 0.2165
vn 0.9482 -0.1933 0.2519
vn 0.9422 -0.1586 0.2950
vn 0.9795 0.1844 0.0812
vn 0.9876 0.1227 0.0976
vn 0.9927 0.0444 0.1123
vn 0.9913 -0.0292 0.1280
vn 0.9866 -0.0698 0.1474
vn 0.9829 -0.0711 0.1701
vn 0.9642 0.2650 -0.0130
vn 0.9757 0.2188 -0.0051
vn 0.9886 0.1505 0.0028
vn 0.9973 0.0731 0.0119
vn 0.9996 0.0132 0.0230
vn 0.9993 -0.0129 0.0356
vn 0.9446 0.3058 -0.1191
vn 0.9563 0.2657 -0.1223
vn 0.9714 0.2027 -0.1233
vn 0.9846 0.1268 -0.1207
vn 0.9916 0.0590 -0.1148
vn 0.9940 0.0199 -0.1075
vn 0.9200 0.3077 -0.2426
vn 0.9287 0.2669 -0.2574
vn 0.9416 0.2065 -0.2662
vn 0.9534 0.1371 -0.2686
vn 0.9612 0.0725 -0.2661
vn 0.9646 0.0311 -0.2617
vn 0.8827 0.2641 -0.3887
vn 0.8828 0.2220 -0.4139
vn 0.8882 0.1682 -0.4276
vn 0.8947 0.1117 -0.4325
vn 0.9001 0.0592 -0.4317
vn 0.9029 0.0243 -0.4291
vn 0.9816 0.0036 0.1908
vn 0.9740 -0.0963 0.2052
vn 0.9534 -0.2149 0.2116
vn 0.9201 -0.3243 0.2198
vn 0.8903 -0.3796 0.2514
vn 0.8783 -0.3567 0.3183
vn 0.8726 -0.2774 0.4021
vn 0.8599 -0.1861 0.4754
vn 0.9360 -0.1070 0.3355
vn 0.9801 -0.0493 0.1924
vn 0.9988 -0.0114 0.0479
vn 0.9949 0.0095 -0.1008
vn 0.9660 0.0161 -0.2581
vn 0.9040 0.0103 -0.4274
vn 0.7955 -0.0065 -0.6060
vn 0.7950 0.0029 -0.6066
vn 0.7936 0.0257 -0.6079
vn 0.7918 0.0597 -0.6079
vn 0.7913 0.0973 -0.6036
vn 0.7943 0.1360 -0.5921
vn 0.8044 0.1725 -0.5685
vn 0.8252 0.2138 -0.5228
vn 0.8877 0.2967 -0.3520
vn 0.9170 0.3307 -0.2233
vn 0.9380 0.3269 -0.1151
vn 0.9562 0.2920 -0.0216
vn 0.9720 0.2264 0.0627
vn 0.9822 0.1293 0.1362
vn -0.9792 -0.0556 0.1953
vn -0.9749 -0.1431 0.1706
vn -0.9677 -0.2161 0.1299
vn -0.9844 0.0204 0.1750
vn -0.9846 -0.0603 0.1638
vn -0.9815 -0.1269 0.1434
vn -0.9537 -0.3004 -0.0144
vn -0.9845 -0.1751 -0.0040
vn -0.9983 -0.0587 -0.0023
vn -0.9530 -0.2972 0.0583
vn -0.9778 -0.1878 0.0928
vn -0.9909 -0.0863 0.1029
vn -0.9507 0.3025 0.0676
vn -0.9665 0.2274 0.1190
vn -0.9764 0.1622 0.1429
vn -0.9844 0.1719 0.0364
vn -0.9864 0.1194 0.1129
vn -0.9865 0.0742 0.1459
vn -0.9577 -0.2701 0.0988
vn -0.9754 -0.1740 0.1354
vn -0.9986 0.0515 0.0123
vn -0.9940 0.0138 0.1087
vn -0.9837 0.0921 0.1546
vn -0.9887 0.0116 0.1496
vn -0.9885 -0.0549 0.1408
vn -0.9833 -0.0936 0.1562
vn -0.9876 -0.0068 0.1567
vn -0.9779 -0.0352 0.2059
vn -0.9684 -0.1488 0.2002
vn -0.9569 -0.2506 0.1466
vn -0.9409 -0.3317 0.0678
vn -0.9817 0.0430 0.1857
vn -0.9805 0.1125 0.1612
vn -0.9730 0.1826 0.1409
vn -0.8693 -0.4773 -0.1284
vn -0.9520 -0.2575 -0.1655
vn -0.9794 -0.1222 -0.1605
vn -0.9899 -0.0007 -0.1420
vn -0.8961 -0.4325 -0.0998
vn -0.9071 -0.4176 -0.0526
vn -0.9218 -0.3876 0.0001
vn -0.8209 0.5680 0.0599
vn -0.8982 0.4287 0.0969
vn -0.9348 0.3347 0.1192
vn -0.9578 0.2563 0.1297
vn -0.9195 0.3929 -0.0133
vn -0.9674 0.2442 -0.0669
vn -0.9875 0.1139 -0.1089
vn 0.4774 -0.0469 -0.8775
vn 0.4726 -0.0500 -0.8798
vn 0.4693 -0.0543 -0.8814
vn 0.4665 -0.0569 -0.8827
vn 0.4644 -0.0586 -0.8837
vn 0.4627 -0.0595 -0.8845
vn 0.3227 -0.1222 -0.9386
vn 0.3146 -0.1141 -0.9424
vn 0.3080 -0.1068 -0.9454
vn 0.3028 -0.1001 -0.9478
vn 0.2984 -0.0939 -0.9498
vn 0.2949 -0.0896 -0.9513
vn 0.1925 -0.1885 -0.9630
vn 0.1796 -0.1796 -0.9672
vn 0.1651 -0.1654 -0.9723
vn 0.1507 -0.1471 -0.9776
vn 0.1391 -0.1298 -0.9817
vn 0.1320 -0.1189 -0.9841
vn 0.0905 -0.2683 -0.9591
vn 0.0760 -0.2769 -0.9579
vn 0.0504 -0.2636 -0.9633
vn 0.0138 -0.2206 -0.9753
vn -0.0175 -0.1744 -0.9845
vn -0.0338 -0.1468 -0.9886
vn 0.0138 -0.3924 -0.9197
vn 0.0004 -0.4293 -0.9032
vn -0.0381 -0.4176 -0.9078
vn -0.1130 -0.3330 -0.9361
vn -0.1829 -0.2289 -0.9561
vn -0.2161 -0.1672 -0.9619
vn -0.0251 -0.5702 -0.8211
vn -0.0412 -0.6184 -0.7848
vn -0.1031 -0.5987 -0.7943
vn -0.2415 -0.4670 -0.8506
vn -0.3794 -0.2718 -0.8844
vn -0.4334 -0.1576 -0.8873
vn 0.6581 0.0765 -0.7490
vn 0.6503 0.0534 -0.7578
vn 0.6430 0.0335 -0.7652
vn 0.6386 0.0139 -0.7694
vn 0.6364 -0.0034 -0.7713
vn 0.6359 -0.0182 -0.7716
vn 0.6357 -0.0279 -0.7714
vn 0.6353 -0.0319 -0.7716
vn 0.4611 -0.0597 -0.8853
vn 0.2923 -0.0878 -0.9523
vn 0.1285 -0.1149 -0.9850
vn -0.0383 -0.1386 -0.9896
vn -0.2201 -0.1529 -0.9634
vn -0.4293 -0.1435 -0.8917
vn -0.6654 -0.0820 -0.7419
vn -0.6929 -0.0624 -0.7183
vn -0.6434 -0.2291 -0.7304
vn -0.3980 -0.5793 -0.7113
vn -0.1487 -0.7590 -0.6338
vn -0.0592 -0.7837 -0.6183
vn -0.0461 -0.7529 -0.6565
vn -0.0512 -0.6561 -0.7529
vn -0.0413 -0.4560 -0.8890
vn 0.0140 -0.3295 -0.9440
vn 0.0990 -0.2510 -0.9629
vn 0.2033 -0.1945 -0.9596
vn 0.3330 -0.1357 -0.9331
vn 0.4854 -0.0564 -0.8725
vn -0.9038 0.3470 -0.2503
vn -0.9143 0.3665 -0.1725
vn -0.9256 0.3648 -0.1012
vn -0.9392 0.3415 -0.0345
vn -0.9545 0.2970 0.0286
vn -0.9690 0.2307 0.0881
vn -0.9004 0.3868 -0.1993
vn -0.9053 0.4005 -0.1417
vn -0.9122 0.4004 -0.0868
vn -0.9233 0.3827 -0.0326
vn -0.9383 0.3452 0.0199
vn -0.9554 0.2866 0.0708
vn -0.8888 0.4315 -0.1542
vn -0.8898 0.4433 -0.1085
vn -0.8927 0.4458 -0.0653
vn -0.9008 0.4336 -0.0231
vn -0.9154 0.4020 0.0188
vn -0.9350 0.3493 0.0610
vn -0.8695 0.4818 -0.1088
vn -0.8655 0.4961 -0.0690
vn -0.8639 0.5024 -0.0345
vn -0.8687 0.4954 -0.0037
vn -0.8825 0.4694 0.0280
vn -0.9048 0.4214 0.0619
vn -0.8392 0.5412 -0.0538
vn -0.8274 0.5614 -0.0179
vn -0.8197 0.5727 0.0093
vn -0.8198 0.5719 0.0302
vn -0.8317 0.5527 0.0524
vn -0.8575 0.5089 0.0760
vn -0.7901 0.6126 0.0185
vn -0.7669 0.6399 0.0489
vn -0.7515 0.6561 0.0684
vn -0.7457 0.6613 0.0809
vn -0.7545 0.6498 0.0922
vn -0.7842 0.6124 0.0999
vn -0.8624 0.2434 -0.4439
vn -0.8981 0.3174 -0.3045
vn -0.9173 0.3443 -0.2001
vn -0.9338 0.3405 -0.1100
vn -0.9498 0.3113 -0.0301
vn -0.9652 0.2580 0.0436
vn -0.9774 0.1802 0.1109
vn -0.9825 0.0799 0.1683
vn -0.9792 0.1439 0.1428
vn -0.9709 0.2072 0.1199
vn -0.9560 0.2746 0.1036
vn -0.9319 0.3492 0.0977
vn -0.8948 0.4350 0.1008
vn -0.8364 0.5379 0.1051
vn -0.7302 0.6743 0.1102
vn -0.6644 0.7339 0.1412
vn -0.6387 0.7550 0.1483
vn -0.6365 0.7572 0.1471
vn -0.6482 0.7482 0.1420
vn -0.6695 0.7312 0.1307
vn -0.7014 0.7042 0.1101
vn -0.7513 0.6563 0.0695
vn -0.8173 0.5753 -0.0330
vn -0.8507 0.5154 -0.1034
vn -0.8720 0.4636 -0.1573
vn -0.8861 0.4150 -0.2066
vn -0.8931 0.3656 -0.2619
vn -0.8893 0.3130 -0.3334
vn 0.7842 0.6124 0.0999
vn 0.8575 0.5089 0.0760
vn 0.9048 0.4214 0.0619
vn 0.9350 0.3493 0.0610
vn 0.9554 0.2866 0.0708
vn 0.9690 0.2307 0.0881
vn 0.7545 0.6498 0.0922
vn 0.8317 0.5527 0.0524
vn 0.8825 0.4694 0.0280
vn 0.9154 0.4020 0.0188
vn 0.9383 0.3452 0.0199
vn 0.9545 0.2970 0.0286
vn 0.7457 0.6613 0.0809
vn 0.8198 0.5719 0.0302
vn 0.8687 0.4954 -0.0037
vn 0.9008 0.4336 -0.0231
vn 0.9233 0.3827 -0.0326
vn 0.9392 0.3415 -0.0345
vn 0.7515 0.6561 0.0684
vn 0.8197 0.5727 0.0093
vn 0.8639 0.5024 -0.0345
vn 0.8927 0.4458 -0.0653
vn 0.9122 0.4004 -0.0868
vn 0.9256 0.3648 -0.1012
vn 0.7669 0.6399 0.0489
vn 0.8274 0.5614 -0.0179
vn 0.8655 0.4961 -0.0690
vn 0.8898 0.4433 -0.1085
vn 0.9053 0.4005 -0.1417
vn 0.9143 0.3665 -0.1725
vn 0.7901 0.6126 0.0185
vn 0.8392 0.5412 -0.0538
vn 0.8695 0.4818 -0.1088
vn 0.8888 0.4315 -0.1542
vn 0.9004 0.3868 -0.1993
vn 0.9038 0.3470 -0.2503
vn 0.7302 0.6743 0.1102
vn 0.8364 0.5379 0.1051
vn 0.8948 0.4350 0.1008
vn 0.9319 0.3492 0.0977
vn 0.9560 0.2746 0.1036
vn 0.9709 0.2072 0.1199
vn 0.9792 0.1439 0.1428
vn 0.9825 0.0799 0.1683
vn 0.9774 0.1802 0.1109
vn 0.9652 0.2580 0.0436
vn 0.9498 0.3113 -0.0301
vn 0.9338 0.3405 -0.1100
vn 0.9173 0.3443 -0.2001
vn 0.8981 0.3174 -0.3045
vn 0.8624 0.2434 -0.4439
vn 0.8893 0.3130 -0.3334
vn 0.8931 0.3656 -0.2619
vn 0.8861 0.4150 -0.2066
vn 0.8720 0.4636 -0.1573
vn 0.8507 0.5154 -0.1034
vn 0.8173 0.5753 -0.0330
vn 0.7513 0.6563 0.0695
vn 0.7014 0.7042 0.1101
vn 0.6695 0.7312 0.1307
vn 0.6482 0.7482 0.1420
vn 0.6365 0.7572 0.1471
vn 0.6387 0.7550 0.1483
vn 0.6644 0.7339 0.1412
vn -0.8909 -0.4450 0.0906
vn -0.7980 -0.6027 0.0007
vn -0.6979 -0.7142 -0.0537
vn -0.6452 -0.7640 -0.0091
vn -0.6548 -0.7343 0.1794
vn -0.6633 -0.5883 0.4625
vn -0.8188 -0.5646 -0.1037
vn -0.6783 -0.6883 -0.2572
vn -0.5498 -0.7603 -0.3460
vn -0.4889 -0.8118 -0.3195
vn -0.5156 -0.8509 -0.1006
vn -0.5560 -0.7540 0.3497
vn -0.7330 -0.6005 -0.3195
vn -0.5632 -0.6541 -0.5049
vn -0.4243 -0.6673 -0.6121
vn -0.3482 -0.6943 -0.6299
vn -0.3651 -0.7967 -0.4817
vn -0.4548 -0.8860 0.0906
vn -0.6663 -0.5749 -0.4749
vn -0.4962 -0.5578 -0.6652
vn -0.3590 -0.5082 -0.7828
vn -0.2608 -0.4684 -0.8441
vn -0.2310 -0.5248 -0.8193
vn -0.3369 -0.8523 -0.4001
vn -0.6391 -0.5289 -0.5584
vn -0.4906 -0.4432 -0.7503
vn -0.3598 -0.3130 -0.8790
vn -0.2375 -0.1678 -0.9568
vn -0.1403 -0.0658 -0.9879
vn -0.1088 -0.1485 -0.9829
vn -0.6484 -0.4866 -0.5855
vn -0.5392 -0.3134 -0.7817
vn -0.4133 -0.0625 -0.9084
vn -0.2615 0.2027 -0.9437
vn -0.1009 0.4358 -0.8944
vn 0.0416 0.6308 -0.7748
vn -0.9676 -0.1401 0.2099
vn -0.9415 -0.2756 0.1941
vn -0.8907 -0.4237 0.1647
vn -0.8260 -0.5438 0.1482
vn -0.7831 -0.5924 0.1892
vn -0.7771 -0.5476 0.3103
vn -0.7740 -0.4241 0.4702
vn -0.7481 -0.2834 0.6000
vn -0.6199 -0.3889 0.6815
vn -0.4958 -0.4926 0.7152
vn -0.3840 -0.5863 0.7133
vn -0.2825 -0.6589 0.6971
vn -0.1776 -0.6714 0.7195
vn 0.1859 0.6900 0.6995
vn 0.0757 0.9629 -0.2589
vn 0.0215 0.8793 -0.4758
vn -0.1162 0.7734 -0.6232
vn -0.2996 0.5765 -0.7602
vn -0.4882 0.2673 -0.8308
vn -0.6276 -0.1240 -0.7686
vn -0.6812 -0.4476 -0.5794
vn -0.7324 -0.5990 -0.3237
vn -0.7770 -0.5303 -0.3391
vn -0.7981 -0.5235 -0.2983
vn -0.8288 -0.5146 -0.2199
vn -0.8720 -0.4796 -0.0978
vn -0.9144 -0.4016 0.0502
vn -0.9453 -0.2816 0.1648
vn -0.7525 -0.3895 -0.5311
vn -0.7532 0.3706 -0.5434
vn -0.5096 0.7678 -0.3884
vn -0.3186 0.9074 -0.2742
vn -0.1735 0.9638 -0.2026
vn -0.0417 0.9844 -0.1708
vn -0.7345 -0.4742 -0.4854
vn -0.7880 0.4501 -0.4202
vn -0.4942 0.8408 -0.2207
vn -0.3072 0.9432 -0.1265
vn -0.1647 0.9827 -0.0845
vn -0.0005 0.9971 -0.0758
vn -0.6361 -0.6394 -0.4319
vn -0.8646 0.3612 -0.3494
vn -0.4921 0.8655 -0.0937
vn -0.2778 0.9606 -0.0071
vn -0.1117 0.9936 0.0179
vn 0.1067 0.9942 0.0098
vn -0.4409 -0.8136 -0.3790
vn -0.9262 -0.1136 -0.3595
vn -0.5223 0.8527 0.0096
vn -0.2107 0.9719 0.1055
vn 0.0090 0.9936 0.1126
vn 0.2884 0.9546 0.0744
vn -0.2073 -0.9127 -0.3521
vn -0.4443 -0.8274 -0.3435
vn -0.7609 0.6469 0.0514
vn -0.0299 0.9756 0.2176
vn 0.2545 0.9511 0.1748
vn 0.5528 0.8302 0.0727
vn -0.0295 -0.9242 -0.3807
vn -0.0564 -0.9333 -0.3547
vn 0.0387 -0.9441 -0.3273
vn 0.7740 0.6241 0.1073
vn 0.6936 0.7172 0.0673
vn 0.8240 0.5610 -0.0798
vn -0.5460 -0.7836 -0.2963
vn -0.7277 -0.3932 -0.5621
vn -0.7143 0.1530 -0.6829
vn -0.5218 0.5937 -0.6126
vn -0.3181 0.8154 -0.4837
vn -0.1522 0.9176 -0.3672
vn -0.0273 0.9578 -0.2861
vn 0.0768 0.9549 -0.2867
vn 0.1805 0.9656 -0.1873
vn 0.3263 0.9401 -0.0984
vn 0.5005 0.8652 -0.0303
vn 0.6854 0.7280 -0.0133
vn 0.8475 0.5252 -0.0769
vn 0.9271 0.2859 -0.2424
vn 0.8675 0.0654 -0.4931
vn 0.8940 0.1985 -0.4016
vn 0.9182 0.1159 -0.3789
vn 0.6673 -0.5503 -0.5019
vn 0.1669 -0.8715 -0.4612
vn 0.0498 -0.8879 -0.4573
vn 0.0485 -0.8762 -0.4795
vn 0.1036 -0.8569 -0.5049
vn -0.0160 -0.9173 -0.3979
vn -0.1246 -0.9263 -0.3556
vn -0.2326 -0.9118 -0.3384
vn -0.3238 -0.8854 -0.3334
vn -0.3941 -0.8588 -0.3275
vn -0.4521 -0.8336 -0.3175
vn 0.0251 -0.5702 -0.8211
vn 0.0412 -0.6184 -0.7848
vn 0.1031 -0.5987 -0.7943
vn 0.2415 -0.4670 -0.8506
vn 0.3794 -0.2718 -0.8844
vn 0.4334 -0.1576 -0.8873
vn -0.0138 -0.3924 -0.9197
vn -0.0004 -0.4293 -0.9032
vn 0.0381 -0.4176 -0.9078
vn 0.1130 -0.3330 -0.9361
vn 0.1829 -0.2289 -0.9561
vn 0.2161 -0.1672 -0.9619
vn -0.0905 -0.2682 -0.9591
vn -0.0760 -0.2769 -0.9579
vn -0.0504 -0.2636 -0.9633
vn -0.0138 -0.2206 -0.9753
vn 0.0175 -0.1744 -0.9845
vn 0.0338 -0.1468 -0.9886
vn -0.1925 -0.1885 -0.9630
vn -0.1796 -0.1796 -0.9672
vn -0.1651 -0.1654 -0.9723
vn -0.1507 -0.1471 -0.9776
vn -0.1391 -0.1297 -0.9817
vn -0.1320 -0.1189 -0.9841
vn -0.3227 -0.1222 -0.9386
vn -0.3146 -0.1141 -0.9424
vn -0.3080 -0.1068 -0.9454
vn -0.3028 -0.1001 -0.9478
vn -0.2984 -0.0939 -0.9498
vn -0.2949 -0.0896 -0.9513
vn -0.4774 -0.0469 -0.8775
vn -0.4726 -0.0500 -0.8798
vn -0.4693 -0.0543 -0.8814
vn -0.4665 -0.0569 -0.8827
vn -0.4644 -0.0586 -0.8837
vn -0.4627 -0.0595 -0.8845
vn 0.0512 -0.6561 -0.7529
vn 0.0461 -0.7529 -0.6565
vn 0.0592 -0.7837 -0.6183
vn 0.1487 -0.7590 -0.6338
vn 0.3980 -0.5793 -0.7113
vn 0.6434 -0.2291 -0.7304
vn 0.6929 -0.0624 -0.7183
vn 0.6654 -0.0820 -0.7419
vn 0.4293 -0.1435 -0.8917
vn 0.2201 -0.1529 -0.9634
vn 0.0383 -0.1386 -0.9896
vn -0.1285 -0.1149 -0.9850
vn -0.2923 -0.0878 -0.9523
vn -0.4611 -0.0597 -0.8853
vn -0.6353 -0.0319 -0.7716
vn -0.6357 -0.0279 -0.7714
vn -0.6359 -0.0182 -0.7716
vn -0.6364 -0.0034 -0.7713
vn -0.6386 0.0139 -0.7694
vn -0.6430 0.0335 -0.7652
vn -0.6503 0.0534 -0.7578
vn -0.6581 0.0765 -0.7490
vn -0.4854 -0.0564 -0.8725
vn -0.3330 -0.1357 -0.9331
vn -0.2033 -0.1945 -0.9596
vn -0.0990 -0.2510 -0.9629
vn -0.0140 -0.3295 -0.9440
vn 0.0413 -0.4560 -0.8890
vn -0.2312 0.3902 0.8912
vn -0.1782 0.1365 0.9745
vn -0.1106 -0.0724 0.9912
vn -0.1593 0.4799 0.8627
vn -0.1354 0.2170 0.9667
vn -0.0921 -0.0077 0.9957
vn -0.0000 -0.4571 0.8894
vn 0.0038 -0.3542 0.9352
vn 0.0474 -0.2300 0.9720
vn -0.0038 -0.3542 0.9352
vn -0.0000 -0.2783 0.9605
vn 0.0395 -0.1696 0.9847
vn 0.2312 0.3902 0.8912
vn 0.1593 0.4799 0.8627
vn 0.0587 0.5383 0.8407
vn 0.1782 0.1365 0.9745
vn 0.1354 0.2170 0.9667
vn 0.0549 0.2826 0.9577
vn -0.0474 -0.2300 0.9720
vn -0.0395 -0.1696 0.9847
vn 0.1106 -0.0724 0.9912
vn 0.0921 -0.0077 0.9957
vn -0.0587 0.5383 0.8407
vn -0.0549 0.2826 0.9577
vn -0.0488 0.0627 0.9968
vn -0.0000 -0.0960 0.9954
vn 0.0488 0.0627 0.9968
vn -0.3550 0.5545 0.7527
vn -0.2772 0.2932 0.9150
vn -0.1886 0.0673 0.9797
vn -0.0986 -0.1188 0.9880
vn -0.2560 0.6521 0.7136
vn -0.1612 0.7185 0.6766
vn -0.0561 0.7553 0.6530
vn -0.0000 -0.6869 0.7267
vn -0.0573 -0.5267 0.8481
vn -0.0372 -0.3984 0.9164
vn 0.0217 -0.2671 0.9634
vn 0.0573 -0.5267 0.8481
vn 0.0372 -0.3984 0.9164
vn -0.0217 -0.2671 0.9634
vn 0.3550 0.5545 0.7527
vn 0.2560 0.6521 0.7136
vn 0.1612 0.7185 0.6766
vn 0.0561 0.7553 0.6530
vn 0.2772 0.2932 0.9150
vn 0.1886 0.0673 0.9797
vn 0.0986 -0.1188 0.9880
vn -0.3998 0.8724 0.2814
vn -0.3768 0.8821 0.2827
vn -0.3587 0.8905 0.2800
vn -0.3466 0.8979 0.2715
vn -0.3424 0.9046 0.2540
vn -0.3472 0.9105 0.2247
vn -0.2384 0.9131 0.3307
vn -0.2244 0.9180 0.3271
vn -0.2132 0.9234 0.3193
vn -0.2061 0.9296 0.3055
vn -0.2034 0.9380 0.2807
vn -0.2045 0.9480 0.2437
vn -0.0784 0.9318 0.3545
vn -0.0742 0.9343 0.3487
vn -0.0708 0.9384 0.3382
vn -0.0687 0.9443 0.3218
vn -0.0678 0.9535 0.2935
vn -0.0674 0.9650 0.2533
vn 0.0784 0.9318 0.3545
vn 0.0742 0.9343 0.3487
vn 0.0708 0.9384 0.3382
vn 0.0687 0.9443 0.3218
vn 0.0678 0.9535 0.2935
vn 0.0674 0.9650 0.2533
vn 0.2384 0.9131 0.3307
vn 0.2244 0.9180 0.3271
vn 0.2132 0.9234 0.3193
vn 0.2061 0.9296 0.3055
vn 0.2034 0.9380 0.2807
vn 0.2045 0.9480 0.2437
vn 0.3998 0.8724 0.2814
vn 0.3768 0.8821 0.2827
vn 0.3587 0.8905 0.2800
vn 0.3466 0.8979 0.2715
vn 0.3424 0.9046 0.2540
vn 0.3472 0.9105 0.2247
vn -0.6008 0.7775 0.1857
vn -0.5591 0.8031 0.2062
vn -0.5295 0.8205 0.2156
vn -0.5073 0.8334 0.2193
vn -0.4928 0.8425 0.2176
vn -0.4889 0.8467 0.2097
vn -0.5006 0.8440 0.1923
vn -0.5331 0.8314 0.1569
vn -0.3516 0.9198 0.1743
vn -0.2033 0.9601 0.1922
vn -0.0659 0.9771 0.2022
vn 0.0659 0.9771 0.2022
vn 0.2033 0.9601 0.1922
vn 0.3516 0.9198 0.1743
vn 0.5331 0.8314 0.1569
vn 0.5006 0.8440 0.1923
vn 0.4889 0.8467 0.2097
vn 0.4928 0.8425 0.2176
vn 0.5073 0.8334 0.2193
vn 0.5295 0.8205 0.2156
vn 0.5591 0.8031 0.2062
vn 0.6008 0.7775 0.1857
vn 0.4223 0.8614 0.2823
vn 0.2511 0.9092 0.3322
vn 0.0823 0.9312 0.3551
vn -0.0823 0.9312 0.3551
vn -0.2511 0.9092 0.3322
vn -0.4223 0.8614 0.2823
vn -0.3012 0.9508 0.0724
vn -0.2643 0.9622 0.0660
vn -0.2337 0.9689 0.0816
vn -0.2138 0.9694 0.1208
vn -0.2096 0.9589 0.1915
vn -0.2229 0.9263 0.3036
vn -0.1726 0.9798 0.1013
vn -0.1523 0.9840 0.0924
vn -0.1362 0.9851 0.1051
vn -0.1266 0.9820 0.1404
vn -0.1254 0.9711 0.2031
vn -0.1339 0.9434 0.3035
vn -0.0558 0.9918 0.1151
vn -0.0497 0.9933 0.1048
vn -0.0450 0.9923 0.1157
vn -0.0423 0.9879 0.1489
vn -0.0422 0.9774 0.2071
vn -0.0450 0.9526 0.3007
vn 0.0558 0.9918 0.1151
vn 0.0497 0.9933 0.1048
vn 0.0450 0.9923 0.1157
vn 0.0423 0.9879 0.1489
vn 0.0422 0.9774 0.2071
vn 0.0450 0.9526 0.3007
vn 0.1726 0.9798 0.1013
vn 0.1523 0.9840 0.0924
vn 0.1362 0.9851 0.1051
vn 0.1266 0.9820 0.1404
vn 0.1254 0.9711 0.2031
vn 0.1339 0.9434 0.3035
vn 0.3012 0.9508 0.0724
vn 0.2643 0.9622 0.0660
vn 0.2337 0.9689 0.0816
vn 0.2138 0.9694 0.1208
vn 0.2096 0.9589 0.1915
vn 0.2229 0.9263 0.3036
vn -0.5143 0.8558 0.0559
vn -0.4546 0.8903 0.0273
vn -0.3949 0.9184 0.0226
vn -0.3436 0.9382 0.0409
vn -0.3078 0.9477 0.0848
vn -0.2954 0.9411 0.1646
vn -0.3113 0.9051 0.2897
vn -0.3614 0.7922 0.4918
vn -0.2469 0.8428 0.4783
vn -0.1489 0.8751 0.4605
vn -0.0504 0.8926 0.4480
vn 0.0504 0.8926 0.4480
vn 0.1489 0.8751 0.4605
vn 0.2469 0.8428 0.4783
vn 0.3614 0.7922 0.4918
vn 0.3113 0.9051 0.2897
vn 0.2954 0.9411 0.1646
vn 0.3078 0.9477 0.0848
vn 0.3436 0.9382 0.0409
vn 0.3949 0.9184 0.0226
vn 0.4546 0.8903 0.0273
vn 0.5143 0.8558 0.0559
vn 0.3355 0.9358 0.1081
vn 0.1920 0.9720 0.1354
vn 0.0618 0.9870 0.1483
vn -0.0618 0.9870 0.1483
vn -0.1920 0.9720 0.1354
vn -0.3355 0.9358 0.1081
vn -0.8827 0.2641 -0.3887
vn -0.8828 0.2220 -0.4139
vn -0.8882 0.1682 -0.4276
vn -0.8947 0.1117 -0.4325
vn -0.9001 0.0592 -0.4317
vn -0.9029 0.0243 -0.4291
vn -0.9200 0.3077 -0.2426
vn -0.9287 0.2669 -0.2574
vn -0.9416 0.2065 -0.2662
vn -0.9534 0.1371 -0.2686
vn -0.9612 0.0725 -0.2661
vn -0.9646 0.0311 -0.2617
vn -0.9446 0.3058 -0.1191
vn -0.9563 0.2657 -0.1223
vn -0.9714 0.2027 -0.1233
vn -0.9846 0.1268 -0.1207
vn -0.9916 0.0590 -0.1148
vn -0.9940 0.0199 -0.1075
vn -0.9642 0.2650 -0.0130
vn -0.9757 0.2188 -0.0051
vn -0.9886 0.1505 0.0028
vn -0.9973 0.0731 0.0119
vn -0.9996 0.0132 0.0230
vn -0.9993 -0.0129 0.0356
vn -0.9795 0.1844 0.0812
vn -0.9876 0.1227 0.0976
vn -0.9927 0.0444 0.1123
vn -0.9913 -0.0292 0.1280
vn -0.9866 -0.0698 0.1474
vn -0.9829 -0.0711 0.1701
vn -0.9853 0.0625 0.1588
vn -0.9839 -0.0241 0.1770
vn -0.9741 -0.1171 0.1936
vn -0.9591 -0.1824 0.2165
vn -0.9482 -0.1933 0.2519
vn -0.9422 -0.1586 0.2950
vn -0.8252 0.2138 -0.5228
vn -0.8044 0.1725 -0.5685
vn -0.7943 0.1360 -0.5921
vn -0.7913 0.0973 -0.6036
vn -0.7918 0.0597 -0.6079
vn -0.7936 0.0257 -0.6079
vn -0.7950 0.0029 -0.6066
vn -0.7955 -0.0065 -0.6060
vn -0.9040 0.0103 -0.4274
vn -0.9660 0.0161 -0.2581
vn -0.9949 0.0095 -0.1008
vn -0.9988 -0.0114 0.0479
vn -0.9801 -0.0493 0.1924
vn -0.9360 -0.1070 0.3355
vn -0.8599 -0.1861 0.4754
vn -0.8726 -0.2774 0.4021
vn -0.8783 -0.3567 0.3183
vn -0.8903 -0.3796 0.2514
vn -0.9201 -0.3243 0.2198
vn -0.9534 -0.2149 0.2116
vn -0.9740 -0.0962 0.2052
vn -0.9816 0.0036 0.1908
vn -0.9822 0.1293 0.1362
vn -0.9720 0.2264 0.0628
vn -0.9562 0.2920 -0.0216
vn -0.9380 0.3269 -0.1151
vn -0.9170 0.3307 -0.2233
vn -0.8877 0.2967 -0.3520
vn -0.0345 -0.6689 -0.7425
vn -0.0493 -0.4992 -0.8651
vn -0.0618 -0.1997 -0.9779
vn -0.0606 0.2007 -0.9778
vn -0.0462 0.5000 -0.8648
vn -0.0304 0.6696 -0.7421
vn 0.0108 -0.6737 -0.7389
vn 0.0093 -0.5006 -0.8656
vn 0.0086 -0.1967 -0.9804
vn 0.0098 0.1972 -0.9803
vn 0.0124 0.5011 -0.8653
vn 0.0149 0.6741 -0.7385
vn 0.0506 -0.6763 -0.7349
vn 0.0594 -0.5014 -0.8632
vn 0.0679 -0.1949 -0.9785
vn 0.0691 0.1951 -0.9783
vn 0.0625 0.5016 -0.8628
vn 0.0547 0.6764 -0.7345
vn 0.0901 -0.6764 -0.7310
vn 0.1077 -0.5016 -0.8584
vn 0.1238 -0.1951 -0.9729
vn 0.1250 0.1949 -0.9728
vn 0.1107 0.5014 -0.8581
vn 0.0943 0.6763 -0.7306
vn 0.1300 -0.6741 -0.7271
vn 0.1573 -0.5011 -0.8510
vn 0.1823 -0.1972 -0.9633
vn 0.1835 0.1967 -0.9631
vn 0.1604 0.5006 -0.8507
vn 0.1341 0.6737 -0.7267
vn 0.1751 -0.6696 -0.7218
vn 0.2147 -0.5000 -0.8390
vn 0.2509 -0.2007 -0.9470
vn 0.2521 0.1997 -0.9469
vn 0.2177 0.4992 -0.8387
vn 0.1793 0.6689 -0.7214
vn -0.0670 -0.7548 -0.6525
vn -0.0932 -0.6699 -0.7366
vn -0.1269 -0.5065 -0.8528
vn -0.1564 -0.2071 -0.9657
vn -0.1551 0.2087 -0.9656
vn -0.1238 0.5078 -0.8525
vn -0.0891 0.6709 -0.7362
vn -0.0623 0.7556 -0.6521
vn -0.0206 0.7634 -0.6456
vn 0.0154 0.7667 -0.6419
vn 0.0485 0.7680 -0.6386
vn 0.0822 0.7679 -0.6352
vn 0.1152 0.7664 -0.6320
vn 0.1513 0.7628 -0.6286
vn 0.1934 0.7548 -0.6268
vn 0.2356 0.6699 -0.7041
vn 0.2914 0.5065 -0.8115
vn 0.3424 0.2071 -0.9164
vn 0.3411 -0.2087 -0.9166
vn 0.2883 -0.5078 -0.8118
vn 0.2315 -0.6709 -0.7045
vn 0.1888 -0.7556 -0.6273
vn 0.1466 -0.7634 -0.6291
vn 0.1105 -0.7667 -0.6325
vn 0.0775 -0.7680 -0.6357
vn 0.0438 -0.7679 -0.6390
vn 0.0107 -0.7664 -0.6423
vn -0.0253 -0.7628 -0.6461
vn 0.4661 0.8687 0.1678
vn 0.5353 0.8422 0.0641
vn 0.6035 0.7955 -0.0549
vn 0.6735 0.7171 -0.1796
vn 0.7302 0.6179 -0.2916
vn 0.7756 0.5029 -0.3815
vn 0.4573 0.8887 0.0332
vn 0.5226 0.8496 -0.0711
vn 0.5801 0.7921 -0.1898
vn 0.6370 0.7061 -0.3094
vn 0.6848 0.6010 -0.4122
vn 0.7285 0.4790 -0.4897
vn 0.4992 0.8644 -0.0596
vn 0.5704 0.8041 -0.1673
vn 0.6198 0.7300 -0.2879
vn 0.6547 0.6381 -0.4052
vn 0.6791 0.5348 -0.5027
vn 0.7065 0.4156 -0.5729
vn 0.5797 0.8069 -0.1135
vn 0.6611 0.7160 -0.2244
vn 0.7047 0.6197 -0.3454
vn 0.7163 0.5238 -0.4610
vn 0.7115 0.4283 -0.5571
vn 0.7134 0.3181 -0.6244
vn 0.6808 0.7199 -0.1354
vn 0.7665 0.5949 -0.2421
vn 0.8051 0.4771 -0.3523
vn 0.8053 0.3771 -0.4574
vn 0.7840 0.2876 -0.5501
vn 0.7624 0.1875 -0.6193
vn 0.7824 0.6099 -0.1262
vn 0.8594 0.4612 -0.2205
vn 0.8905 0.3319 -0.3111
vn 0.8889 0.2272 -0.3979
vn 0.8664 0.1327 -0.4815
vn 0.8312 0.0345 -0.5549
vn 0.4371 0.7774 0.4522
vn 0.5312 0.7764 0.3391
vn 0.6091 0.7593 0.2290
vn 0.6844 0.7211 0.1075
vn 0.7555 0.6547 -0.0236
vn 0.8077 0.5711 -0.1469
vn 0.8420 0.4762 -0.2534
vn 0.8603 0.3836 -0.3357
vn 0.8147 0.3767 -0.4408
vn 0.7710 0.3417 -0.5374
vn 0.7412 0.2756 -0.6121
vn 0.7320 0.1804 -0.6570
vn 0.7572 0.0563 -0.6507
vn 0.7995 -0.0957 -0.5930
vn 0.8168 -0.2977 -0.4941
vn 0.9037 -0.1247 -0.4097
vn 0.9377 -0.0125 -0.3473
vn 0.9519 0.0972 -0.2906
vn 0.9510 0.2078 -0.2291
vn 0.9261 0.3402 -0.1632
vn 0.8640 0.4954 -0.0896
vn 0.7402 0.6723 -0.0065
vn 0.6396 0.7677 -0.0390
vn 0.5473 0.8357 -0.0441
vn 0.4671 0.8839 -0.0234
vn 0.4078 0.9127 0.0256
vn 0.3805 0.9178 0.1132
vn 0.3913 0.8867 0.2464
vn -0.7756 0.5029 -0.3815
vn -0.7302 0.6179 -0.2916
vn -0.6735 0.7171 -0.1796
vn -0.6035 0.7955 -0.0549
vn -0.5354 0.8422 0.0641
vn -0.4661 0.8687 0.1678
vn -0.7285 0.4790 -0.4897
vn -0.6848 0.6010 -0.4122
vn -0.6370 0.7061 -0.3094
vn -0.5801 0.7921 -0.1898
vn -0.5226 0.8496 -0.0711
vn -0.4573 0.8887 0.0332
vn -0.7065 0.4156 -0.5729
vn -0.6791 0.5348 -0.5027
vn -0.6547 0.6381 -0.4052
vn -0.6198 0.7300 -0.2879
vn -0.5704 0.8041 -0.1673
vn -0.4992 0.8644 -0.0596
vn -0.7134 0.3181 -0.6244
vn -0.7115 0.4283 -0.5571
vn -0.7163 0.5238 -0.4610
vn -0.7047 0.6197 -0.3454
vn -0.6611 0.7160 -0.2244
vn -0.5797 0.8069 -0.1135
vn -0.7624 0.1875 -0.6193
vn -0.7840 0.2876 -0.5501
vn -0.8053 0.3771 -0.4574
vn -0.8052 0.4771 -0.3523
vn -0.7665 0.5949 -0.2421
vn -0.6808 0.7199 -0.1354
vn -0.8312 0.0345 -0.5549
vn -0.8664 0.1327 -0.4815
vn -0.8889 0.2272 -0.3979
vn -0.8905 0.3319 -0.3111
vn -0.8594 0.4612 -0.2205
vn -0.7824 0.6099 -0.1262
vn -0.8603 0.3836 -0.3357
vn -0.8420 0.4762 -0.2534
vn -0.8077 0.5711 -0.1469
vn -0.7555 0.6547 -0.0236
vn -0.6844 0.7211 0.1075
vn -0.6091 0.7593 0.2290
vn -0.5312 0.7764 0.3391
vn -0.4371 0.7774 0.4522
vn -0.3913 0.8867 0.2464
vn -0.3805 0.9178 0.1132
vn -0.4078 0.9127 0.0256
vn -0.4671 0.8839 -0.0234
vn -0.5473 0.8357 -0.0441
vn -0.6396 0.7677 -0.0390
vn -0.7402 0.6723 -0.0065
vn -0.8640 0.4954 -0.0896
vn -0.9261 0.3402 -0.1632
vn -0.9510 0.2078 -0.2291
vn -0.9519 0.0972 -0.2906
vn -0.9377 -0.0125 -0.3473
vn -0.9037 -0.1247 -0.4097
vn -0.8168 -0.2977 -0.4941
vn -0.7995 -0.0957 -0.5930
vn -0.7572 0.0563 -0.6507
vn -0.7320 0.1804 -0.6570
vn -0.7412 0.2756 -0.6122
vn -0.7710 0.3417 -0.5374
vn -0.8147 0.3767 -0.4408
vn 0.2684 -0.3044 -0.9140
vn 0.1490 -0.3305 -0.9320
vn 0.0528 -0.3316 -0.9420
vn -0.0386 -0.3058 -0.9513
vn -0.1429 -0.2546 -0.9564
vn -0.2767 -0.1825 -0.9435
vn 0.2671 -0.3649 -0.8919
vn 0.1451 -0.3836 -0.9120
vn 0.0443 -0.3805 -0.9237
vn -0.0523 -0.3546 -0.9335
vn -0.1609 -0.3067 -0.9381
vn -0.2969 -0.2396 -0.9243
vn 0.2757 -0.3935 -0.8770
vn 0.1479 -0.4049 -0.9023
vn 0.0391 -0.3975 -0.9168
vn -0.0659 -0.3705 -0.9265
vn -0.1821 -0.3246 -0.9282
vn -0.3230 -0.2619 -0.9095
vn 0.2898 -0.4010 -0.8690
vn 0.1545 -0.4053 -0.9010
vn 0.0361 -0.3933 -0.9187
vn -0.0790 -0.3646 -0.9278
vn -0.2040 -0.3200 -0.9252
vn -0.3508 -0.2611 -0.8993
vn 0.3061 -0.3936 -0.8668
vn 0.1628 -0.3908 -0.9060
vn 0.0344 -0.3740 -0.9268
vn -0.0909 -0.3436 -0.9347
vn -0.2248 -0.3002 -0.9270
vn -0.3774 -0.2450 -0.8930
vn 0.3227 -0.3748 -0.8691
vn 0.1717 -0.3648 -0.9151
vn 0.0338 -0.3436 -0.9385
vn -0.1010 -0.3116 -0.9448
vn -0.2430 -0.2697 -0.9318
vn -0.4007 -0.2187 -0.8897
vn 0.4490 -0.1383 -0.8828
vn 0.2853 -0.1925 -0.9389
vn 0.1632 -0.2267 -0.9602
vn 0.0661 -0.2317 -0.9705
vn -0.0255 -0.2054 -0.9783
vn -0.1306 -0.1500 -0.9800
vn -0.2665 -0.0729 -0.9611
vn -0.4453 0.0098 -0.8953
vn -0.4523 -0.0999 -0.8863
vn -0.4713 -0.1605 -0.8672
vn -0.4976 -0.1872 -0.8470
vn -0.5262 -0.1914 -0.8286
vn -0.5534 -0.1807 -0.8131
vn -0.5769 -0.1605 -0.8009
vn -0.5957 -0.1341 -0.7919
vn -0.4193 -0.1856 -0.8887
vn -0.2574 -0.2319 -0.9381
vn -0.1086 -0.2718 -0.9562
vn 0.0344 -0.3047 -0.9518
vn 0.1806 -0.3299 -0.9266
vn 0.3384 -0.3468 -0.8747
vn 0.5120 -0.3539 -0.7827
vn 0.4932 -0.3726 -0.7861
vn 0.4729 -0.3825 -0.7937
vn 0.4528 -0.3814 -0.8059
vn 0.4355 -0.3654 -0.8227
vn 0.4250 -0.3282 -0.8436
vn 0.4273 -0.2589 -0.8663
vn -0.8253 0.0145 -0.5646
vn -0.9339 0.0167 -0.3571
vn -0.9877 -0.0145 -0.1558
vn -0.9969 -0.0707 0.0335
vn -0.9660 -0.1456 0.2135
vn -0.8920 -0.2342 0.3866
vn -0.8337 -0.0309 -0.5514
vn -0.9380 -0.0108 -0.3465
vn -0.9892 -0.0208 -0.1449
vn -0.9974 -0.0546 0.0477
vn -0.9665 -0.1068 0.2335
vn -0.8934 -0.1730 0.4146
vn -0.8458 -0.0546 -0.5307
vn -0.9435 -0.0250 -0.3305
vn -0.9909 -0.0219 -0.1325
vn -0.9975 -0.0405 0.0587
vn -0.9664 -0.0764 0.2454
vn -0.8941 -0.1259 0.4297
vn -0.8589 -0.0631 -0.5082
vn -0.9492 -0.0299 -0.3132
vn -0.9925 -0.0196 -0.1206
vn -0.9974 -0.0283 0.0668
vn -0.9663 -0.0527 0.2519
vn -0.8951 -0.0901 0.4368
vn -0.8711 -0.0616 -0.4872
vn -0.9544 -0.0286 -0.2971
vn -0.9938 -0.0150 -0.1101
vn -0.9972 -0.0178 0.0727
vn -0.9664 -0.0345 0.2549
vn -0.8963 -0.0633 0.4389
vn -0.8814 -0.0536 -0.4693
vn -0.9587 -0.0232 -0.2834
vn -0.9948 -0.0090 -0.1015
vn -0.9970 -0.0088 0.0768
vn -0.9665 -0.0207 0.2558
vn -0.8977 -0.0436 0.4384
vn -0.6522 0.0709 -0.7547
vn -0.8229 0.0886 -0.5612
vn -0.9323 0.0612 -0.3564
vn -0.9867 -0.0012 -0.1626
vn -0.9959 -0.0886 0.0159
vn -0.9639 -0.1939 0.1824
vn -0.8876 -0.3113 0.3395
vn -0.7612 -0.4319 0.4837
vn -0.7683 -0.3293 0.5489
vn -0.7708 -0.2477 0.5870
vn -0.7725 -0.1848 0.6075
vn -0.7746 -0.1373 0.6173
vn -0.7773 -0.1019 0.6208
vn -0.7803 -0.0760 0.6208
vn -0.7834 -0.0579 0.6188
vn -0.8993 -0.0295 0.4364
vn -0.9667 -0.0103 0.2555
vn -0.9968 -0.0010 0.0795
vn -0.9955 -0.0022 -0.0949
vn -0.9620 -0.0151 -0.2725
vn -0.8894 -0.0415 -0.4552
vn -0.7668 -0.0823 -0.6366
vn -0.7526 -0.1011 -0.6507
vn -0.7345 -0.1146 -0.6688
vn -0.7134 -0.1197 -0.6905
vn -0.6910 -0.1118 -0.7142
vn -0.6704 -0.0840 -0.7373
vn -0.6561 -0.0268 -0.7542
vn -0.4286 -0.4782 0.7666
vn -0.2706 -0.5173 0.8119
vn -0.1226 -0.5403 0.8325
vn 0.0229 -0.5506 0.8345
vn 0.1748 -0.5486 0.8176
vn 0.3414 -0.5318 0.7750
vn -0.4301 -0.3719 0.8226
vn -0.2699 -0.4071 0.8726
vn -0.1193 -0.4294 0.8952
vn 0.0289 -0.4414 0.8969
vn 0.1834 -0.4437 0.8772
vn 0.3521 -0.4347 0.8289
vn -0.4307 -0.2897 0.8547
vn -0.2686 -0.3219 0.9079
vn -0.1158 -0.3438 0.9319
vn 0.0347 -0.3575 0.9333
vn 0.1913 -0.3637 0.9117
vn 0.3615 -0.3616 0.8594
vn -0.4320 -0.2275 0.8727
vn -0.2679 -0.2575 0.9284
vn -0.1129 -0.2794 0.9535
vn 0.0398 -0.2948 0.9547
vn 0.1983 -0.3045 0.9316
vn 0.3699 -0.3082 0.8765
vn -0.4341 -0.1812 0.8825
vn -0.2681 -0.2098 0.9403
vn -0.1110 -0.2319 0.9664
vn 0.0438 -0.2490 0.9675
vn 0.2042 -0.2619 0.9432
vn 0.3770 -0.2707 0.8858
vn -0.4369 -0.1476 0.8873
vn -0.2693 -0.1753 0.9470
vn -0.1102 -0.1981 0.9740
vn 0.0466 -0.2170 0.9751
vn 0.2086 -0.2329 0.9499
vn 0.3823 -0.2462 0.8907
vn -0.5918 -0.5380 0.6002
vn -0.4223 -0.6094 0.6710
vn -0.2676 -0.6526 0.7088
vn -0.1237 -0.6764 0.7261
vn 0.0175 -0.6850 0.7284
vn 0.1650 -0.6787 0.7156
vn 0.3280 -0.6537 0.6819
vn 0.5116 -0.6010 0.6140
vn 0.5269 -0.4938 0.6918
vn 0.5383 -0.4102 0.7362
vn 0.5479 -0.3483 0.7606
vn 0.5562 -0.3042 0.7734
vn 0.5630 -0.2743 0.7796
vn 0.5678 -0.2562 0.7823
vn 0.5701 -0.2485 0.7831
vn 0.3852 -0.2330 0.8929
vn 0.2110 -0.2156 0.9534
vn 0.0477 -0.1966 0.9793
vn -0.1106 -0.1757 0.9782
vn -0.2713 -0.1521 0.9504
vn -0.4402 -0.1245 0.8892
vn -0.6174 -0.0924 0.7812
vn -0.6135 -0.1138 0.7814
vn -0.6099 -0.1447 0.7792
vn -0.6068 -0.1871 0.7726
vn -0.6044 -0.2440 0.7584
vn -0.6025 -0.3192 0.7315
vn -0.5998 -0.4167 0.6831
vn -0.3412 -0.5104 -0.7893
vn -0.5335 -0.4218 -0.7331
vn -0.7005 -0.3579 -0.6174
vn -0.8218 -0.3347 -0.4610
vn -0.8940 -0.3515 -0.2777
vn -0.9136 -0.4002 -0.0716
vn -0.3172 -0.6073 -0.7284
vn -0.5028 -0.5251 -0.6867
vn -0.6729 -0.4495 -0.5875
vn -0.8032 -0.4007 -0.4408
vn -0.8856 -0.3854 -0.2591
vn -0.9154 -0.3997 -0.0482
vn -0.3257 -0.6539 -0.6829
vn -0.5055 -0.5779 -0.6407
vn -0.6715 -0.4991 -0.5477
vn -0.8009 -0.4376 -0.4087
vn -0.8849 -0.4033 -0.2328
vn -0.9181 -0.3955 -0.0248
vn -0.3493 -0.6742 -0.6508
vn -0.5254 -0.6019 -0.6013
vn -0.6846 -0.5222 -0.5085
vn -0.8081 -0.4546 -0.3746
vn -0.8886 -0.4101 -0.2057
vn -0.9211 -0.3892 -0.0043
vn -0.3787 -0.6786 -0.6294
vn -0.5527 -0.6079 -0.5701
vn -0.7042 -0.5283 -0.4743
vn -0.8196 -0.4585 -0.3437
vn -0.8940 -0.4095 -0.1816
vn -0.9239 -0.3824 0.0120
vn -0.4089 -0.6726 -0.6168
vn -0.5818 -0.6020 -0.5468
vn -0.7258 -0.5229 -0.4470
vn -0.8323 -0.4536 -0.3186
vn -0.9000 -0.4044 -0.1627
vn -0.9263 -0.3761 0.0233
vn -0.2297 -0.4051 -0.8849
vn -0.4276 -0.3030 -0.8517
vn -0.6177 -0.2251 -0.7535
vn -0.7645 -0.2006 -0.6126
vn -0.8621 -0.2287 -0.4521
vn -0.9131 -0.2978 -0.2786
vn -0.9139 -0.3957 -0.0910
vn -0.8548 -0.5075 0.1083
vn -0.8706 -0.4678 0.1526
vn -0.8817 -0.4335 0.1862
vn -0.8894 -0.4059 0.2103
vn -0.8946 -0.3851 0.2266
vn -0.8981 -0.3707 0.2366
vn -0.9002 -0.3621 0.2418
vn -0.9012 -0.3589 0.2431
vn -0.9282 -0.3708 0.0297
vn -0.9057 -0.3965 -0.1498
vn -0.8448 -0.4429 -0.3003
vn -0.7469 -0.5097 -0.4270
vn -0.6102 -0.5878 -0.5312
vn -0.4376 -0.6594 -0.6114
vn -0.2392 -0.7048 -0.6678
vn -0.2218 -0.7168 -0.6611
vn -0.2016 -0.7232 -0.6606
vn -0.1802 -0.7215 -0.6685
vn -0.1612 -0.7074 -0.6882
vn -0.1515 -0.6717 -0.7252
vn -0.1648 -0.5923 -0.7887
vn -0.6232 -0.5743 0.5309
vn -0.4834 -0.5953 0.6419
vn -0.3467 -0.6028 0.7186
vn -0.2094 -0.6005 0.7717
vn -0.0640 -0.5889 0.8057
vn 0.0977 -0.5660 0.8186
vn -0.6422 -0.4905 0.5890
vn -0.5008 -0.4984 0.7077
vn -0.3612 -0.4970 0.7890
vn -0.2203 -0.4882 0.8445
vn -0.0712 -0.4719 0.8788
vn 0.0942 -0.4464 0.8899
vn -0.6557 -0.4261 0.6233
vn -0.5132 -0.4234 0.7465
vn -0.3712 -0.4142 0.8311
vn -0.2274 -0.3992 0.8882
vn -0.0750 -0.3781 0.9227
vn 0.0935 -0.3493 0.9323
vn -0.6653 -0.3806 0.6423
vn -0.5218 -0.3698 0.7688
vn -0.3774 -0.3539 0.8557
vn -0.2305 -0.3332 0.9142
vn -0.0748 -0.3072 0.9487
vn 0.0969 -0.2747 0.9566
vn -0.6717 -0.3514 0.6522
vn -0.5268 -0.3345 0.7814
vn -0.3797 -0.3130 0.8705
vn -0.2295 -0.2869 0.9301
vn -0.0703 -0.2560 0.9641
vn 0.1046 -0.2193 0.9700
vn -0.6748 -0.3358 0.6572
vn -0.5278 -0.3144 0.7890
vn -0.3776 -0.2878 0.8801
vn -0.2238 -0.2565 0.9403
vn -0.0611 -0.2204 0.9735
vn 0.1169 -0.1793 0.9768
vn -0.7357 -0.6082 0.2979
vn -0.5959 -0.6724 0.4391
vn -0.4589 -0.7075 0.5375
vn -0.3269 -0.7243 0.6071
vn -0.1949 -0.7282 0.6570
vn -0.0551 -0.7208 0.6909
vn 0.1014 -0.6998 0.7071
vn 0.2822 -0.6585 0.6976
vn 0.2830 -0.5266 0.8016
vn 0.2824 -0.4079 0.8683
vn 0.2841 -0.3103 0.9072
vn 0.2897 -0.2340 0.9281
vn 0.2994 -0.1762 0.9377
vn 0.3132 -0.1331 0.9403
vn 0.3307 -0.1013 0.9383
vn 0.1340 -0.1511 0.9794
vn -0.0463 -0.1972 0.9793
vn -0.2124 -0.2388 0.9476
vn -0.3700 -0.2755 0.8873
vn -0.5240 -0.3069 0.7945
vn -0.6741 -0.3317 0.6600
vn -0.8093 -0.3487 0.4727
vn -0.8084 -0.3513 0.4724
vn -0.8050 -0.3630 0.4692
vn -0.7993 -0.3854 0.4610
vn -0.7909 -0.4203 0.4449
vn -0.7788 -0.4693 0.4162
vn -0.7613 -0.5330 0.3693
vn 0.6536 -0.3970 0.6444
vn 0.7867 -0.3283 0.5228
vn 0.8860 -0.2653 0.3803
vn 0.9535 -0.2116 0.2146
vn 0.9850 -0.1713 0.0201
vn 0.9671 -0.1507 -0.2049
vn 0.6536 -0.2966 0.6963
vn 0.7856 -0.2432 0.5690
vn 0.8843 -0.1984 0.4226
vn 0.9527 -0.1660 0.2547
vn 0.9868 -0.1507 0.0594
vn 0.9732 -0.1594 -0.1656
vn 0.6548 -0.2112 0.7257
vn 0.7851 -0.1685 0.5961
vn 0.8826 -0.1364 0.4498
vn 0.9513 -0.1183 0.2846
vn 0.9884 -0.1191 0.0945
vn 0.9816 -0.1454 -0.1238
vn 0.6587 -0.1423 0.7389
vn 0.7864 -0.1069 0.6084
vn 0.8819 -0.0832 0.4641
vn 0.9498 -0.0741 0.3038
vn 0.9890 -0.0841 0.1217
vn 0.9891 -0.1195 -0.0863
vn 0.6654 -0.0882 0.7413
vn 0.7898 -0.0576 0.6107
vn 0.8822 -0.0394 0.4691
vn 0.9486 -0.0358 0.3146
vn 0.9887 -0.0507 0.1414
vn 0.9944 -0.0895 -0.0553
vn 0.6744 -0.0463 0.7369
vn 0.7947 -0.0188 0.6067
vn 0.8836 -0.0040 0.4682
vn 0.9476 -0.0036 0.3195
vn 0.9877 -0.0206 0.1550
vn 0.9977 -0.0598 -0.0304
vn 0.4797 -0.5900 0.6494
vn 0.6513 -0.5054 0.5660
vn 0.7860 -0.4166 0.4568
vn 0.8865 -0.3293 0.3252
vn 0.9542 -0.2467 0.1693
vn 0.9850 -0.1716 -0.0154
vn 0.9669 -0.1093 -0.2304
vn 0.8832 -0.0696 -0.4638
vn 0.8808 -0.1588 -0.4460
vn 0.8918 -0.1992 -0.4062
vn 0.9110 -0.2031 -0.3590
vn 0.9315 -0.1854 -0.3129
vn 0.9494 -0.1575 -0.2716
vn 0.9636 -0.1262 -0.2357
vn 0.9742 -0.0951 -0.2045
vn 0.9994 -0.0321 -0.0101
vn 0.9863 0.0058 0.1647
vn 0.9469 0.0233 0.3208
vn 0.8856 0.0245 0.4638
vn 0.8007 0.0119 0.5990
vn 0.6850 -0.0138 0.7284
vn 0.5280 -0.0524 0.8476
vn 0.5130 -0.0856 0.8541
vn 0.5006 -0.1293 0.8560
vn 0.4912 -0.1866 0.8508
vn 0.4855 -0.2608 0.8344
vn 0.4831 -0.3544 0.8006
vn 0.4825 -0.4666 0.7413
vn 0.5559 -0.2842 -0.7811
vn 0.4031 -0.3843 -0.8306
vn 0.2784 -0.4846 -0.8293
vn 0.1826 -0.5692 -0.8017
vn 0.1096 -0.6272 -0.7711
vn 0.0450 -0.6528 -0.7562
vn 0.5731 -0.3633 -0.7345
vn 0.4229 -0.4620 -0.7796
vn 0.2998 -0.5536 -0.7769
vn 0.2033 -0.6285 -0.7507
vn 0.1266 -0.6806 -0.7216
vn 0.0570 -0.7069 -0.7051
vn 0.6110 -0.3869 -0.6907
vn 0.4634 -0.4839 -0.7424
vn 0.3385 -0.5714 -0.7477
vn 0.2356 -0.6430 -0.7287
vn 0.1488 -0.6948 -0.7036
vn 0.0668 -0.7246 -0.6859
vn 0.6578 -0.3782 -0.6514
vn 0.5139 -0.4750 -0.7143
vn 0.3862 -0.5620 -0.7314
vn 0.2752 -0.6347 -0.7221
vn 0.1759 -0.6898 -0.7023
vn 0.0783 -0.7249 -0.6844
vn 0.7055 -0.3519 -0.6151
vn 0.5672 -0.4491 -0.6904
vn 0.4381 -0.5376 -0.7204
vn 0.3196 -0.6136 -0.7221
vn 0.2076 -0.6738 -0.7092
vn 0.0933 -0.7153 -0.6925
vn 0.7500 -0.3170 -0.5805
vn 0.6193 -0.4141 -0.6670
vn 0.4912 -0.5046 -0.7101
vn 0.3671 -0.5847 -0.7234
vn 0.2437 -0.6510 -0.7189
vn 0.1130 -0.6996 -0.7056
vn 0.7343 -0.0685 -0.6753
vn 0.5677 -0.1200 -0.8144
vn 0.4143 -0.2094 -0.8857
vn 0.2842 -0.3143 -0.9058
vn 0.1801 -0.4113 -0.8935
vn 0.0981 -0.4806 -0.8714
vn 0.0232 -0.5075 -0.8614
vn -0.0745 -0.4822 -0.8729
vn -0.0361 -0.6419 -0.7659
vn -0.0270 -0.7049 -0.7088
vn -0.0293 -0.7301 -0.6827
vn -0.0345 -0.7372 -0.6748
vn -0.0385 -0.7341 -0.6779
vn -0.0391 -0.7246 -0.6881
vn -0.0350 -0.7107 -0.7026
vn 0.1378 -0.6796 -0.7205
vn 0.2840 -0.6237 -0.7282
vn 0.4166 -0.5511 -0.7230
vn 0.5435 -0.4668 -0.6976
vn 0.6683 -0.3748 -0.6425
vn 0.7896 -0.2786 -0.5467
vn 0.8985 -0.1824 -0.3992
vn 0.8732 -0.2177 -0.4361
vn 0.8427 -0.2512 -0.4762
vn 0.8079 -0.2778 -0.5198
vn 0.7716 -0.2890 -0.5666
vn 0.7411 -0.2707 -0.6144
vn 0.7266 -0.2035 -0.6563
vn -0.4532 -0.6662 -0.5923
vn -0.6305 -0.5926 -0.5012
vn -0.7596 -0.5165 -0.3953
vn -0.8457 -0.4575 -0.2747
vn -0.8963 -0.4227 -0.1342
vn -0.9121 -0.4084 0.0359
vn -0.4178 -0.7133 -0.5626
vn -0.6032 -0.6423 -0.4728
vn -0.7341 -0.5683 -0.3716
vn -0.8177 -0.5149 -0.2574
vn -0.8644 -0.4879 -0.1216
vn -0.8763 -0.4795 0.0463
vn -0.3537 -0.7778 -0.5195
vn -0.5498 -0.7140 -0.4335
vn -0.6841 -0.6456 -0.3395
vn -0.7650 -0.6003 -0.2333
vn -0.8065 -0.5824 -0.1018
vn -0.8127 -0.5789 0.0658
vn -0.2650 -0.8457 -0.4632
vn -0.4706 -0.7949 -0.3829
vn -0.6064 -0.7374 -0.2974
vn -0.6828 -0.7026 -0.2004
vn -0.7176 -0.6925 -0.0742
vn -0.7161 -0.6918 0.0929
vn -0.1653 -0.9034 -0.3957
vn -0.3701 -0.8712 -0.3225
vn -0.4992 -0.8312 -0.2447
vn -0.5690 -0.8071 -0.1576
vn -0.5986 -0.8000 -0.0404
vn -0.5895 -0.7988 0.1202
vn -0.0734 -0.9429 -0.3249
vn -0.2569 -0.9318 -0.2565
vn -0.3689 -0.9109 -0.1846
vn -0.4298 -0.8966 -0.1068
vn -0.4569 -0.8895 -0.0030
vn -0.4463 -0.8838 0.1406
vn -0.2483 -0.6952 -0.6746
vn -0.4588 -0.6480 -0.6080
vn -0.6321 -0.5748 -0.5197
vn -0.7629 -0.4979 -0.4125
vn -0.8533 -0.4348 -0.2877
vn -0.9082 -0.3936 -0.1421
vn -0.9272 -0.3733 0.0320
vn -0.8986 -0.3660 0.2420
vn -0.8817 -0.4037 0.2441
vn -0.8429 -0.4737 0.2552
vn -0.7750 -0.5679 0.2772
vn -0.6734 -0.6723 0.3074
vn -0.5424 -0.7694 0.3374
vn -0.4025 -0.8444 0.3536
vn -0.2414 -0.9108 0.3350
vn -0.2913 -0.9441 0.1542
vn -0.3009 -0.9530 0.0353
vn -0.2787 -0.9589 -0.0539
vn -0.2293 -0.9656 -0.1229
vn -0.1387 -0.9722 -0.1884
vn 0.0069 -0.9676 -0.2526
vn 0.2612 -0.9047 -0.3365
vn 0.2186 -0.8890 -0.4023
vn 0.1209 -0.8753 -0.4683
vn 0.0046 -0.8436 -0.5370
vn -0.1010 -0.7977 -0.5945
vn -0.1813 -0.7490 -0.6373
vn -0.2307 -0.7107 -0.6646
vn -0.6475 -0.3648 0.6691
vn -0.4919 -0.3245 0.8079
vn -0.3326 -0.2762 0.9017
vn -0.1705 -0.2232 0.9597
vn -0.0012 -0.1667 0.9860
vn 0.1800 -0.1074 0.9778
vn -0.6081 -0.4054 0.6826
vn -0.4556 -0.3465 0.8200
vn -0.2999 -0.2821 0.9113
vn -0.1408 -0.2159 0.9662
vn 0.0263 -0.1484 0.9886
vn 0.2048 -0.0799 0.9755
vn -0.5454 -0.4547 0.7041
vn -0.4024 -0.3716 0.8366
vn -0.2567 -0.2875 0.9227
vn -0.1061 -0.2059 0.9728
vn 0.0551 -0.1258 0.9905
vn 0.2285 -0.0466 0.9724
vn -0.4607 -0.5029 0.7313
vn -0.3349 -0.3938 0.8560
vn -0.2051 -0.2899 0.9348
vn -0.0675 -0.1927 0.9789
vn 0.0840 -0.0984 0.9916
vn 0.2499 -0.0056 0.9682
vn -0.3626 -0.5373 0.7615
vn -0.2608 -0.4075 0.8752
vn -0.1480 -0.2895 0.9457
vn -0.0250 -0.1787 0.9836
vn 0.1143 -0.0665 0.9912
vn 0.2684 0.0484 0.9621
vn -0.2635 -0.5511 0.7917
vn -0.1864 -0.4126 0.8916
vn -0.0895 -0.2867 0.9538
vn 0.0190 -0.1633 0.9864
vn 0.1450 -0.0280 0.9890
vn 0.2837 0.1194 0.9515
vn -0.8055 -0.3579 0.4724
vn -0.6674 -0.3395 0.6628
vn -0.5134 -0.3103 0.8001
vn -0.3554 -0.2730 0.8939
vn -0.1945 -0.2298 0.9536
vn -0.0258 -0.1819 0.9830
vn 0.1558 -0.1302 0.9792
vn 0.3515 -0.0761 0.9331
vn 0.3730 -0.0475 0.9266
vn 0.3934 -0.0128 0.9193
vn 0.4115 0.0293 0.9109
vn 0.4256 0.0824 0.9011
vn 0.4323 0.1570 0.8879
vn 0.4301 0.2617 0.8640
vn 0.4087 0.4282 0.8060
vn 0.2910 0.2034 0.9349
vn 0.1731 0.0154 0.9848
vn 0.0623 -0.1451 0.9874
vn -0.0312 -0.2812 0.9592
vn -0.1110 -0.4115 0.9046
vn -0.1659 -0.5475 0.8202
vn -0.1952 -0.7124 0.6741
vn -0.3317 -0.7109 0.6202
vn -0.4583 -0.6719 0.5818
vn -0.5800 -0.6050 0.5455
vn -0.6783 -0.5259 0.5132
vn -0.7467 -0.4507 0.4892
vn -0.7872 -0.3921 0.4761
vn 0.7063 0.0459 0.7064
vn 0.8118 0.0690 0.5798
vn 0.8888 0.0780 0.4516
vn 0.9449 0.0737 0.3190
vn 0.9826 0.0555 0.1770
vn 0.9996 0.0208 0.0201
vn 0.7138 0.0860 0.6951
vn 0.8142 0.1077 0.5705
vn 0.8880 0.1140 0.4455
vn 0.9425 0.1070 0.3167
vn 0.9800 0.0873 0.1791
vn 0.9982 0.0532 0.0280
vn 0.7178 0.1356 0.6829
vn 0.8132 0.1565 0.5605
vn 0.8843 0.1603 0.4385
vn 0.9382 0.1503 0.3118
vn 0.9759 0.1287 0.1760
vn 0.9951 0.0949 0.0278
vn 0.7169 0.1999 0.6679
vn 0.8076 0.2203 0.5470
vn 0.8768 0.2218 0.4267
vn 0.9308 0.2086 0.3002
vn 0.9692 0.1844 0.1635
vn 0.9886 0.1499 0.0157
vn 0.7066 0.2917 0.6447
vn 0.7936 0.3097 0.5237
vn 0.8624 0.3062 0.4031
vn 0.9177 0.2870 0.2746
vn 0.9570 0.2559 0.1367
vn 0.9766 0.2150 -0.0094
vn 0.6808 0.4204 0.5998
vn 0.7641 0.4337 0.4776
vn 0.8344 0.4220 0.3545
vn 0.8925 0.3923 0.2224
vn 0.9332 0.3489 0.0856
vn 0.9542 0.2946 -0.0528
vn 0.5447 -0.0249 0.8382
vn 0.6963 0.0137 0.7176
vn 0.8069 0.0382 0.5895
vn 0.8877 0.0493 0.4578
vn 0.9461 0.0470 0.3203
vn 0.9847 0.0296 0.1719
vn 1.0000 -0.0065 0.0069
vn 0.9820 -0.0655 -0.1772
vn 0.9874 -0.0346 -0.1547
vn 0.9902 0.0009 -0.1396
vn 0.9899 0.0453 -0.1345
vn 0.9845 0.1026 -0.1425
vn 0.9729 0.1656 -0.1615
vn 0.9526 0.2359 -0.1920
vn 0.9208 0.3135 -0.2319
vn 0.9106 0.3921 -0.1309
vn 0.8856 0.4643 -0.0076
vn 0.8417 0.5252 0.1252
vn 0.7783 0.5715 0.2600
vn 0.7049 0.5960 0.3846
vn 0.6242 0.5960 0.5051
vn 0.5213 0.5587 0.6450
vn 0.5727 0.3681 0.7325
vn 0.5892 0.2429 0.7706
vn 0.5921 0.1550 0.7908
vn 0.5858 0.0937 0.8050
vn 0.5749 0.0459 0.8170
vn 0.5608 0.0068 0.8279
vn 0.8527 -0.1995 -0.4828
vn 0.7529 -0.2913 -0.5901
vn 0.6422 -0.3849 -0.6629
vn 0.5206 -0.4786 -0.7070
vn 0.3823 -0.5695 -0.7277
vn 0.2175 -0.6494 -0.7287
vn 0.8749 -0.1554 -0.4586
vn 0.7860 -0.2446 -0.5678
vn 0.6861 -0.3386 -0.6439
vn 0.5762 -0.4382 -0.6900
vn 0.4474 -0.5429 -0.7107
vn 0.2867 -0.6438 -0.7094
vn 0.8903 -0.1032 -0.4436
vn 0.8118 -0.1905 -0.5520
vn 0.7251 -0.2852 -0.6268
vn 0.6333 -0.3905 -0.6682
vn 0.5232 -0.5098 -0.6829
vn 0.3769 -0.6343 -0.6751
vn 0.8975 -0.0380 -0.4393
vn 0.8295 -0.1235 -0.5447
vn 0.7578 -0.2190 -0.6146
vn 0.6879 -0.3293 -0.6468
vn 0.6031 -0.4614 -0.6507
vn 0.4807 -0.6090 -0.6309
vn 0.8955 0.0385 -0.4433
vn 0.8368 -0.0388 -0.5461
vn 0.7797 -0.1304 -0.6125
vn 0.7305 -0.2411 -0.6390
vn 0.6751 -0.3809 -0.6318
vn 0.5903 -0.5508 -0.5901
vn 0.8814 0.1304 -0.4540
vn 0.8305 0.0674 -0.5529
vn 0.7862 -0.0165 -0.6177
vn 0.7547 -0.1246 -0.6441
vn 0.7325 -0.2663 -0.6265
vn 0.6962 -0.4499 -0.5593
vn 0.9192 -0.1476 -0.3650
vn 0.8240 -0.2398 -0.5133
vn 0.7133 -0.3340 -0.6162
vn 0.5943 -0.4268 -0.6817
vn 0.4675 -0.5152 -0.7183
vn 0.3289 -0.5950 -0.7333
vn 0.1698 -0.6597 -0.7321
vn -0.0227 -0.6985 -0.7152
vn 0.0123 -0.7038 -0.7102
vn 0.0768 -0.7225 -0.6871
vn 0.1704 -0.7429 -0.6474
vn 0.2868 -0.7520 -0.5935
vn 0.4180 -0.7356 -0.5331
vn 0.5569 -0.6776 -0.4804
vn 0.7195 -0.5421 -0.4341
vn 0.7697 -0.2899 -0.5688
vn 0.7597 -0.1130 -0.6404
vn 0.7546 0.0203 -0.6559
vn 0.7731 0.1227 -0.6224
vn 0.8076 0.1983 -0.5554
vn 0.8520 0.2466 -0.4618
vn 0.8972 0.2650 -0.3534
vn 0.9268 0.1823 -0.3283
vn 0.9444 0.1065 -0.3110
vn 0.9525 0.0386 -0.3021
vn 0.9531 -0.0230 -0.3017
vn 0.9469 -0.0717 -0.3134
vn 0.9354 -0.1118 -0.3354
vn 0.6947 -0.7190 -0.0226
vn 0.8745 -0.4833 0.0413
vn 0.9830 -0.1618 0.0865
vn 0.9800 0.1791 0.0863
vn 0.8845 0.4656 0.0312
vn 0.7398 0.6693 -0.0697
vn 0.7212 -0.6926 0.0150
vn 0.8890 -0.4541 0.0590
vn 0.9852 -0.1502 0.0825
vn 0.9844 0.1626 0.0673
vn 0.9030 0.4296 0.0063
vn 0.7725 0.6276 -0.0971
vn 0.7464 -0.6627 0.0607
vn 0.9011 -0.4264 0.0788
vn 0.9868 -0.1438 0.0749
vn 0.9894 0.1400 0.0381
vn 0.9220 0.3855 -0.0368
vn 0.8053 0.5734 -0.1503
vn 0.7706 -0.6270 0.1139
vn 0.9113 -0.3995 0.0999
vn 0.9876 -0.1435 0.0636
vn 0.9942 0.1077 -0.0007
vn 0.9400 0.3270 -0.0974
vn 0.8365 0.4977 -0.2294
vn 0.7937 -0.5832 0.1731
vn 0.9199 -0.3728 0.1220
vn 0.9875 -0.1497 0.0497
vn 0.9969 0.0634 -0.0466
vn 0.9533 0.2486 -0.1716
vn 0.8596 0.3909 -0.3291
vn 0.8148 -0.5298 0.2355
vn 0.9270 -0.3461 0.1444
vn 0.9862 -0.1620 0.0349
vn 0.9954 0.0073 -0.0951
vn 0.9564 0.1496 -0.2507
vn 0.8650 0.2508 -0.4345
vn 0.4743 -0.8722 -0.1195
vn 0.6660 -0.7441 -0.0514
vn 0.8569 -0.5147 0.0266
vn 0.9802 -0.1778 0.0874
vn 0.9767 0.1926 0.0948
vn 0.8659 0.4987 0.0376
vn 0.7063 0.7047 -0.0671
vn 0.5362 0.8215 -0.1940
vn 0.5755 0.7933 -0.1986
vn 0.6147 0.7541 -0.2312
vn 0.6540 0.6965 -0.2953
vn 0.6904 0.6082 -0.3918
vn 0.7151 0.4752 -0.5127
vn 0.7153 0.2957 -0.6332
vn 0.6869 0.0939 -0.7207
vn 0.8476 0.0909 -0.5228
vn 0.9462 0.0372 -0.3215
vn 0.9886 -0.0569 -0.1392
vn 0.9836 -0.1790 0.0220
vn 0.9329 -0.3195 0.1665
vn 0.8326 -0.4678 0.2966
vn 0.6796 -0.6089 0.4091
vn 0.6517 -0.6938 0.3067
vn 0.6202 -0.7572 0.2051
vn 0.5884 -0.8007 0.1127
vn 0.5580 -0.8292 0.0339
vn 0.5293 -0.8479 -0.0307
vn 0.5018 -0.8611 -0.0815
vn 0.2863 0.8545 -0.4334
vn 0.1841 0.8434 -0.5048
vn 0.0956 0.8341 -0.5432
vn 0.0099 0.8343 -0.5513
vn -0.0834 0.8430 -0.5314
vn -0.1955 0.8518 -0.4861
vn 0.3131 0.8162 -0.4857
vn 0.2010 0.8011 -0.5638
vn 0.1031 0.7892 -0.6054
vn 0.0083 0.7899 -0.6132
vn -0.0946 0.8017 -0.5903
vn -0.2170 0.8136 -0.5394
vn 0.3392 0.7476 -0.5709
vn 0.2172 0.7251 -0.6535
vn 0.1104 0.7097 -0.6958
vn 0.0073 0.7122 -0.7020
vn -0.1043 0.7299 -0.6756
vn -0.2365 0.7491 -0.6189
vn 0.3601 0.6314 -0.6868
vn 0.2287 0.5980 -0.7682
vn 0.1149 0.5791 -0.8071
vn 0.0059 0.5858 -0.8104
vn -0.1123 0.6137 -0.7815
vn -0.2528 0.6461 -0.7202
vn 0.3668 0.4526 -0.8128
vn 0.2291 0.4087 -0.8835
vn 0.1129 0.3890 -0.9143
vn 0.0026 0.4029 -0.9152
vn -0.1182 0.4445 -0.8879
vn -0.2639 0.4953 -0.8277
vn 0.3514 0.2236 -0.9091
vn 0.2143 0.1760 -0.9608
vn 0.1019 0.1600 -0.9818
vn -0.0039 0.1817 -0.9833
vn -0.1219 0.2351 -0.9643
vn -0.2680 0.3036 -0.9143
vn 0.3797 0.8696 -0.3156
vn 0.2605 0.8742 -0.4098
vn 0.1682 0.8648 -0.4731
vn 0.0891 0.8571 -0.5073
vn 0.0128 0.8572 -0.5148
vn -0.0708 0.8645 -0.4976
vn -0.1723 0.8724 -0.4573
vn -0.3064 0.8657 -0.3958
vn -0.3403 0.8423 -0.4179
vn -0.3718 0.8043 -0.4636
vn -0.4007 0.7448 -0.5337
vn -0.4256 0.6543 -0.6252
vn -0.4436 0.5244 -0.7268
vn -0.4514 0.3578 -0.8174
vn -0.4494 0.1747 -0.8761
vn -0.2666 0.1007 -0.9585
vn -0.1249 0.0230 -0.9919
vn -0.0137 -0.0348 -0.9993
vn 0.0843 -0.0608 -0.9946
vn 0.1885 -0.0508 -0.9808
vn 0.3187 -0.0081 -0.9478
vn 0.4895 0.0514 -0.8705
vn 0.5244 0.2785 -0.8046
vn 0.5340 0.4905 -0.6887
vn 0.5172 0.6490 -0.5580
vn 0.4860 0.7507 -0.4475
vn 0.4505 0.8119 -0.3713
vn 0.4147 0.8484 -0.3289
vn -0.7167 0.6546 -0.2406
vn -0.8816 0.4432 -0.1625
vn -0.9821 0.1522 -0.1106
vn -0.9794 -0.1807 -0.0905
vn -0.8683 -0.4866 -0.0969
vn -0.6917 -0.7127 -0.1167
vn -0.7477 0.6076 -0.2677
vn -0.8976 0.4020 -0.1808
vn -0.9841 0.1327 -0.1179
vn -0.9820 -0.1701 -0.0825
vn -0.8868 -0.4567 -0.0713
vn -0.7261 -0.6834 -0.0756
vn -0.7746 0.5516 -0.3095
vn -0.9106 0.3574 -0.2074
vn -0.9855 0.1123 -0.1275
vn -0.9845 -0.1601 -0.0719
vn -0.9042 -0.4253 -0.0389
vn -0.7604 -0.6491 -0.0234
vn -0.7969 0.4827 -0.3633
vn -0.9208 0.3073 -0.2401
vn -0.9863 0.0905 -0.1381
vn -0.9870 -0.1497 -0.0587
vn -0.9206 -0.3904 -0.0003
vn -0.7942 -0.6063 0.0396
vn -0.8135 0.3981 -0.4239
vn -0.9280 0.2506 -0.2758
vn -0.9866 0.0672 -0.1486
vn -0.9895 -0.1379 -0.0429
vn -0.9357 -0.3501 0.0436
vn -0.8264 -0.5518 0.1120
vn -0.8229 0.2986 -0.4834
vn -0.9319 0.1879 -0.3104
vn -0.9866 0.0430 -0.1573
vn -0.9920 -0.1239 -0.0246
vn -0.9486 -0.3032 0.0910
vn -0.8545 -0.4832 0.1906
vn -0.4846 0.8155 -0.3163
vn -0.6806 0.6956 -0.2300
vn -0.8618 0.4832 -0.1545
vn -0.9793 0.1718 -0.1067
vn -0.9765 -0.1929 -0.0957
vn -0.8482 -0.5170 -0.1149
vn -0.6568 -0.7397 -0.1463
vn -0.4637 -0.8683 -0.1762
vn -0.5014 -0.8541 -0.1383
vn -0.5409 -0.8367 -0.0861
vn -0.5826 -0.8125 -0.0188
vn -0.6264 -0.7769 0.0644
vn -0.6704 -0.7239 0.1629
vn -0.7109 -0.6482 0.2727
vn -0.7427 -0.5477 0.3851
vn -0.8756 -0.4006 0.2698
vn -0.9583 -0.2498 0.1390
vn -0.9942 -0.1073 -0.0045
vn -0.9865 0.0193 -0.1626
vn -0.9328 0.1224 -0.3391
vn -0.8248 0.1907 -0.5323
vn -0.6564 0.2103 -0.7245
vn -0.6560 0.3595 -0.6636
vn -0.6449 0.4940 -0.5831
vn -0.6235 0.6020 -0.4988
vn -0.5950 0.6825 -0.4245
vn -0.5620 0.7409 -0.3678
vn -0.5252 0.7837 -0.3316
vn -0.2079 -0.9636 -0.1680
vn -0.1134 -0.9779 -0.1758
vn -0.0341 -0.9833 -0.1788
vn 0.0401 -0.9834 -0.1768
vn 0.1183 -0.9785 -0.1688
vn 0.2110 -0.9655 -0.1529
vn -0.2351 -0.9662 -0.1053
vn -0.1329 -0.9849 -0.1112
vn -0.0465 -0.9925 -0.1135
vn 0.0349 -0.9931 -0.1116
vn 0.1206 -0.9872 -0.1045
vn 0.2216 -0.9709 -0.0906
vn -0.2658 -0.9638 -0.0235
vn -0.1551 -0.9875 -0.0269
vn -0.0605 -0.9978 -0.0282
vn 0.0291 -0.9992 -0.0264
vn 0.1234 -0.9921 -0.0206
vn 0.2338 -0.9722 -0.0094
vn -0.2999 -0.9505 0.0810
vn -0.1800 -0.9803 0.0813
vn -0.0759 -0.9938 0.0815
vn 0.0232 -0.9963 0.0833
vn 0.1275 -0.9880 0.0874
vn 0.2485 -0.9640 0.0945
vn -0.3369 -0.9177 0.2106
vn -0.2069 -0.9541 0.2167
vn -0.0921 -0.9713 0.2194
vn 0.0180 -0.9751 0.2212
vn 0.1338 -0.9656 0.2229
vn 0.2666 -0.9375 0.2237
vn -0.3735 -0.8538 0.3628
vn -0.2334 -0.8960 0.3777
vn -0.1073 -0.9169 0.3844
vn 0.0146 -0.9222 0.3864
vn 0.1427 -0.9121 0.3842
vn 0.2876 -0.8810 0.3756
vn -0.3007 -0.9327 -0.1989
vn -0.1836 -0.9593 -0.2145
vn -0.0961 -0.9698 -0.2241
vn -0.0234 -0.9734 -0.2279
vn 0.0444 -0.9732 -0.2258
vn 0.1158 -0.9693 -0.2169
vn 0.2007 -0.9592 -0.1991
vn 0.3144 -0.9342 -0.1687
vn 0.3336 -0.9343 -0.1254
vn 0.3535 -0.9330 -0.0671
vn 0.3754 -0.9268 0.0086
vn 0.4005 -0.9104 0.1041
vn 0.4290 -0.8760 0.2203
vn 0.4595 -0.8147 0.3536
vn 0.4887 -0.7201 0.4926
vn 0.3094 -0.7842 0.5379
vn 0.1537 -0.8148 0.5590
vn 0.0143 -0.8241 0.5663
vn -0.1189 -0.8171 0.5641
vn -0.2554 -0.7937 0.5521
vn -0.4041 -0.7486 0.5256
vn -0.5708 -0.6704 0.4741
vn -0.5355 -0.7767 0.3315
vn -0.4925 -0.8481 0.1955
vn -0.4481 -0.8906 0.0773
vn -0.4060 -0.9137 -0.0198
vn -0.3675 -0.9250 -0.0966
vn -0.3326 -0.9301 -0.1557
vn 0.3588 -0.7561 -0.5473
vn 0.4902 -0.5965 -0.6355
vn 0.6227 -0.2578 -0.7387
vn 0.6242 0.2458 -0.7416
vn 0.4934 0.5861 -0.6427
vn 0.3627 0.7462 -0.5582
vn 0.4105 -0.7988 -0.4397
vn 0.5857 -0.6450 -0.4909
vn 0.7730 -0.2868 -0.5659
vn 0.7773 0.2602 -0.5728
vn 0.5932 0.6250 -0.5074
vn 0.4183 0.7812 -0.4634
vn 0.4601 -0.8211 -0.3378
vn 0.6642 -0.6658 -0.3399
vn 0.8831 -0.2979 -0.3626
vn 0.8919 0.2595 -0.3704
vn 0.6798 0.6387 -0.3605
vn 0.4749 0.7983 -0.3704
vn 0.5084 -0.8255 -0.2450
vn 0.7251 -0.6576 -0.2043
vn 0.9416 -0.2862 -0.1775
vn 0.9519 0.2470 -0.1815
vn 0.7466 0.6279 -0.2200
vn 0.5313 0.8000 -0.2788
vn 0.5538 -0.8152 -0.1695
vn 0.7709 -0.6291 -0.0997
vn 0.9648 -0.2595 -0.0424
vn 0.9720 0.2313 -0.0414
vn 0.7924 0.6007 -0.1058
vn 0.5834 0.7876 -0.1984
vn 0.5960 -0.7950 -0.1130
vn 0.8067 -0.5903 -0.0286
vn 0.9728 -0.2279 0.0411
vn 0.9750 0.2174 0.0460
vn 0.8234 0.5669 -0.0249
vn 0.6297 0.7652 -0.1340
vn 0.2331 -0.7845 -0.5747
vn 0.2984 -0.7018 -0.6469
vn 0.3847 -0.5411 -0.7478
vn 0.4683 -0.2277 -0.8537
vn 0.4696 0.2241 -0.8540
vn 0.3877 0.5379 -0.7485
vn 0.3022 0.6990 -0.6482
vn 0.2374 0.7814 -0.5771
vn 0.2603 0.8181 -0.5128
vn 0.2910 0.8421 -0.4541
vn 0.3273 0.8568 -0.3984
vn 0.3678 0.8648 -0.3419
vn 0.4104 0.8644 -0.2906
vn 0.4534 0.8564 -0.2470
vn 0.4957 0.8420 -0.2131
vn 0.6702 0.7368 -0.0890
vn 0.8462 0.5324 0.0220
vn 0.9747 0.2055 0.0878
vn 0.9767 -0.1990 0.0803
vn 0.8350 -0.5501 0.0110
vn 0.6338 -0.7698 -0.0752
vn 0.4452 -0.8830 -0.1485
vn 0.4134 -0.8918 -0.1839
vn 0.3800 -0.8960 -0.2297
vn 0.3463 -0.8934 -0.2862
vn 0.3134 -0.8817 -0.3526
vn 0.2827 -0.8610 -0.4229
vn 0.2551 -0.8289 -0.4979
vn 0.1397 0.8450 -0.5162
vn 0.1035 0.8440 -0.5263
vn 0.0714 0.8432 -0.5328
vn 0.0394 0.8433 -0.5360
vn 0.0067 0.8444 -0.5357
vn -0.0308 0.8457 -0.5328
vn 0.1475 0.8621 -0.4848
vn 0.1060 0.8599 -0.4994
vn 0.0704 0.8585 -0.5080
vn 0.0355 0.8586 -0.5114
vn -0.0011 0.8603 -0.5097
vn -0.0446 0.8629 -0.5034
vn 0.1594 0.8730 -0.4609
vn 0.1115 0.8694 -0.4814
vn 0.0710 0.8671 -0.4930
vn 0.0319 0.8673 -0.4967
vn -0.0101 0.8699 -0.4932
vn -0.0610 0.8738 -0.4824
vn 0.1746 0.8806 -0.4405
vn 0.1192 0.8750 -0.4691
vn 0.0729 0.8715 -0.4849
vn 0.0283 0.8717 -0.4892
vn -0.0203 0.8755 -0.4828
vn -0.0801 0.8813 -0.4658
vn 0.1928 0.8846 -0.4247
vn 0.1290 0.8775 -0.4620
vn 0.0757 0.8728 -0.4821
vn 0.0245 0.8730 -0.4871
vn -0.0316 0.8779 -0.4778
vn -0.1011 0.8850 -0.4546
vn 0.2135 0.8851 -0.4135
vn 0.1406 0.8770 -0.4594
vn 0.0794 0.8714 -0.4842
vn 0.0206 0.8715 -0.4899
vn -0.0440 0.8773 -0.4779
vn -0.1239 0.8851 -0.4487
vn 0.1766 0.8161 -0.5503
vn 0.1389 0.8158 -0.5613
vn 0.1056 0.8163 -0.5679
vn 0.0749 0.8166 -0.5724
vn 0.0436 0.8167 -0.5755
vn 0.0126 0.8166 -0.5770
vn -0.0213 0.8164 -0.5771
vn -0.0604 0.8169 -0.5737
vn -0.0796 0.8431 -0.5318
vn -0.1036 0.8618 -0.4965
vn -0.1315 0.8744 -0.4670
vn -0.1634 0.8831 -0.4398
vn -0.1977 0.8867 -0.4180
vn -0.2336 0.8851 -0.4025
vn -0.2703 0.8786 -0.3938
vn -0.1479 0.8815 -0.4484
vn -0.0572 0.8736 -0.4834
vn 0.0166 0.8670 -0.4980
vn 0.0839 0.8669 -0.4914
vn 0.1537 0.8735 -0.4619
vn 0.2362 0.8823 -0.4072
vn 0.3455 0.8806 -0.3244
vn 0.3121 0.8858 -0.3434
vn 0.2803 0.8865 -0.3681
vn 0.2512 0.8824 -0.3977
vn 0.2255 0.8734 -0.4317
vn 0.2039 0.8607 -0.4664
vn 0.1874 0.8421 -0.5057
vn -0.2423 0.7484 -0.6174
vn -0.3553 0.5892 -0.7257
vn -0.4673 0.2494 -0.8482
vn -0.4700 -0.2553 -0.8449
vn -0.3621 -0.5954 -0.7172
vn -0.2509 -0.7559 -0.6047
vn -0.3152 0.7836 -0.5353
vn -0.4801 0.6286 -0.6119
vn -0.6521 0.2644 -0.7106
vn -0.6539 -0.2844 -0.7010
vn -0.4865 -0.6449 -0.5895
vn -0.3247 -0.7998 -0.5048
vn -0.3889 0.8003 -0.4563
vn -0.5938 0.6417 -0.4854
vn -0.8043 0.2627 -0.5329
vn -0.8021 -0.2959 -0.5187
vn -0.5943 -0.6656 -0.4514
vn -0.3949 -0.8225 -0.4094
vn -0.4621 0.8011 -0.3803
vn -0.6868 0.6292 -0.3638
vn -0.8991 0.2477 -0.3608
vn -0.8936 -0.2853 -0.3466
vn -0.6800 -0.6568 -0.3261
vn -0.4616 -0.8262 -0.3230
vn -0.5290 0.7875 -0.3161
vn -0.7548 0.5997 -0.2656
vn -0.9458 0.2282 -0.2309
vn -0.9401 -0.2611 -0.2192
vn -0.7437 -0.6278 -0.2296
vn -0.5216 -0.8147 -0.2533
vn -0.5879 0.7633 -0.2679
vn -0.8027 0.5626 -0.1981
vn -0.9662 0.2095 -0.1499
vn -0.9622 -0.2332 -0.1405
vn -0.7907 -0.5896 -0.1649
vn -0.5745 -0.7932 -0.2019
vn -0.1151 0.7826 -0.6118
vn -0.1653 0.7005 -0.6943
vn -0.2305 0.5400 -0.8095
vn -0.2922 0.2265 -0.9291
vn -0.2938 -0.2255 -0.9289
vn -0.2345 -0.5394 -0.8087
vn -0.1705 -0.7006 -0.6929
vn -0.1211 -0.7837 -0.6092
vn -0.1589 -0.8294 -0.5356
vn -0.2021 -0.8626 -0.4638
vn -0.2477 -0.8840 -0.3965
vn -0.2950 -0.8955 -0.3333
vn -0.3412 -0.8974 -0.2799
vn -0.3853 -0.8919 -0.2369
vn -0.4263 -0.8813 -0.2037
vn -0.6195 -0.7668 -0.1682
vn -0.8245 -0.5508 -0.1296
vn -0.9724 -0.2091 -0.1036
vn -0.9750 0.1915 -0.1123
vn -0.8366 0.5233 -0.1621
vn -0.6382 0.7320 -0.2384
vn -0.4397 0.8388 -0.3211
vn -0.3911 0.8551 -0.3404
vn -0.3403 0.8643 -0.3703
vn -0.2887 0.8656 -0.4092
vn -0.2380 0.8582 -0.4548
vn -0.1916 0.8437 -0.5015
vn -0.1500 0.8196 -0.5529
vn -0.0376 -0.8585 -0.5114
vn -0.0001 -0.8574 -0.5146
vn 0.0323 -0.8565 -0.5152
vn 0.0638 -0.8564 -0.5124
vn 0.0955 -0.8571 -0.5063
vn 0.1317 -0.8579 -0.4966
vn -0.0541 -0.8879 -0.4568
vn -0.0107 -0.8868 -0.4621
vn 0.0255 -0.8855 -0.4640
vn 0.0597 -0.8852 -0.4614
vn 0.0950 -0.8858 -0.4542
vn 0.1367 -0.8865 -0.4422
vn -0.0734 -0.9101 -0.4078
vn -0.0230 -0.9095 -0.4152
vn 0.0183 -0.9082 -0.4181
vn 0.0567 -0.9077 -0.4157
vn 0.0969 -0.9081 -0.4075
vn 0.1449 -0.9080 -0.3931
vn -0.0943 -0.9273 -0.3623
vn -0.0364 -0.9273 -0.3725
vn 0.0108 -0.9263 -0.3767
vn 0.0543 -0.9257 -0.3744
vn 0.1001 -0.9256 -0.3649
vn 0.1551 -0.9248 -0.3475
vn -0.1163 -0.9399 -0.3212
vn -0.0507 -0.9415 -0.3330
vn 0.0028 -0.9411 -0.3381
vn 0.0522 -0.9405 -0.3358
vn 0.1041 -0.9398 -0.3256
vn 0.1664 -0.9373 -0.3061
vn -0.1387 -0.9488 -0.2837
vn -0.0655 -0.9530 -0.2959
vn -0.0055 -0.9536 -0.3011
vn 0.0500 -0.9530 -0.2989
vn 0.1084 -0.9513 -0.2886
vn 0.1782 -0.9467 -0.2685
vn -0.0656 -0.8193 -0.5696
vn -0.0264 -0.8187 -0.5736
vn 0.0074 -0.8190 -0.5737
vn 0.0383 -0.8192 -0.5722
vn 0.0694 -0.8193 -0.5692
vn 0.1000 -0.8192 -0.5647
vn 0.1332 -0.8190 -0.5581
vn 0.1709 -0.8197 -0.5468
vn 0.1802 -0.8544 -0.4874
vn 0.1941 -0.8825 -0.4284
vn 0.2115 -0.9032 -0.3734
vn 0.2310 -0.9184 -0.3212
vn 0.2520 -0.9278 -0.2752
vn 0.2735 -0.9326 -0.2353
vn 0.2946 -0.9343 -0.2009
vn 0.1899 -0.9536 -0.2338
vn 0.1124 -0.9608 -0.2533
vn 0.0475 -0.9636 -0.2631
vn -0.0142 -0.9641 -0.2653
vn -0.0806 -0.9621 -0.2606
vn -0.1612 -0.9550 -0.2492
vn -0.2704 -0.9347 -0.2307
vn -0.2391 -0.9344 -0.2642
vn -0.2069 -0.9303 -0.3030
vn -0.1746 -0.9211 -0.3480
vn -0.1430 -0.9057 -0.3990
vn -0.1136 -0.8843 -0.4529
vn -0.0872 -0.8551 -0.5111
vn -0.1899 0.7706 -0.6083
vn -0.3552 0.6289 -0.6916
vn -0.5331 0.3635 -0.7640
vn -0.6465 -0.0164 -0.7627
vn -0.6436 -0.3354 -0.6880
vn -0.5835 -0.5447 -0.6024
vn -0.2462 0.8364 -0.4897
vn -0.4576 0.7043 -0.5428
vn -0.6833 0.4237 -0.5946
vn -0.8054 0.0085 -0.5927
vn -0.7684 -0.3478 -0.5373
vn -0.6644 -0.5728 -0.4801
vn -0.3007 0.8782 -0.3718
vn -0.5416 0.7484 -0.3828
vn -0.7919 0.4604 -0.4012
vn -0.9149 0.0339 -0.4023
vn -0.8580 -0.3419 -0.3833
vn -0.7272 -0.5805 -0.3664
vn -0.3519 0.8994 -0.2592
vn -0.6023 0.7630 -0.2349
vn -0.8500 0.4752 -0.2273
vn -0.9701 0.0605 -0.2350
vn -0.9142 -0.3188 -0.2503
vn -0.7759 -0.5710 -0.2681
vn -0.3959 0.9032 -0.1659
vn -0.6409 0.7583 -0.1192
vn -0.8723 0.4788 -0.0988
vn -0.9895 0.0885 -0.1140
vn -0.9463 -0.2847 -0.1534
vn -0.8123 -0.5494 -0.1959
vn -0.4331 0.8964 -0.0942
vn -0.6650 0.7459 -0.0380
vn -0.8769 0.4803 -0.0158
vn -0.9923 0.1180 -0.0381
vn -0.9652 -0.2451 -0.0916
vn -0.8405 -0.5209 -0.1488
vn -0.0340 0.7729 -0.6337
vn -0.1252 0.6874 -0.7154
vn -0.2426 0.5396 -0.8062
vn -0.3732 0.2937 -0.8800
vn -0.4734 -0.0416 -0.8798
vn -0.4993 -0.3189 -0.8056
vn -0.4823 -0.5070 -0.7144
vn -0.4532 -0.6288 -0.6319
vn -0.5055 -0.6755 -0.5368
vn -0.5537 -0.7049 -0.4434
vn -0.5954 -0.7188 -0.3591
vn -0.6317 -0.7209 -0.2850
vn -0.6621 -0.7132 -0.2300
vn -0.6879 -0.6998 -0.1928
vn -0.7095 -0.6837 -0.1705
vn -0.8629 -0.4900 -0.1234
vn -0.9769 -0.2049 -0.0604
vn -0.9891 0.1473 -0.0003
vn -0.8750 0.4833 0.0286
vn -0.6805 0.7327 0.0121
vn -0.4640 0.8848 -0.0429
vn -0.2574 0.9589 -0.1196
vn -0.2225 0.9608 -0.1651
vn -0.1861 0.9570 -0.2224
vn -0.1492 0.9445 -0.2926
vn -0.1133 0.9202 -0.3748
vn -0.0808 0.8850 -0.4586
vn -0.0533 0.8363 -0.5457
vn -0.3658 -0.7830 -0.5032
vn -0.3154 -0.8038 -0.5043
vn -0.2698 -0.8203 -0.5044
vn -0.2236 -0.8349 -0.5030
vn -0.1769 -0.8477 -0.5002
vn -0.1237 -0.8594 -0.4961
vn -0.3866 -0.8186 -0.4249
vn -0.3307 -0.8426 -0.4251
vn -0.2818 -0.8608 -0.4239
vn -0.2339 -0.8765 -0.4208
vn -0.1838 -0.8907 -0.4158
vn -0.1243 -0.9039 -0.4093
vn -0.4045 -0.8407 -0.3601
vn -0.3426 -0.8674 -0.3610
vn -0.2895 -0.8873 -0.3589
vn -0.2385 -0.9044 -0.3539
vn -0.1839 -0.9201 -0.3459
vn -0.1179 -0.9348 -0.3351
vn -0.4200 -0.8543 -0.3062
vn -0.3519 -0.8834 -0.3094
vn -0.2940 -0.9051 -0.3073
vn -0.2387 -0.9235 -0.3002
vn -0.1793 -0.9407 -0.2881
vn -0.1068 -0.9566 -0.2713
vn -0.4331 -0.8616 -0.2647
vn -0.3589 -0.8939 -0.2686
vn -0.2959 -0.9176 -0.2656
vn -0.2358 -0.9374 -0.2562
vn -0.1709 -0.9554 -0.2409
vn -0.0917 -0.9713 -0.2194
vn -0.4439 -0.8652 -0.2330
vn -0.3637 -0.9011 -0.2358
vn -0.2954 -0.9270 -0.2309
vn -0.2301 -0.9481 -0.2193
vn -0.1596 -0.9664 -0.2014
vn -0.0738 -0.9814 -0.1771
vn -0.3949 -0.7044 -0.5898
vn -0.3434 -0.7250 -0.5970
vn -0.2968 -0.7432 -0.5996
vn -0.2521 -0.7588 -0.6005
vn -0.2052 -0.7730 -0.6003
vn -0.1594 -0.7848 -0.5989
vn -0.1106 -0.7955 -0.5958
vn -0.0563 -0.8071 -0.5878
vn -0.0524 -0.8661 -0.4971
vn -0.0424 -0.9128 -0.4061
vn -0.0266 -0.9457 -0.3239
vn -0.0063 -0.9681 -0.2506
vn 0.0174 -0.9813 -0.1919
vn 0.0434 -0.9884 -0.1456
vn 0.0708 -0.9915 -0.1092
vn -0.0538 -0.9884 -0.1420
vn -0.1460 -0.9750 -0.1678
vn -0.2221 -0.9568 -0.1875
vn -0.2926 -0.9348 -0.2014
vn -0.3662 -0.9068 -0.2089
vn -0.4522 -0.8672 -0.2086
vn -0.5634 -0.8022 -0.1977
vn -0.5483 -0.8068 -0.2201
vn -0.5303 -0.8093 -0.2525
vn -0.5093 -0.8074 -0.2979
vn -0.4851 -0.7978 -0.3581
vn -0.4582 -0.7793 -0.4276
vn -0.4278 -0.7482 -0.5071
vn 0.1933 -0.7825 -0.5919
vn 0.3600 -0.6398 -0.6790
vn 0.5386 -0.3726 -0.7557
vn 0.6511 0.0103 -0.7589
vn 0.6457 0.3313 -0.6880
vn 0.5833 0.5408 -0.6060
vn 0.2484 -0.8561 -0.4533
vn 0.4618 -0.7244 -0.5118
vn 0.6898 -0.4438 -0.5720
vn 0.8132 -0.0248 -0.5814
vn 0.7740 0.3365 -0.5364
vn 0.6666 0.5637 -0.4877
vn 0.2984 -0.8986 -0.3218
vn 0.5393 -0.7702 -0.3405
vn 0.7921 -0.4859 -0.3693
vn 0.9212 -0.0592 -0.3846
vn 0.8668 0.3226 -0.3801
vn 0.7341 0.5655 -0.3760
vn 0.3445 -0.9155 -0.2081
vn 0.5936 -0.7805 -0.1961
vn 0.8439 -0.4982 -0.1990
vn 0.9722 -0.0875 -0.2172
vn 0.9239 0.2942 -0.2447
vn 0.7876 0.5505 -0.2769
vn 0.3857 -0.9144 -0.1231
vn 0.6313 -0.7699 -0.0933
vn 0.8657 -0.4937 -0.0821
vn 0.9888 -0.1095 -0.1014
vn 0.9547 0.2590 -0.1468
vn 0.8274 0.5238 -0.2025
vn 0.4233 -0.9037 -0.0643
vn 0.6599 -0.7508 -0.0278
vn 0.8751 -0.4837 -0.0124
vn 0.9912 -0.1283 -0.0325
vn 0.9715 0.2213 -0.0854
vn 0.8582 0.4899 -0.1532
vn 0.0348 -0.7757 -0.6301
vn 0.1262 -0.6896 -0.7131
vn 0.2436 -0.5415 -0.8047
vn 0.3742 -0.2951 -0.8791
vn 0.4742 0.0408 -0.8795
vn 0.4995 0.3183 -0.8057
vn 0.4821 0.5063 -0.7150
vn 0.4525 0.6278 -0.6333
vn 0.5040 0.6706 -0.5443
vn 0.5535 0.6951 -0.4587
vn 0.5992 0.7043 -0.3806
vn 0.6414 0.7020 -0.3096
vn 0.6782 0.6890 -0.2557
vn 0.7111 0.6681 -0.2191
vn 0.7412 0.6414 -0.1982
vn 0.8834 0.4512 -0.1264
vn 0.9818 0.1822 -0.0546
vn 0.9891 -0.1474 -0.0002
vn 0.8797 -0.4751 0.0212
vn 0.6828 -0.7306 0.0082
vn 0.4574 -0.8888 -0.0267
vn 0.2460 -0.9668 -0.0691
vn 0.2120 -0.9714 -0.1066
vn 0.1776 -0.9712 -0.1586
vn 0.1435 -0.9629 -0.2284
vn 0.1106 -0.9417 -0.3178
vn 0.0804 -0.9049 -0.4179
vn 0.0542 -0.8490 -0.5256
vn 0.3643 0.7748 -0.5166
vn 0.3137 0.7948 -0.5195
vn 0.2676 0.8105 -0.5210
vn 0.2208 0.8244 -0.5211
vn 0.1736 0.8365 -0.5198
vn 0.1203 0.8474 -0.5172
vn 0.3847 0.8043 -0.4529
vn 0.3282 0.8264 -0.4575
vn 0.2785 0.8432 -0.4599
vn 0.2297 0.8578 -0.4598
vn 0.1791 0.8710 -0.4574
vn 0.1197 0.8837 -0.4526
vn 0.4041 0.8215 -0.4024
vn 0.3408 0.8455 -0.4111
vn 0.2865 0.8635 -0.4151
vn 0.2343 0.8793 -0.4147
vn 0.1791 0.8945 -0.4095
vn 0.1132 0.9097 -0.3994
vn 0.4232 0.8310 -0.3610
vn 0.3526 0.8569 -0.3761
vn 0.2927 0.8762 -0.3830
vn 0.2359 0.8937 -0.3817
vn 0.1754 0.9115 -0.3720
vn 0.1024 0.9299 -0.3532
vn 0.4419 0.8337 -0.3311
vn 0.3639 0.8626 -0.3514
vn 0.2978 0.8840 -0.3605
vn 0.2352 0.9036 -0.3580
vn 0.1685 0.9239 -0.3435
vn 0.0877 0.9447 -0.3160
vn 0.4604 0.8314 -0.3112
vn 0.3749 0.8643 -0.3352
vn 0.3021 0.8885 -0.3454
vn 0.2329 0.9107 -0.3412
vn 0.1591 0.9333 -0.3219
vn 0.0701 0.9557 -0.2860
vn 0.3946 0.7026 -0.5922
vn 0.3431 0.7231 -0.5995
vn 0.2964 0.7412 -0.6023
vn 0.2516 0.7567 -0.6035
vn 0.2045 0.7707 -0.6035
vn 0.1585 0.7823 -0.6024
vn 0.1096 0.7927 -0.5997
vn 0.0553 0.8036 -0.5926
vn 0.0502 0.8533 -0.5190
vn 0.0393 0.8925 -0.4494
vn 0.0227 0.9222 -0.3860
vn 0.0016 0.9454 -0.3258
vn -0.0233 0.9611 -0.2750
vn -0.0508 0.9711 -0.2331
vn -0.0796 0.9769 -0.1981
vn 0.0502 0.9639 -0.2615
vn 0.1478 0.9406 -0.3055
vn 0.2293 0.9157 -0.3300
vn 0.3057 0.8907 -0.3364
vn 0.3857 0.8631 -0.3261
vn 0.4786 0.8252 -0.3000
vn 0.5954 0.7609 -0.2578
vn 0.5697 0.7752 -0.2729
vn 0.5433 0.7844 -0.2992
vn 0.5156 0.7872 -0.3383
vn 0.4865 0.7815 -0.3907
vn 0.4569 0.7674 -0.4499
vn 0.4263 0.7414 -0.5182
vn -0.5102 0.8600 -0.0019
vn -0.6995 0.7137 0.0365
vn -0.8693 0.4929 0.0366
vn -0.9806 0.1961 0.0009
vn -0.9891 -0.1367 -0.0555
vn -0.8941 -0.4344 -0.1091
vn -0.5292 0.8484 -0.0148
vn -0.7081 0.7060 0.0164
vn -0.8687 0.4953 0.0124
vn -0.9770 0.2122 -0.0201
vn -0.9916 -0.1115 -0.0657
vn -0.9054 -0.4115 -0.1049
vn -0.5497 0.8334 -0.0572
vn -0.7203 0.6930 -0.0306
vn -0.8720 0.4882 -0.0349
vn -0.9747 0.2159 -0.0584
vn -0.9916 -0.0964 -0.0859
vn -0.9137 -0.3933 -0.1029
vn -0.5767 0.8042 -0.1439
vn -0.7401 0.6624 -0.1160
vn -0.8809 0.4598 -0.1126
vn -0.9730 0.1985 -0.1179
vn -0.9884 -0.0966 -0.1175
vn -0.9187 -0.3813 -0.1032
vn -0.6137 0.7289 -0.3033
vn -0.7681 0.5862 -0.2576
vn -0.8922 0.3891 -0.2292
vn -0.9685 0.1476 -0.2004
vn -0.9801 -0.1174 -0.1601
vn -0.9204 -0.3766 -0.1051
vn -0.6412 0.5230 -0.5616
vn -0.7851 0.4103 -0.4639
vn -0.8905 0.2479 -0.3817
vn -0.9526 0.0523 -0.2997
vn -0.9644 -0.1621 -0.2087
vn -0.9192 -0.3794 -0.1060
vn -0.2894 0.9533 -0.0870
vn -0.4893 0.8720 -0.0120
vn -0.6912 0.7218 0.0350
vn -0.8719 0.4878 0.0423
vn -0.9848 0.1736 0.0080
vn -0.9843 -0.1685 -0.0531
vn -0.8801 -0.4608 -0.1145
vn -0.7271 -0.6680 -0.1583
vn -0.7426 -0.6540 -0.1444
vn -0.7569 -0.6413 -0.1262
vn -0.7704 -0.6292 -0.1032
vn -0.7839 -0.6164 -0.0745
vn -0.7985 -0.6007 -0.0389
vn -0.8153 -0.5790 0.0045
vn -0.8347 -0.5480 0.0553
vn -0.9163 -0.3873 -0.1025
vn -0.9404 -0.2273 -0.2529
vn -0.9152 -0.0842 -0.3940
vn -0.8469 0.0295 -0.5310
vn -0.7352 0.0990 -0.6706
vn -0.5752 0.1035 -0.8115
vn -0.3711 0.0329 -0.9280
vn -0.4586 0.5642 -0.6866
vn -0.4377 0.8122 -0.3856
vn -0.4013 0.8917 -0.2097
vn -0.3712 0.9206 -0.1208
vn -0.3448 0.9352 -0.0813
vn -0.3182 0.9452 -0.0728
vn -0.4627 -0.8721 -0.1593
vn -0.3656 -0.9185 -0.1506
vn -0.2817 -0.9498 -0.1362
vn -0.2011 -0.9725 -0.1172
vn -0.1142 -0.9890 -0.0943
vn -0.0101 -0.9977 -0.0672
vn -0.4679 -0.8755 -0.1206
vn -0.3652 -0.9249 -0.1055
vn -0.2760 -0.9573 -0.0863
vn -0.1900 -0.9797 -0.0640
vn -0.0975 -0.9945 -0.0388
vn 0.0126 -0.9999 -0.0108
vn -0.4748 -0.8774 -0.0691
vn -0.3665 -0.9293 -0.0460
vn -0.2717 -0.9622 -0.0211
vn -0.1798 -0.9837 0.0053
vn -0.0812 -0.9962 0.0330
vn 0.0351 -0.9975 0.0618
vn -0.4855 -0.8742 -0.0019
vn -0.3714 -0.9279 0.0315
vn -0.2703 -0.9607 0.0633
vn -0.1718 -0.9806 0.0942
vn -0.0665 -0.9900 0.1245
vn 0.0566 -0.9865 0.1536
vn -0.5024 -0.8605 0.0843
vn -0.3822 -0.9148 0.1305
vn -0.2739 -0.9465 0.1705
vn -0.1680 -0.9639 0.2065
vn -0.0548 -0.9695 0.2390
vn 0.0759 -0.9606 0.2673
vn -0.5273 -0.8279 0.1911
vn -0.4009 -0.8804 0.2531
vn -0.2847 -0.9096 0.3027
vn -0.1701 -0.9235 0.3437
vn -0.0481 -0.9247 0.3778
vn 0.0913 -0.9104 0.4036
vn -0.5754 -0.7976 -0.1811
vn -0.4578 -0.8690 -0.1876
vn -0.3662 -0.9122 -0.1839
vn -0.2876 -0.9420 -0.1733
vn -0.2120 -0.9646 -0.1571
vn -0.1306 -0.9821 -0.1359
vn -0.0324 -0.9934 -0.1096
vn 0.0986 -0.9921 -0.0774
vn 0.1267 -0.9913 -0.0358
vn 0.1550 -0.9877 0.0196
vn 0.1831 -0.9789 0.0905
vn 0.2104 -0.9611 0.1792
vn 0.2360 -0.9282 0.2878
vn 0.2583 -0.8718 0.4162
vn 0.2746 -0.7825 0.5589
vn 0.1003 -0.8244 0.5571
vn -0.0482 -0.8431 0.5356
vn -0.1796 -0.8465 0.5013
vn -0.3034 -0.8370 0.4554
vn -0.4281 -0.8126 0.3955
vn -0.5603 -0.7660 0.3152
vn -0.7019 -0.6825 0.2036
vn -0.6695 -0.7347 0.1097
vn -0.6434 -0.7650 0.0284
vn -0.6237 -0.7807 -0.0376
vn -0.6089 -0.7882 -0.0894
vn -0.5970 -0.7918 -0.1292
vn -0.5862 -0.7944 -0.1593
vn 0.5149 -0.8568 0.0295
vn 0.7156 -0.6968 0.0479
vn 0.8821 -0.4690 0.0443
vn 0.9814 -0.1914 0.0121
vn 0.9940 0.0990 -0.0472
vn 0.9240 0.3618 -0.1235
vn 0.5404 -0.8383 0.0722
vn 0.7288 -0.6802 0.0787
vn 0.8821 -0.4669 0.0622
vn 0.9769 -0.2129 0.0185
vn 0.9971 0.0565 -0.0506
vn 0.9405 0.3112 -0.1363
vn 0.5643 -0.8158 0.1263
vn 0.7407 -0.6613 0.1185
vn 0.8819 -0.4633 0.0867
vn 0.9720 -0.2331 0.0283
vn 0.9984 0.0133 -0.0549
vn 0.9544 0.2549 -0.1551
vn 0.5870 -0.7863 0.1929
vn 0.7520 -0.6373 0.1683
vn 0.8820 -0.4561 0.1187
vn 0.9671 -0.2507 0.0429
vn 0.9979 -0.0304 -0.0580
vn 0.9652 0.1917 -0.1779
vn 0.6083 -0.7453 0.2728
vn 0.7628 -0.6048 0.2287
vn 0.8826 -0.4424 0.1592
vn 0.9625 -0.2637 0.0637
vn 0.9956 -0.0737 -0.0578
vn 0.9720 0.1206 -0.2015
vn 0.6275 -0.6876 0.3653
vn 0.7729 -0.5594 0.2994
vn 0.8839 -0.4187 0.2084
vn 0.9586 -0.2695 0.0918
vn 0.9921 -0.1143 -0.0521
vn 0.9742 0.0428 -0.2218
vn 0.2784 -0.9596 -0.0397
vn 0.4874 -0.8731 -0.0020
vn 0.7006 -0.7130 0.0259
vn 0.8815 -0.4711 0.0323
vn 0.9856 -0.1692 0.0077
vn 0.9889 0.1410 -0.0468
vn 0.9051 0.4083 -0.1189
vn 0.7692 0.6093 -0.1928
vn 0.7956 0.5712 -0.2020
vn 0.8208 0.5254 -0.2242
vn 0.8446 0.4689 -0.2585
vn 0.8662 0.3972 -0.3032
vn 0.8835 0.3055 -0.3551
vn 0.8932 0.1914 -0.4069
vn 0.8922 0.0600 -0.4476
vn 0.9716 -0.0374 -0.2337
vn 0.9881 -0.1489 -0.0387
vn 0.9558 -0.2650 0.1272
vn 0.8855 -0.3816 0.2650
vn 0.7812 -0.4969 0.3778
vn 0.6426 -0.6077 0.4667
vn 0.4692 -0.7071 0.5290
vn 0.4504 -0.7957 0.4049
vn 0.4262 -0.8562 0.2919
vn 0.3991 -0.8960 0.1950
vn 0.3703 -0.9218 0.1147
vn 0.3405 -0.9389 0.0498
vn 0.3099 -0.9508 -0.0013
vn 0.5144 0.7978 -0.3145
vn 0.4062 0.8473 -0.3420
vn 0.3108 0.8835 -0.3505
vn 0.2188 0.9155 -0.3377
vn 0.1209 0.9458 -0.3014
vn 0.0065 0.9705 -0.2410
vn 0.5323 0.7710 -0.3495
vn 0.4164 0.8262 -0.3794
vn 0.3130 0.8670 -0.3879
vn 0.2127 0.9034 -0.3724
vn 0.1063 0.9380 -0.3300
vn -0.0160 0.9653 -0.2607
vn 0.5514 0.7284 -0.4068
vn 0.4278 0.7881 -0.4425
vn 0.3162 0.8329 -0.4542
vn 0.2075 0.8744 -0.4386
vn 0.0924 0.9155 -0.3916
vn -0.0380 0.9488 -0.3135
vn 0.5717 0.6587 -0.4892
vn 0.4413 0.7187 -0.5373
vn 0.3221 0.7641 -0.5589
vn 0.2054 0.8093 -0.5503
vn 0.0816 0.8592 -0.5050
vn -0.0581 0.9051 -0.4212
vn 0.5913 0.5439 -0.5954
vn 0.4553 0.5922 -0.6648
vn 0.3301 0.6253 -0.7072
vn 0.2077 0.6622 -0.7200
vn 0.0773 0.7155 -0.6943
vn -0.0722 0.7809 -0.6204
vn 0.6024 0.3649 -0.7099
vn 0.4613 0.3768 -0.8032
vn 0.3321 0.3670 -0.8689
vn 0.2092 0.3580 -0.9100
vn 0.0826 0.3741 -0.9237
vn -0.0645 0.4335 -0.8988
vn 0.6204 0.7417 -0.2549
vn 0.4966 0.8149 -0.2989
vn 0.3962 0.8584 -0.3257
vn 0.3086 0.8902 -0.3352
vn 0.2246 0.9184 -0.3258
vn 0.1350 0.9457 -0.2956
vn 0.0288 0.9695 -0.2436
vn -0.1088 0.9792 -0.1712
vn -0.1373 0.9774 -0.1604
vn -0.1650 0.9712 -0.1718
vn -0.1921 0.9574 -0.2154
vn -0.2198 0.9242 -0.3123
vn -0.2466 0.8271 -0.5050
vn -0.2489 0.5200 -0.8171
vn -0.1674 -0.0712 -0.9833
vn -0.0198 -0.1342 -0.9908
vn 0.0911 -0.1294 -0.9874
vn 0.1968 -0.0738 -0.9777
vn 0.3134 0.0046 -0.9496
vn 0.4457 0.0786 -0.8917
vn 0.5937 0.1248 -0.7950
vn 0.7514 0.1225 -0.6484
vn 0.7540 0.3084 -0.5799
vn 0.7405 0.4555 -0.4941
vn 0.7185 0.5600 -0.4125
vn 0.6939 0.6313 -0.3464
vn 0.6692 0.6805 -0.2984
vn 0.6448 0.7157 -0.2682
vn -0.4182 -0.9063 -0.0606
vn -0.2441 -0.9688 -0.0435
vn -0.0800 -0.9962 -0.0336
vn 0.0800 -0.9962 -0.0336
vn 0.2441 -0.9688 -0.0435
vn 0.4182 -0.9063 -0.0606
vn -0.4125 -0.9052 -0.1017
vn -0.2392 -0.9675 -0.0818
vn -0.0780 -0.9946 -0.0680
vn 0.0780 -0.9946 -0.0680
vn 0.2392 -0.9675 -0.0818
vn 0.4125 -0.9052 -0.1017
vn -0.4018 -0.8888 -0.2206
vn -0.2305 -0.9528 -0.1978
vn -0.0744 -0.9811 -0.1785
vn 0.0744 -0.9811 -0.1785
vn 0.2305 -0.9528 -0.1978
vn 0.4018 -0.8888 -0.2206
vn -0.3769 -0.8266 -0.4180
vn -0.2132 -0.8938 -0.3945
vn -0.0679 -0.9259 -0.3715
vn 0.0679 -0.9259 -0.3715
vn 0.2132 -0.8938 -0.3945
vn 0.3769 -0.8266 -0.4180
vn -0.3254 -0.6902 -0.6463
vn -0.1818 -0.7583 -0.6260
vn -0.0572 -0.7929 -0.6067
vn 0.0572 -0.7929 -0.6067
vn 0.1818 -0.7583 -0.6260
vn 0.3254 -0.6902 -0.6463
vn -0.2557 -0.5099 -0.8214
vn -0.1420 -0.5693 -0.8098
vn -0.0443 -0.5990 -0.7995
vn 0.0443 -0.5990 -0.7995
vn 0.1420 -0.5693 -0.8098
vn 0.2557 -0.5099 -0.8214
vn -0.6024 -0.7914 -0.1041
vn -0.4204 -0.9036 -0.0820
vn -0.2462 -0.9670 -0.0663
vn -0.0809 -0.9950 -0.0582
vn 0.0809 -0.9950 -0.0582
vn 0.2462 -0.9670 -0.0663
vn 0.4204 -0.9036 -0.0820
vn 0.6024 -0.7914 -0.1041
vn 0.6017 -0.7946 -0.0805
vn 0.5974 -0.7934 -0.1173
vn 0.5879 -0.7763 -0.2274
vn 0.5616 -0.7171 -0.4127
vn 0.4998 -0.5898 -0.6343
vn 0.4062 -0.4230 -0.8100
vn 0.2933 -0.2660 -0.9183
vn 0.1900 -0.3438 -0.9196
vn 0.1065 -0.3896 -0.9148
vn 0.0332 -0.4119 -0.9106
vn -0.0332 -0.4119 -0.9106
vn -0.1065 -0.3896 -0.9148
vn -0.1900 -0.3438 -0.9196
vn -0.2933 -0.2660 -0.9183
vn -0.4062 -0.4230 -0.8100
vn -0.4998 -0.5898 -0.6343
vn -0.5616 -0.7171 -0.4127
vn -0.5879 -0.7763 -0.2274
vn -0.5974 -0.7934 -0.1173
vn -0.6017 -0.7946 -0.0805
vn 0.8918 -0.4397 -0.1064
vn 0.9603 -0.2570 -0.1088
vn 0.9909 -0.0816 -0.1067
vn 0.9907 0.0906 -0.1017
vn 0.9594 0.2660 -0.0938
vn 0.8902 0.4481 -0.0824
vn 0.8922 -0.4380 -0.1101
vn 0.9620 -0.2559 -0.0951
vn 0.9935 -0.0814 -0.0792
vn 0.9939 0.0904 -0.0633
vn 0.9628 0.2665 -0.0448
vn 0.8927 0.4501 -0.0208
vn 0.8895 -0.4261 -0.1649
vn 0.9607 -0.2490 -0.1223
vn 0.9931 -0.0798 -0.0857
vn 0.9946 0.0877 -0.0550
vn 0.9646 0.2626 -0.0232
vn 0.8945 0.4468 0.0160
vn 0.8781 -0.3913 -0.2755
vn 0.9541 -0.2271 -0.1952
vn 0.9890 -0.0696 -0.1304
vn 0.9929 0.0882 -0.0795
vn 0.9656 0.2583 -0.0300
vn 0.8969 0.4413 0.0281
vn 0.8424 -0.3170 -0.4358
vn 0.9317 -0.1775 -0.3169
vn 0.9749 -0.0393 -0.2190
vn 0.9848 0.1018 -0.1409
vn 0.9633 0.2601 -0.0662
vn 0.8999 0.4357 0.0159
vn 0.7670 -0.2036 -0.6085
vn 0.8764 -0.0930 -0.4725
vn 0.9379 0.0214 -0.3463
vn 0.9613 0.1400 -0.2372
vn 0.9519 0.2772 -0.1307
vn 0.9009 0.4336 -0.0206
vn 0.7709 -0.6239 -0.1282
vn 0.8867 -0.4385 -0.1467
vn 0.9531 -0.2578 -0.1584
vn 0.9827 -0.0845 -0.1648
vn 0.9821 0.0856 -0.1678
vn 0.9512 0.2585 -0.1685
vn 0.8832 0.4381 -0.1676
vn 0.7661 0.6212 -0.1649
vn 0.7710 0.6332 -0.0675
vn 0.7717 0.6359 0.0090
vn 0.7717 0.6328 0.0635
vn 0.7730 0.6269 0.0969
vn 0.7775 0.6191 0.1101
vn 0.7871 0.6082 0.1024
vn 0.8048 0.5901 0.0637
vn 0.8923 0.4439 -0.0819
vn 0.9219 0.3192 -0.2196
vn 0.9105 0.2082 -0.3572
vn 0.8633 0.1127 -0.4920
vn 0.7747 0.0205 -0.6319
vn 0.6477 -0.0685 -0.7588
vn 0.4919 -0.1605 -0.8557
vn 0.6034 -0.3128 -0.7336
vn 0.6936 -0.4575 -0.5564
vn 0.7465 -0.5608 -0.3582
vn 0.7659 -0.6093 -0.2054
vn 0.7715 -0.6248 -0.1198
vn 0.7732 -0.6266 -0.0974
vn 0.4177 0.9078 -0.0373
vn 0.2444 0.9693 -0.0283
vn 0.0803 0.9965 -0.0241
vn -0.0803 0.9965 -0.0241
vn -0.2444 0.9693 -0.0283
vn -0.4177 0.9078 -0.0373
vn 0.4163 0.9070 0.0634
vn 0.2436 0.9668 0.0774
vn 0.0801 0.9933 0.0837
vn -0.0801 0.9933 0.0837
vn -0.2436 0.9668 0.0774
vn -0.4163 0.9070 0.0634
vn 0.4145 0.8983 0.1459
vn 0.2428 0.9558 0.1657
vn 0.0801 0.9814 0.1743
vn -0.0801 0.9814 0.1743
vn -0.2428 0.9558 0.1657
vn -0.4145 0.8983 0.1459
vn 0.4142 0.8855 0.2104
vn 0.2434 0.9409 0.2357
vn 0.0806 0.9658 0.2465
vn -0.0806 0.9658 0.2465
vn -0.2434 0.9409 0.2357
vn -0.4142 0.8855 0.2104
vn 0.4176 0.8715 0.2572
vn 0.2466 0.9259 0.2860
vn 0.0818 0.9510 0.2981
vn -0.0818 0.9510 0.2981
vn -0.2466 0.9259 0.2860
vn -0.4176 0.8715 0.2572
vn 0.4256 0.8586 0.2856
vn 0.2525 0.9140 0.3176
vn 0.0834 0.9399 0.3311
vn -0.0834 0.9399 0.3311
vn -0.2525 0.9140 0.3176
vn -0.4256 0.8586 0.2856
vn 0.5974 0.7859 -0.1600
vn 0.4165 0.8960 -0.1538
vn 0.2439 0.9583 -0.1487
vn 0.0801 0.9860 -0.1460
vn -0.0802 0.9860 -0.1460
vn -0.2439 0.9583 -0.1487
vn -0.4165 0.8960 -0.1538
vn -0.5973 0.7859 -0.1600
vn -0.6000 0.7983 -0.0510
vn -0.5990 0.7998 0.0401
vn -0.5971 0.7944 0.1116
vn -0.5966 0.7855 0.1644
vn -0.5992 0.7751 0.2003
vn -0.6067 0.7640 0.2194
vn -0.6208 0.7520 0.2217
vn -0.4317 0.8534 0.2920
vn -0.2561 0.9082 0.3309
vn -0.0840 0.9334 0.3488
vn 0.0840 0.9334 0.3488
vn 0.2561 0.9082 0.3309
vn 0.4317 0.8534 0.2920
vn 0.6208 0.7520 0.2217
vn 0.6067 0.7640 0.2194
vn 0.5992 0.7751 0.2003
vn 0.5966 0.7855 0.1644
vn 0.5971 0.7944 0.1116
vn 0.5990 0.7998 0.0401
vn 0.6000 0.7983 -0.0510
vn -0.8902 0.4481 -0.0824
vn -0.9594 0.2660 -0.0938
vn -0.9907 0.0906 -0.1017
vn -0.9909 -0.0816 -0.1067
vn -0.9603 -0.2570 -0.1088
vn -0.8918 -0.4397 -0.1064
vn -0.8927 0.4501 -0.0208
vn -0.9628 0.2665 -0.0448
vn -0.9939 0.0904 -0.0633
vn -0.9935 -0.0814 -0.0792
vn -0.9620 -0.2559 -0.0951
vn -0.8922 -0.4380 -0.1101
vn -0.8945 0.4468 0.0160
vn -0.9646 0.2626 -0.0232
vn -0.9946 0.0877 -0.0550
vn -0.9931 -0.0798 -0.0857
vn -0.9607 -0.2490 -0.1223
vn -0.8895 -0.4261 -0.1649
vn -0.8969 0.4413 0.0281
vn -0.9656 0.2583 -0.0300
vn -0.9929 0.0882 -0.0795
vn -0.9890 -0.0696 -0.1304
vn -0.9541 -0.2271 -0.1952
vn -0.8781 -0.3913 -0.2755
vn -0.8999 0.4357 0.0159
vn -0.9633 0.2601 -0.0662
vn -0.9848 0.1018 -0.1409
vn -0.9749 -0.0393 -0.2190
vn -0.9317 -0.1775 -0.3169
vn -0.8424 -0.3170 -0.4358
vn -0.9009 0.4336 -0.0206
vn -0.9519 0.2772 -0.1307
vn -0.9613 0.1400 -0.2372
vn -0.9379 0.0214 -0.3463
vn -0.8764 -0.0930 -0.4725
vn -0.7670 -0.2036 -0.6085
vn -0.7661 0.6212 -0.1649
vn -0.8832 0.4381 -0.1676
vn -0.9512 0.2585 -0.1685
vn -0.9821 0.0856 -0.1678
vn -0.9827 -0.0845 -0.1648
vn -0.9531 -0.2578 -0.1584
vn -0.8867 -0.4385 -0.1467
vn -0.7709 -0.6239 -0.1282
vn -0.7732 -0.6266 -0.0974
vn -0.7715 -0.6248 -0.1198
vn -0.7659 -0.6093 -0.2054
vn -0.7465 -0.5608 -0.3582
vn -0.6936 -0.4575 -0.5564
vn -0.6034 -0.3128 -0.7336
vn -0.4919 -0.1605 -0.8557
vn -0.6477 -0.0685 -0.7588
vn -0.7747 0.0205 -0.6319
vn -0.8633 0.1127 -0.4920
vn -0.9105 0.2082 -0.3572
vn -0.9219 0.3192 -0.2196
vn -0.8923 0.4439 -0.0819
vn -0.8048 0.5902 0.0637
vn -0.7871 0.6082 0.1024
vn -0.7775 0.6191 0.1101
vn -0.7730 0.6269 0.0969
vn -0.7717 0.6328 0.0635
vn -0.7717 0.6359 0.0090
vn -0.7710 0.6332 -0.0675
vn -0.3851 -0.8775 -0.2859
vn -0.2270 -0.9367 -0.2668
vn -0.0748 -0.9634 -0.2576
vn 0.0748 -0.9634 -0.2576
vn 0.2270 -0.9367 -0.2668
vn 0.3851 -0.8775 -0.2859
vn -0.3893 -0.8771 -0.2812
vn -0.2294 -0.9373 -0.2624
vn -0.0756 -0.9644 -0.2534
vn 0.0756 -0.9644 -0.2534
vn 0.2294 -0.9373 -0.2624
vn 0.3893 -0.8771 -0.2812
vn -0.3943 -0.8783 -0.2704
vn -0.2323 -0.9394 -0.2519
vn -0.0766 -0.9670 -0.2430
vn 0.0766 -0.9670 -0.2430
vn 0.2323 -0.9394 -0.2519
vn 0.3943 -0.8783 -0.2704
vn -0.4000 -0.8810 -0.2527
vn -0.2356 -0.9431 -0.2348
vn -0.0776 -0.9710 -0.2261
vn 0.0776 -0.9710 -0.2261
vn 0.2356 -0.9431 -0.2348
vn 0.4000 -0.8810 -0.2527
vn -0.4061 -0.8852 -0.2271
vn -0.2390 -0.9481 -0.2097
vn -0.0787 -0.9764 -0.2012
vn 0.0787 -0.9764 -0.2012
vn 0.2390 -0.9481 -0.2097
vn 0.4061 -0.8852 -0.2271
vn -0.4122 -0.8908 -0.1911
vn -0.2423 -0.9544 -0.1743
vn -0.0798 -0.9829 -0.1661
vn 0.0798 -0.9829 -0.1661
vn 0.2423 -0.9544 -0.1743
vn 0.4122 -0.8908 -0.1911
vn -0.5432 -0.7785 -0.3145
vn -0.3822 -0.8793 -0.2841
vn -0.2252 -0.9377 -0.2647
vn -0.0742 -0.9640 -0.2554
vn 0.0742 -0.9640 -0.2554
vn 0.2252 -0.9377 -0.2647
vn 0.3822 -0.8793 -0.2841
vn 0.5432 -0.7785 -0.3145
vn 0.5471 -0.7753 -0.3156
vn 0.5530 -0.7732 -0.3104
vn 0.5602 -0.7726 -0.2988
vn 0.5687 -0.7734 -0.2803
vn 0.5779 -0.7757 -0.2535
vn 0.5876 -0.7798 -0.2161
vn 0.5967 -0.7855 -0.1645
vn 0.4177 -0.8976 -0.1409
vn 0.2451 -0.9614 -0.1249
vn 0.0806 -0.9899 -0.1170
vn -0.0806 -0.9899 -0.1170
vn -0.2451 -0.9614 -0.1249
vn -0.4177 -0.8976 -0.1409
vn -0.5967 -0.7855 -0.1645
vn -0.5876 -0.7798 -0.2161
vn -0.5779 -0.7757 -0.2535
vn -0.5687 -0.7734 -0.2803
vn -0.5602 -0.7726 -0.2988
vn -0.5530 -0.7732 -0.3104
vn -0.5471 -0.7753 -0.3156
vn 0.7944 -0.4662 -0.3894
vn 0.8514 -0.3111 -0.4223
vn 0.8760 -0.1634 -0.4539
vn 0.8737 -0.0192 -0.4861
vn 0.8444 0.1263 -0.5206
vn 0.7825 0.2766 -0.5579
vn 0.8022 -0.4593 -0.3815
vn 0.8594 -0.3020 -0.4126
vn 0.8840 -0.1521 -0.4421
vn 0.8816 -0.0059 -0.4720
vn 0.8520 0.1417 -0.5039
vn 0.7896 0.2943 -0.5384
vn 0.8126 -0.4528 -0.3669
vn 0.8705 -0.2926 -0.3958
vn 0.8953 -0.1400 -0.4228
vn 0.8930 0.0090 -0.4500
vn 0.8633 0.1596 -0.4787
vn 0.8004 0.3154 -0.5097
vn 0.8254 -0.4470 -0.3448
vn 0.8842 -0.2834 -0.3713
vn 0.9097 -0.1274 -0.3953
vn 0.9076 0.0251 -0.4190
vn 0.8779 0.1794 -0.4439
vn 0.8144 0.3394 -0.4706
vn 0.8402 -0.4423 -0.3138
vn 0.9005 -0.2746 -0.3373
vn 0.9268 -0.1146 -0.3577
vn 0.9251 0.0419 -0.3773
vn 0.8954 0.2007 -0.3975
vn 0.8312 0.3655 -0.4190
vn 0.8565 -0.4389 -0.2714
vn 0.9186 -0.2668 -0.2914
vn 0.9459 -0.1024 -0.3078
vn 0.9448 0.0587 -0.3225
vn 0.9149 0.2224 -0.3370
vn 0.8497 0.3925 -0.3520
vn 0.6897 -0.6321 -0.3532
vn 0.7897 -0.4731 -0.3906
vn 0.8468 -0.3197 -0.4251
vn 0.8716 -0.1733 -0.4585
vn 0.8697 -0.0304 -0.4927
vn 0.8408 0.1139 -0.5293
vn 0.7794 0.2629 -0.5687
vn 0.6759 0.4151 -0.6090
vn 0.6783 0.4299 -0.5959
vn 0.6846 0.4501 -0.5734
vn 0.6941 0.4746 -0.5412
vn 0.7067 0.5030 -0.4976
vn 0.7216 0.5342 -0.4404
vn 0.7379 0.5667 -0.3666
vn 0.7539 0.5974 -0.2734
vn 0.8683 0.4181 -0.2668
vn 0.9348 0.2428 -0.2593
vn 0.9651 0.0742 -0.2513
vn 0.9659 -0.0917 -0.2422
vn 0.9375 -0.2608 -0.2304
vn 0.8733 -0.4376 -0.2142
vn 0.7611 -0.6197 -0.1918
vn 0.7477 -0.6168 -0.2459
vn 0.7342 -0.6160 -0.2854
vn 0.7217 -0.6168 -0.3141
vn 0.7107 -0.6191 -0.3341
vn 0.7015 -0.6225 -0.3470
vn 0.6943 -0.6270 -0.3533
vn 0.3712 0.6668 -0.6463
vn 0.2181 0.7233 -0.6552
vn 0.0718 0.7490 -0.6586
vn -0.0718 0.7490 -0.6586
vn -0.2181 0.7233 -0.6552
vn -0.3711 0.6668 -0.6463
vn 0.3745 0.6901 -0.6193
vn 0.2201 0.7473 -0.6270
vn 0.0725 0.7733 -0.6299
vn -0.0725 0.7733 -0.6299
vn -0.2201 0.7473 -0.6270
vn -0.3745 0.6901 -0.6193
vn 0.3797 0.7197 -0.5813
vn 0.2231 0.7778 -0.5875
vn 0.0735 0.8042 -0.5897
vn -0.0735 0.8042 -0.5897
vn -0.2231 0.7778 -0.5875
vn -0.3797 0.7197 -0.5813
vn 0.3866 0.7543 -0.5306
vn 0.2271 0.8137 -0.5351
vn 0.0747 0.8406 -0.5365
vn -0.0748 0.8406 -0.5365
vn -0.2271 0.8137 -0.5351
vn -0.3866 0.7543 -0.5306
vn 0.3947 0.7926 -0.4647
vn 0.2318 0.8533 -0.4671
vn 0.0763 0.8807 -0.4675
vn -0.0763 0.8807 -0.4675
vn -0.2318 0.8533 -0.4671
vn -0.3947 0.7926 -0.4647
vn 0.4032 0.8322 -0.3807
vn 0.2366 0.8939 -0.3807
vn 0.0778 0.9217 -0.3800
vn -0.0778 0.9217 -0.3800
vn -0.2366 0.8939 -0.3807
vn -0.4032 0.8322 -0.3807
vn 0.5284 0.5543 -0.6431
vn 0.3701 0.6507 -0.6631
vn 0.2176 0.7070 -0.6729
vn 0.0716 0.7327 -0.6768
vn -0.0716 0.7327 -0.6768
vn -0.2176 0.7070 -0.6729
vn -0.3701 0.6507 -0.6631
vn -0.5284 0.5543 -0.6431
vn -0.5301 0.5700 -0.6278
vn -0.5349 0.5921 -0.6027
vn -0.5425 0.6197 -0.5671
vn -0.5524 0.6520 -0.5194
vn -0.5641 0.6877 -0.4571
vn -0.5767 0.7247 -0.3772
vn -0.5887 0.7595 -0.2768
vn -0.4111 0.8689 -0.2758
vn -0.2410 0.9312 -0.2733
vn -0.0793 0.9591 -0.2716
vn 0.0792 0.9591 -0.2716
vn 0.2410 0.9312 -0.2733
vn 0.4111 0.8689 -0.2758
vn 0.5887 0.7595 -0.2768
vn 0.5767 0.7247 -0.3772
vn 0.5641 0.6877 -0.4571
vn 0.5524 0.6520 -0.5194
vn 0.5425 0.6197 -0.5671
vn 0.5349 0.5921 -0.6027
vn 0.5301 0.5700 -0.6278
vn -0.7825 0.2766 -0.5579
vn -0.8444 0.1263 -0.5206
vn -0.8737 -0.0192 -0.4861
vn -0.8760 -0.1634 -0.4539
vn -0.8514 -0.3111 -0.4223
vn -0.7944 -0.4662 -0.3894
vn -0.7896 0.2943 -0.5384
vn -0.8520 0.1417 -0.5039
vn -0.8816 -0.0059 -0.4720
vn -0.8840 -0.1521 -0.4421
vn -0.8594 -0.3020 -0.4126
vn -0.8022 -0.4593 -0.3815
vn -0.8004 0.3154 -0.5097
vn -0.8633 0.1596 -0.4787
vn -0.8930 0.0090 -0.4500
vn -0.8953 -0.1400 -0.4229
vn -0.8705 -0.2926 -0.3958
vn -0.8126 -0.4528 -0.3669
vn -0.8144 0.3394 -0.4706
vn -0.8779 0.1794 -0.4439
vn -0.9076 0.0251 -0.4190
vn -0.9097 -0.1274 -0.3953
vn -0.8842 -0.2834 -0.3713
vn -0.8254 -0.4470 -0.3448
vn -0.8312 0.3655 -0.4190
vn -0.8954 0.2007 -0.3975
vn -0.9251 0.0419 -0.3773
vn -0.9268 -0.1146 -0.3577
vn -0.9005 -0.2746 -0.3372
vn -0.8402 -0.4423 -0.3138
vn -0.8497 0.3925 -0.3520
vn -0.9149 0.2224 -0.3370
vn -0.9448 0.0587 -0.3225
vn -0.9459 -0.1024 -0.3078
vn -0.9186 -0.2668 -0.2914
vn -0.8565 -0.4389 -0.2714
vn -0.6759 0.4151 -0.6090
vn -0.7794 0.2629 -0.5687
vn -0.8408 0.1139 -0.5293
vn -0.8697 -0.0304 -0.4927
vn -0.8716 -0.1733 -0.4585
vn -0.8468 -0.3197 -0.4251
vn -0.7897 -0.4731 -0.3906
vn -0.6897 -0.6321 -0.3532
vn -0.6943 -0.6270 -0.3533
vn -0.7015 -0.6225 -0.3470
vn -0.7107 -0.6191 -0.3341
vn -0.7217 -0.6168 -0.3141
vn -0.7342 -0.6160 -0.2854
vn -0.7477 -0.6168 -0.2459
vn -0.7611 -0.6197 -0.1918
vn -0.8733 -0.4376 -0.2142
vn -0.9375 -0.2608 -0.2304
vn -0.9659 -0.0917 -0.2422
vn -0.9651 0.0742 -0.2513
vn -0.9348 0.2428 -0.2593
vn -0.8683 0.4181 -0.2668
vn -0.7539 0.5974 -0.2734
vn -0.7379 0.5667 -0.3666
vn -0.7216 0.5342 -0.4404
vn -0.7067 0.5030 -0.4976
vn -0.6941 0.4746 -0.5412
vn -0.6846 0.4501 -0.5734
vn -0.6783 0.4299 -0.5959
vn -0.3949 -0.8995 -0.1867
vn -0.2324 -0.9582 -0.1669
vn -0.0765 -0.9846 -0.1574
vn 0.0765 -0.9846 -0.1575
vn 0.2324 -0.9582 -0.1669
vn 0.3949 -0.8995 -0.1867
vn -0.3898 -0.8972 -0.2075
vn -0.2295 -0.9551 -0.1872
vn -0.0756 -0.9812 -0.1775
vn 0.0756 -0.9812 -0.1775
vn 0.2295 -0.9551 -0.1872
vn 0.3898 -0.8972 -0.2075
vn -0.3858 -0.8946 -0.2254
vn -0.2271 -0.9521 -0.2049
vn -0.0748 -0.9779 -0.1951
vn 0.0748 -0.9779 -0.1951
vn 0.2271 -0.9521 -0.2049
vn 0.3858 -0.8946 -0.2254
vn -0.3830 -0.8918 -0.2408
vn -0.2255 -0.9490 -0.2204
vn -0.0743 -0.9747 -0.2106
vn 0.0743 -0.9747 -0.2106
vn 0.2255 -0.9490 -0.2204
vn 0.3830 -0.8918 -0.2408
vn -0.3813 -0.8888 -0.2543
vn -0.2245 -0.9460 -0.2340
vn -0.0740 -0.9717 -0.2243
vn 0.0740 -0.9717 -0.2243
vn 0.2246 -0.9460 -0.2340
vn 0.3813 -0.8888 -0.2543
vn -0.3806 -0.8857 -0.2660
vn -0.2242 -0.9430 -0.2459
vn -0.0739 -0.9689 -0.2364
vn 0.0739 -0.9689 -0.2363
vn 0.2242 -0.9430 -0.2459
vn 0.3806 -0.8857 -0.2660
vn -0.5712 -0.7979 -0.1925
vn -0.4009 -0.9016 -0.1624
vn -0.2358 -0.9611 -0.1435
vn -0.0777 -0.9879 -0.1345
vn 0.0777 -0.9879 -0.1345
vn 0.2358 -0.9611 -0.1435
vn 0.4009 -0.9016 -0.1624
vn 0.5712 -0.7979 -0.1925
vn 0.5624 -0.7976 -0.2181
vn 0.5549 -0.7967 -0.2396
vn 0.5491 -0.7950 -0.2577
vn 0.5449 -0.7928 -0.2731
vn 0.5424 -0.7899 -0.2862
vn 0.5413 -0.7865 -0.2975
vn 0.5415 -0.7825 -0.3072
vn 0.3809 -0.8824 -0.2762
vn 0.2244 -0.9401 -0.2565
vn 0.0740 -0.9662 -0.2471
vn -0.0740 -0.9662 -0.2471
vn -0.2244 -0.9401 -0.2565
vn -0.3809 -0.8824 -0.2762
vn -0.5415 -0.7826 -0.3072
vn -0.5413 -0.7865 -0.2975
vn -0.5424 -0.7899 -0.2862
vn -0.5449 -0.7928 -0.2731
vn -0.5491 -0.7951 -0.2577
vn -0.5549 -0.7967 -0.2396
vn -0.5624 -0.7976 -0.2181
vn 0.8207 -0.4855 -0.3014
vn 0.8807 -0.3278 -0.3420
vn 0.9069 -0.1775 -0.3822
vn 0.9053 -0.0309 -0.4236
vn 0.8762 0.1174 -0.4675
vn 0.8137 0.2712 -0.5141
vn 0.8096 -0.4893 -0.3242
vn 0.8690 -0.3340 -0.3651
vn 0.8949 -0.1860 -0.4056
vn 0.8935 -0.0415 -0.4472
vn 0.8647 0.1046 -0.4913
vn 0.8029 0.2560 -0.5383
vn 0.8010 -0.4911 -0.3423
vn 0.8599 -0.3375 -0.3829
vn 0.8858 -0.1910 -0.4229
vn 0.8845 -0.0479 -0.4640
vn 0.8561 0.0968 -0.5076
vn 0.7950 0.2468 -0.5542
vn 0.7948 -0.4908 -0.3569
vn 0.8534 -0.3383 -0.3966
vn 0.8792 -0.1926 -0.4357
vn 0.8781 -0.0503 -0.4758
vn 0.8500 0.0936 -0.5185
vn 0.7893 0.2427 -0.5640
vn 0.7908 -0.4887 -0.3685
vn 0.8491 -0.3366 -0.4072
vn 0.8748 -0.1912 -0.4451
vn 0.8737 -0.0493 -0.4839
vn 0.8457 0.0943 -0.5252
vn 0.7852 0.2431 -0.5695
vn 0.7887 -0.4848 -0.3779
vn 0.8467 -0.3327 -0.4154
vn 0.8722 -0.1873 -0.4518
vn 0.8710 -0.0453 -0.4892
vn 0.8429 0.0983 -0.5290
vn 0.7823 0.2470 -0.5718
vn 0.7272 -0.6460 -0.2321
vn 0.8339 -0.4799 -0.2727
vn 0.8949 -0.3193 -0.3119
vn 0.9216 -0.1660 -0.3509
vn 0.9202 -0.0164 -0.3910
vn 0.8909 0.1350 -0.4336
vn 0.8278 0.2923 -0.4788
vn 0.7200 0.4543 -0.5246
vn 0.7074 0.4294 -0.5614
vn 0.6979 0.4118 -0.5859
vn 0.6910 0.4010 -0.6014
vn 0.6860 0.3960 -0.6104
vn 0.6823 0.3959 -0.6146
vn 0.6794 0.3995 -0.6155
vn 0.6771 0.4058 -0.6139
vn 0.7802 0.2536 -0.5718
vn 0.8411 0.1049 -0.5306
vn 0.8695 -0.0389 -0.4924
vn 0.8711 -0.1812 -0.4565
vn 0.8458 -0.3269 -0.4216
vn 0.7883 -0.4796 -0.3856
vn 0.6881 -0.6374 -0.3468
vn 0.6881 -0.6421 -0.3380
vn 0.6897 -0.6458 -0.3275
vn 0.6931 -0.6484 -0.3149
vn 0.6986 -0.6497 -0.2998
vn 0.7061 -0.6497 -0.2816
vn 0.7158 -0.6484 -0.2593
vn 0.3886 0.6757 -0.6265
vn 0.2284 0.7342 -0.6394
vn 0.0752 0.7607 -0.6447
vn -0.0752 0.7607 -0.6447
vn -0.2285 0.7342 -0.6394
vn -0.3886 0.6757 -0.6265
vn 0.3835 0.6545 -0.6516
vn 0.2255 0.7125 -0.6645
vn 0.0743 0.7388 -0.6698
vn -0.0743 0.7388 -0.6698
vn -0.2255 0.7125 -0.6645
vn -0.3835 0.6545 -0.6516
vn 0.3798 0.6416 -0.6665
vn 0.2234 0.6992 -0.6791
vn 0.0736 0.7254 -0.6844
vn -0.0736 0.7254 -0.6844
vn -0.2234 0.6992 -0.6791
vn -0.3798 0.6416 -0.6665
vn 0.3770 0.6353 -0.6740
vn 0.2218 0.6927 -0.6863
vn 0.0730 0.7188 -0.6914
vn -0.0730 0.7188 -0.6914
vn -0.2218 0.6927 -0.6863
vn -0.3770 0.6353 -0.6740
vn 0.3748 0.6341 -0.6763
vn 0.2205 0.6913 -0.6881
vn 0.0726 0.7174 -0.6929
vn -0.0726 0.7174 -0.6929
vn -0.2205 0.6913 -0.6881
vn -0.3748 0.6341 -0.6763
vn 0.3730 0.6367 -0.6749
vn 0.2193 0.6937 -0.6860
vn 0.0723 0.7197 -0.6906
vn -0.0723 0.7197 -0.6906
vn -0.2194 0.6937 -0.6860
vn -0.3730 0.6367 -0.6749
vn 0.5643 0.6032 -0.5636
vn 0.3956 0.7059 -0.5876
vn 0.2325 0.7654 -0.6001
vn 0.0766 0.7923 -0.6053
vn -0.0766 0.7923 -0.6053
vn -0.2325 0.7654 -0.6001
vn -0.3956 0.7059 -0.5876
vn -0.5644 0.6032 -0.5636
vn -0.5543 0.5750 -0.6017
vn -0.5469 0.5552 -0.6266
vn -0.5416 0.5430 -0.6418
vn -0.5376 0.5372 -0.6500
vn -0.5345 0.5364 -0.6531
vn -0.5320 0.5395 -0.6526
vn -0.5298 0.5453 -0.6496
vn -0.3713 0.6421 -0.6708
vn -0.2183 0.6987 -0.6813
vn -0.0719 0.7245 -0.6855
vn 0.0719 0.7245 -0.6855
vn 0.2183 0.6987 -0.6813
vn 0.3713 0.6421 -0.6708
vn 0.5298 0.5453 -0.6496
vn 0.5320 0.5395 -0.6526
vn 0.5345 0.5364 -0.6531
vn 0.5376 0.5372 -0.6500
vn 0.5415 0.5430 -0.6418
vn 0.5469 0.5552 -0.6266
vn 0.5543 0.5750 -0.6017
vn -0.8137 0.2712 -0.5141
vn -0.8762 0.1174 -0.4675
vn -0.9053 -0.0309 -0.4236
vn -0.9069 -0.1775 -0.3822
vn -0.8807 -0.3278 -0.3420
vn -0.8207 -0.4855 -0.3014
vn -0.8029 0.2560 -0.5383
vn -0.8647 0.1046 -0.4913
vn -0.8935 -0.0415 -0.4472
vn -0.8949 -0.1860 -0.4056
vn -0.8690 -0.3340 -0.3651
vn -0.8096 -0.4893 -0.3242
vn -0.7950 0.2468 -0.5542
vn -0.8561 0.0968 -0.5076
vn -0.8845 -0.0479 -0.4640
vn -0.8858 -0.1910 -0.4229
vn -0.8599 -0.3375 -0.3829
vn -0.8010 -0.4911 -0.3423
vn -0.7893 0.2427 -0.5640
vn -0.8500 0.0936 -0.5185
vn -0.8781 -0.0503 -0.4758
vn -0.8792 -0.1926 -0.4357
vn -0.8534 -0.3383 -0.3966
vn -0.7948 -0.4908 -0.3569
vn -0.7852 0.2431 -0.5695
vn -0.8457 0.0943 -0.5252
vn -0.8737 -0.0493 -0.4839
vn -0.8748 -0.1912 -0.4451
vn -0.8491 -0.3366 -0.4072
vn -0.7908 -0.4887 -0.3685
vn -0.7823 0.2470 -0.5718
vn -0.8429 0.0983 -0.5290
vn -0.8710 -0.0453 -0.4892
vn -0.8722 -0.1873 -0.4518
vn -0.8467 -0.3327 -0.4154
vn -0.7887 -0.4848 -0.3779
vn -0.7200 0.4543 -0.5246
vn -0.8278 0.2923 -0.4788
vn -0.8909 0.1350 -0.4336
vn -0.9202 -0.0164 -0.3910
vn -0.9216 -0.1660 -0.3509
vn -0.8949 -0.3193 -0.3119
vn -0.8338 -0.4799 -0.2727
vn -0.7272 -0.6460 -0.2321
vn -0.7158 -0.6484 -0.2593
vn -0.7061 -0.6497 -0.2816
vn -0.6986 -0.6497 -0.2998
vn -0.6931 -0.6484 -0.3149
vn -0.6897 -0.6458 -0.3275
vn -0.6881 -0.6421 -0.3380
vn -0.6881 -0.6374 -0.3468
vn -0.7883 -0.4796 -0.3856
vn -0.8458 -0.3269 -0.4216
vn -0.8711 -0.1812 -0.4565
vn -0.8695 -0.0389 -0.4924
vn -0.8411 0.1049 -0.5306
vn -0.7802 0.2536 -0.5718
vn -0.6771 0.4058 -0.6139
vn -0.6794 0.3995 -0.6155
vn -0.6823 0.3959 -0.6146
vn -0.6860 0.3960 -0.6104
vn -0.6910 0.4010 -0.6014
vn -0.6979 0.4118 -0.5859
vn -0.7074 0.4294 -0.5614
vn -0.4299 -0.9028 0.0160
vn -0.2524 -0.9673 0.0245
vn -0.0830 -0.9961 0.0284
vn 0.0830 -0.9961 0.0284
vn 0.2524 -0.9673 0.0245
vn 0.4299 -0.9028 0.0160
vn -0.4284 -0.9036 -0.0007
vn -0.2515 -0.9678 0.0089
vn -0.0828 -0.9965 0.0134
vn 0.0828 -0.9965 0.0134
vn 0.2515 -0.9678 0.0090
vn 0.4284 -0.9036 -0.0006
vn -0.4260 -0.9044 -0.0228
vn -0.2502 -0.9681 -0.0117
vn -0.0823 -0.9966 -0.0066
vn 0.0823 -0.9966 -0.0066
vn 0.2502 -0.9681 -0.0118
vn 0.4261 -0.9044 -0.0228
vn -0.4227 -0.9049 -0.0486
vn -0.2483 -0.9680 -0.0360
vn -0.0817 -0.9962 -0.0300
vn 0.0817 -0.9962 -0.0300
vn 0.2483 -0.9680 -0.0360
vn 0.4227 -0.9049 -0.0486
vn -0.4184 -0.9050 -0.0767
vn -0.2458 -0.9673 -0.0623
vn -0.0809 -0.9952 -0.0556
vn 0.0809 -0.9952 -0.0556
vn 0.2458 -0.9673 -0.0623
vn 0.4184 -0.9050 -0.0767
vn -0.4132 -0.9045 -0.1057
vn -0.2429 -0.9659 -0.0897
vn -0.0799 -0.9934 -0.0821
vn 0.0800 -0.9934 -0.0821
vn 0.2428 -0.9659 -0.0896
vn 0.4132 -0.9045 -0.1057
vn -0.6147 -0.7887 0.0119
vn -0.4307 -0.9022 0.0250
vn -0.2529 -0.9669 0.0329
vn -0.0832 -0.9959 0.0366
vn 0.0832 -0.9959 0.0366
vn 0.2529 -0.9669 0.0329
vn 0.4306 -0.9022 0.0250
vn 0.6147 -0.7886 0.0119
vn 0.6136 -0.7896 0.0019
vn 0.6115 -0.7911 -0.0164
vn 0.6082 -0.7928 -0.0408
vn 0.6034 -0.7945 -0.0691
vn 0.5971 -0.7960 -0.0997
vn 0.5894 -0.7971 -0.1313
vn 0.5806 -0.7978 -0.1627
vn 0.4072 -0.9033 -0.1347
vn 0.2394 -0.9638 -0.1171
vn 0.0789 -0.9909 -0.1088
vn -0.0788 -0.9909 -0.1088
vn -0.2394 -0.9638 -0.1171
vn -0.4072 -0.9033 -0.1347
vn -0.5806 -0.7978 -0.1627
vn -0.5894 -0.7971 -0.1313
vn -0.5971 -0.7960 -0.0997
vn -0.6034 -0.7945 -0.0691
vn -0.6082 -0.7928 -0.0408
vn -0.6115 -0.7911 -0.0164
vn -0.6136 -0.7896 0.0019
vn 0.8970 -0.4404 -0.0383
vn 0.9629 -0.2637 -0.0581
vn 0.9925 -0.0948 -0.0773
vn 0.9928 0.0709 -0.0966
vn 0.9638 0.2399 -0.1166
vn 0.8985 0.4169 -0.1377
vn 0.8942 -0.4436 -0.0608
vn 0.9600 -0.2677 -0.0826
vn 0.9896 -0.0995 -0.1039
vn 0.9900 0.0655 -0.1253
vn 0.9610 0.2337 -0.1477
vn 0.8959 0.4099 -0.1713
vn 0.8895 -0.4480 -0.0905
vn 0.9550 -0.2733 -0.1150
vn 0.9846 -0.1064 -0.1390
vn 0.9849 0.0574 -0.1633
vn 0.9560 0.2243 -0.1888
vn 0.8912 0.3991 -0.2159
vn 0.8825 -0.4534 -0.1251
vn 0.9476 -0.2806 -0.1527
vn 0.9769 -0.1154 -0.1798
vn 0.9771 0.0466 -0.2074
vn 0.9483 0.2115 -0.2365
vn 0.8837 0.3841 -0.2675
vn 0.8732 -0.4596 -0.1623
vn 0.9376 -0.2892 -0.1931
vn 0.9665 -0.1264 -0.2235
vn 0.9665 0.0332 -0.2546
vn 0.9376 0.1955 -0.2875
vn 0.8733 0.3651 -0.3225
vn 0.8616 -0.4663 -0.2003
vn 0.9251 -0.2989 -0.2342
vn 0.9534 -0.1389 -0.2678
vn 0.9530 0.0177 -0.3024
vn 0.9241 0.1767 -0.3389
vn 0.8601 0.3427 -0.3779
vn 0.7834 -0.6215 -0.0064
vn 0.8984 -0.4385 -0.0258
vn 0.9642 -0.2614 -0.0445
vn 0.9938 -0.0922 -0.0626
vn 0.9940 0.0738 -0.0806
vn 0.9649 0.2431 -0.0993
vn 0.8995 0.4204 -0.1191
vn 0.7848 0.6038 -0.1393
vn 0.7839 0.6000 -0.1594
vn 0.7817 0.5922 -0.1955
vn 0.7775 0.5799 -0.2434
vn 0.7708 0.5626 -0.2989
vn 0.7614 0.5405 -0.3580
vn 0.7494 0.5141 -0.4173
vn 0.7352 0.4845 -0.4741
vn 0.8445 0.3177 -0.4311
vn 0.9081 0.1560 -0.3887
vn 0.9372 0.0007 -0.3488
vn 0.9381 -0.1525 -0.3111
vn 0.9105 -0.3091 -0.2745
vn 0.8482 -0.4733 -0.2377
vn 0.7395 -0.6428 -0.1997
vn 0.7510 -0.6392 -0.1652
vn 0.7610 -0.6354 -0.1305
vn 0.7692 -0.6317 -0.0966
vn 0.7753 -0.6282 -0.0651
vn 0.7795 -0.6252 -0.0381
vn 0.7821 -0.6229 -0.0177
vn 0.4313 0.8819 -0.1903
vn 0.2533 0.9472 -0.1968
vn 0.0833 0.9763 -0.1995
vn -0.0833 0.9763 -0.1995
vn -0.2533 0.9472 -0.1968
vn -0.4313 0.8819 -0.1903
vn 0.4301 0.8731 -0.2296
vn 0.2527 0.9382 -0.2366
vn 0.0831 0.9673 -0.2396
vn -0.0831 0.9673 -0.2396
vn -0.2526 0.9382 -0.2366
vn -0.4301 0.8731 -0.2296
vn 0.4278 0.8588 -0.2819
vn 0.2513 0.9235 -0.2896
vn 0.0827 0.9526 -0.2929
vn -0.0827 0.9526 -0.2929
vn -0.2514 0.9235 -0.2896
vn -0.4278 0.8588 -0.2819
vn 0.4241 0.8383 -0.3426
vn 0.2492 0.9025 -0.3512
vn 0.0820 0.9313 -0.3549
vn -0.0820 0.9313 -0.3549
vn -0.2492 0.9025 -0.3512
vn -0.4241 0.8383 -0.3426
vn 0.4189 0.8116 -0.4071
vn 0.2461 0.8750 -0.4168
vn 0.0810 0.9035 -0.4209
vn -0.0810 0.9035 -0.4209
vn -0.2461 0.8750 -0.4168
vn -0.4189 0.8116 -0.4072
vn 0.4122 0.7795 -0.4717
vn 0.2422 0.8418 -0.4825
vn 0.0797 0.8698 -0.4870
vn -0.0797 0.8698 -0.4870
vn -0.2422 0.8418 -0.4825
vn -0.4121 0.7795 -0.4717
vn 0.6161 0.7718 -0.1572
vn 0.4318 0.8861 -0.1686
vn 0.2536 0.9514 -0.1748
vn 0.0835 0.9806 -0.1774
vn -0.0834 0.9806 -0.1774
vn -0.2536 0.9514 -0.1748
vn -0.4318 0.8861 -0.1686
vn -0.6162 0.7718 -0.1572
vn -0.6155 0.7677 -0.1783
vn -0.6137 0.7593 -0.2164
vn -0.6104 0.7457 -0.2671
vn -0.6051 0.7264 -0.3259
vn -0.5976 0.7015 -0.3884
vn -0.5880 0.6715 -0.4510
vn -0.5765 0.6377 -0.5108
vn -0.4041 0.7431 -0.5333
vn -0.2375 0.8041 -0.5450
vn -0.0782 0.8316 -0.5499
vn 0.0782 0.8316 -0.5499
vn 0.2375 0.8041 -0.5450
vn 0.4042 0.7431 -0.5333
vn 0.5765 0.6377 -0.5108
vn 0.5880 0.6715 -0.4510
vn 0.5976 0.7014 -0.3884
vn 0.6051 0.7264 -0.3259
vn 0.6104 0.7457 -0.2671
vn 0.6137 0.7593 -0.2164
vn 0.6155 0.7677 -0.1783
vn -0.8985 0.4169 -0.1377
vn -0.9638 0.2399 -0.1166
vn -0.9928 0.0709 -0.0966
vn -0.9925 -0.0948 -0.0773
vn -0.9629 -0.2637 -0.0581
vn -0.8970 -0.4404 -0.0383
vn -0.8959 0.4099 -0.1713
vn -0.9610 0.2337 -0.1477
vn -0.9900 0.0655 -0.1253
vn -0.9896 -0.0995 -0.1039
vn -0.9600 -0.2677 -0.0826
vn -0.8942 -0.4436 -0.0608
vn -0.8912 0.3990 -0.2159
vn -0.9560 0.2243 -0.1888
vn -0.9849 0.0574 -0.1633
vn -0.9846 -0.1064 -0.1390
vn -0.9550 -0.2733 -0.1150
vn -0.8895 -0.4480 -0.0905
vn -0.8837 0.3841 -0.2675
vn -0.9483 0.2115 -0.2365
vn -0.9771 0.0466 -0.2074
vn -0.9769 -0.1154 -0.1798
vn -0.9476 -0.2806 -0.1527
vn -0.8825 -0.4534 -0.1251
vn -0.8733 0.3651 -0.3225
vn -0.9376 0.1955 -0.2875
vn -0.9665 0.0332 -0.2546
vn -0.9665 -0.1264 -0.2235
vn -0.9376 -0.2892 -0.1931
vn -0.8732 -0.4596 -0.1623
vn -0.8601 0.3427 -0.3779
vn -0.9241 0.1767 -0.3389
vn -0.9530 0.0177 -0.3024
vn -0.9534 -0.1389 -0.2678
vn -0.9251 -0.2989 -0.2342
vn -0.8616 -0.4663 -0.2003
vn -0.7848 0.6038 -0.1393
vn -0.8995 0.4204 -0.1191
vn -0.9649 0.2431 -0.0993
vn -0.9940 0.0738 -0.0806
vn -0.9938 -0.0922 -0.0626
vn -0.9642 -0.2614 -0.0445
vn -0.8984 -0.4385 -0.0258
vn -0.7834 -0.6215 -0.0064
vn -0.7821 -0.6229 -0.0177
vn -0.7795 -0.6252 -0.0381
vn -0.7753 -0.6282 -0.0651
vn -0.7692 -0.6317 -0.0966
vn -0.7610 -0.6354 -0.1305
vn -0.7510 -0.6392 -0.1652
vn -0.7395 -0.6428 -0.1997
vn -0.8482 -0.4733 -0.2377
vn -0.9105 -0.3091 -0.2745
vn -0.9381 -0.1525 -0.3111
vn -0.9372 0.0007 -0.3488
vn -0.9081 0.1560 -0.3887
vn -0.8445 0.3177 -0.4311
vn -0.7352 0.4845 -0.4741
vn -0.7494 0.5141 -0.4173
vn -0.7614 0.5405 -0.3580
vn -0.7708 0.5626 -0.2989
vn -0.7775 0.5799 -0.2434
vn -0.7817 0.5922 -0.1955
vn -0.7839 0.6000 -0.1594
vn -0.4316 -0.9017 0.0241
vn -0.2535 -0.9668 0.0316
vn -0.0834 -0.9959 0.0351
vn 0.0834 -0.9959 0.0351
vn 0.2535 -0.9668 0.0316
vn 0.4317 -0.9017 0.0241
vn -0.4316 -0.9017 0.0243
vn -0.2535 -0.9668 0.0319
vn -0.0834 -0.9959 0.0354
vn 0.0834 -0.9959 0.0353
vn 0.2535 -0.9668 0.0319
vn 0.4316 -0.9017 0.0243
vn -0.4316 -0.9017 0.0246
vn -0.2535 -0.9668 0.0322
vn -0.0834 -0.9959 0.0357
vn 0.0834 -0.9959 0.0357
vn 0.2535 -0.9668 0.0322
vn 0.4316 -0.9017 0.0246
vn -0.4315 -0.9018 0.0250
vn -0.2534 -0.9668 0.0326
vn -0.0834 -0.9959 0.0361
vn 0.0834 -0.9959 0.0361
vn 0.2534 -0.9668 0.0326
vn 0.4315 -0.9018 0.0250
vn -0.4314 -0.9018 0.0254
vn -0.2534 -0.9668 0.0330
vn -0.0834 -0.9958 0.0365
vn 0.0834 -0.9959 0.0365
vn 0.2534 -0.9668 0.0330
vn 0.4314 -0.9018 0.0254
vn -0.4312 -0.9019 0.0258
vn -0.2533 -0.9668 0.0335
vn -0.0833 -0.9958 0.0371
vn 0.0833 -0.9958 0.0371
vn 0.2533 -0.9668 0.0335
vn 0.4312 -0.9019 0.0258
vn -0.6159 -0.7877 0.0114
vn -0.4316 -0.9017 0.0240
vn -0.2535 -0.9668 0.0315
vn -0.0834 -0.9959 0.0350
vn 0.0834 -0.9959 0.0350
vn 0.2535 -0.9668 0.0315
vn 0.4317 -0.9017 0.0240
vn 0.6159 -0.7877 0.0114
vn 0.6159 -0.7877 0.0115
vn 0.6159 -0.7877 0.0116
vn 0.6159 -0.7877 0.0119
vn 0.6158 -0.7878 0.0122
vn 0.6156 -0.7879 0.0126
vn 0.6154 -0.7881 0.0130
vn 0.6152 -0.7883 0.0134
vn 0.4310 -0.9020 0.0263
vn 0.2531 -0.9668 0.0340
vn 0.0832 -0.9958 0.0376
vn -0.0833 -0.9958 0.0376
vn -0.2531 -0.9668 0.0340
vn -0.4310 -0.9020 0.0263
vn -0.6152 -0.7883 0.0134
vn -0.6154 -0.7881 0.0130
vn -0.6156 -0.7879 0.0126
vn -0.6158 -0.7878 0.0122
vn -0.6159 -0.7878 0.0119
vn -0.6159 -0.7877 0.0116
vn -0.6159 -0.7877 0.0115
vn 0.8993 -0.4367 -0.0249
vn 0.9648 -0.2594 -0.0428
vn 0.9941 -0.0902 -0.0602
vn 0.9941 0.0757 -0.0777
vn 0.9648 0.2448 -0.0959
vn 0.8993 0.4219 -0.1152
vn 0.8993 -0.4367 -0.0248
vn 0.9648 -0.2595 -0.0428
vn 0.9941 -0.0903 -0.0602
vn 0.8993 0.4219 -0.1153
vn 0.8992 -0.4368 -0.0246
vn 0.9648 -0.2596 -0.0427
vn 0.9941 0.0756 -0.0777
vn 0.9648 0.2447 -0.0960
vn 0.8993 0.4218 -0.1153
vn 0.8992 -0.4369 -0.0245
vn 0.9648 -0.2597 -0.0426
vn 0.9941 -0.0905 -0.0602
vn 0.9941 0.0755 -0.0777
vn 0.9649 0.2446 -0.0960
vn 0.8993 0.4217 -0.1154
vn 0.8991 -0.4371 -0.0243
vn 0.9647 -0.2599 -0.0425
vn 0.9941 -0.0907 -0.0601
vn 0.9941 0.0753 -0.0777
vn 0.9649 0.2445 -0.0961
vn 0.8994 0.4216 -0.1155
vn 0.8990 -0.4374 -0.0240
vn 0.9646 -0.2602 -0.0423
vn 0.9940 -0.0910 -0.0600
vn 0.9941 0.0750 -0.0777
vn 0.9649 0.2442 -0.0961
vn 0.8995 0.4214 -0.1156
vn 0.7846 -0.6200 -0.0063
vn 0.8993 -0.4366 -0.0249
vn 0.9648 -0.2594 -0.0429
vn 0.7846 0.6051 -0.1351
vn 0.7846 0.6051 -0.1352
vn 0.7846 0.6050 -0.1353
vn 0.7847 0.6049 -0.1354
vn 0.7848 0.6048 -0.1355
vn 0.7849 0.6046 -0.1356
vn 0.8996 0.4212 -0.1157
vn 0.9650 0.2439 -0.0962
vn 0.9942 0.0746 -0.0777
vn 0.9940 -0.0914 -0.0600
vn 0.9645 -0.2606 -0.0422
vn 0.8988 -0.4378 -0.0238
vn 0.7839 -0.6209 -0.0047
vn 0.7841 -0.6206 -0.0050
vn 0.7843 -0.6203 -0.0053
vn 0.7844 -0.6202 -0.0056
vn 0.7845 -0.6201 -0.0059
vn 0.7846 -0.6200 -0.0061
vn 0.7846 -0.6200 -0.0062
vn 0.4317 0.8870 -0.1641
vn 0.2535 0.9522 -0.1703
vn 0.0834 0.9814 -0.1729
vn -0.0834 0.9814 -0.1729
vn -0.2536 0.9522 -0.1703
vn -0.4317 0.8870 -0.1641
vn 0.4316 0.8870 -0.1642
vn 0.2536 0.9522 -0.1703
vn 0.0834 0.9814 -0.1730
vn -0.0834 0.9814 -0.1730
vn 0.4317 0.8870 -0.1642
vn 0.2535 0.9522 -0.1704
vn -0.2535 0.9522 -0.1704
vn -0.4317 0.8870 -0.1642
vn 0.4317 0.8869 -0.1643
vn 0.2536 0.9522 -0.1704
vn 0.0834 0.9814 -0.1731
vn -0.0834 0.9814 -0.1731
vn -0.2535 0.9522 -0.1705
vn -0.4317 0.8869 -0.1643
vn 0.4317 0.8869 -0.1644
vn 0.2536 0.9522 -0.1705
vn 0.0834 0.9814 -0.1732
vn -0.0834 0.9814 -0.1732
vn -0.2536 0.9522 -0.1705
vn -0.4317 0.8869 -0.1644
vn 0.4318 0.8869 -0.1645
vn 0.2536 0.9522 -0.1706
vn 0.0834 0.9813 -0.1733
vn -0.0834 0.9813 -0.1733
vn -0.2536 0.9521 -0.1706
vn -0.4317 0.8869 -0.1645
vn 0.6159 0.7729 -0.1527
vn 0.2535 0.9522 -0.1702
vn -0.2535 0.9522 -0.1702
vn -0.6159 0.7729 -0.1527
vn -0.6159 0.7728 -0.1528
vn -0.6160 0.7728 -0.1528
vn -0.6160 0.7728 -0.1529
vn -0.6160 0.7727 -0.1530
vn -0.6161 0.7726 -0.1531
vn -0.6162 0.7725 -0.1533
vn -0.4318 0.8868 -0.1646
vn -0.2536 0.9521 -0.1707
vn -0.0834 0.9813 -0.1734
vn 0.0835 0.9813 -0.1734
vn 0.2536 0.9521 -0.1707
vn 0.4318 0.8868 -0.1646
vn 0.6162 0.7726 -0.1533
vn 0.6161 0.7726 -0.1532
vn 0.6160 0.7727 -0.1530
vn 0.6160 0.7728 -0.1529
vn 0.6160 0.7728 -0.1528
vn -0.8993 0.4219 -0.1152
vn -0.9648 0.2448 -0.0959
vn -0.9941 0.0757 -0.0777
vn -0.9941 -0.0902 -0.0602
vn -0.9648 -0.2594 -0.0428
vn -0.8993 -0.4367 -0.0249
vn -0.8993 0.4219 -0.1153
vn -0.9941 -0.0903 -0.0602
vn -0.9648 -0.2595 -0.0428
vn -0.8993 -0.4367 -0.0248
vn -0.8993 0.4218 -0.1153
vn -0.9648 0.2447 -0.0960
vn -0.9941 0.0756 -0.0777
vn -0.9648 -0.2596 -0.0427
vn -0.8992 -0.4368 -0.0246
vn -0.8993 0.4217 -0.1154
vn -0.9648 0.2446 -0.0960
vn -0.9941 0.0755 -0.0777
vn -0.9941 -0.0905 -0.0602
vn -0.9647 -0.2597 -0.0426
vn -0.8992 -0.4369 -0.0245
vn -0.8994 0.4216 -0.1155
vn -0.9649 0.2445 -0.0961
vn -0.9941 0.0753 -0.0777
vn -0.9941 -0.0907 -0.0601
vn -0.9647 -0.2599 -0.0425
vn -0.8991 -0.4371 -0.0243
vn -0.8995 0.4214 -0.1156
vn -0.9649 0.2442 -0.0961
vn -0.9941 0.0750 -0.0777
vn -0.9940 -0.0910 -0.0600
vn -0.9646 -0.2602 -0.0423
vn -0.8990 -0.4374 -0.0240
vn -0.7846 0.6051 -0.1351
vn -0.9648 -0.2594 -0.0429
vn -0.8993 -0.4366 -0.0249
vn -0.7846 -0.6200 -0.0063
vn -0.7846 -0.6200 -0.0062
vn -0.7846 -0.6200 -0.0061
vn -0.7845 -0.6201 -0.0059
vn -0.7844 -0.6202 -0.0056
vn -0.7843 -0.6204 -0.0053
vn -0.7841 -0.6206 -0.0050
vn -0.7839 -0.6209 -0.0047
vn -0.8988 -0.4378 -0.0238
vn -0.9645 -0.2606 -0.0422
vn -0.9940 -0.0914 -0.0600
vn -0.9942 0.0746 -0.0777
vn -0.9650 0.2439 -0.0962
vn -0.8996 0.4212 -0.1157
vn -0.7849 0.6046 -0.1356
vn -0.7848 0.6048 -0.1355
vn -0.7847 0.6049 -0.1354
vn -0.7846 0.6050 -0.1353
vn -0.7846 0.6050 -0.1352
vn -0.4317 -0.9017 0.0240
vn 0.0834 -0.9959 0.0349
vn 0.2536 -0.9668 0.0315
vn 0.4316 -0.9017 0.0239
vn -0.4316 -0.9017 0.0239
vn -0.0835 -0.9959 0.0350
vn 0.0835 -0.9959 0.0350
vn -0.0834 -0.9959 0.0349
vn 0.4316 -0.9017 0.0240
vn -0.4317 -0.9017 0.0239
vn 0.4317 -0.9017 0.0239
vn -0.6159 -0.7877 0.0113
vn 0.6159 -0.7877 0.0113
vn 0.9648 0.2449 -0.0959
vn 0.9941 -0.0902 -0.0603
vn 0.7846 0.6052 -0.1351
vn 0.0834 0.9814 -0.1728
vn -0.0834 0.9814 -0.1728
vn -0.2536 0.9522 -0.1702
vn 0.4316 0.8870 -0.1641
vn 0.2536 0.9522 -0.1702
vn -0.4316 0.8870 -0.1640
vn 0.4317 0.8870 -0.1640
vn -0.4316 0.8870 -0.1641
vn 0.6159 0.7728 -0.1527
vn -0.2535 0.9522 -0.1703
vn 0.6160 0.7728 -0.1527
vn -0.9648 0.2449 -0.0959
vn -0.9941 -0.0902 -0.0603
vn -0.7846 0.6051 -0.1350
vn -0.7846 0.6052 -0.1351
vn -0.2536 -0.9668 0.0315
vn 0.6160 -0.7877 0.0113
vn 0.6160 -0.7877 0.0114
vn -0.6160 -0.7877 0.0113
vn -0.6160 -0.7877 0.0114
vn 0.7846 0.6051 -0.1350
vn 0.2535 0.9523 -0.1702
vn -0.0835 0.9814 -0.1729
vn -0.4317 0.8870 -0.1640
vn 0.0835 0.9814 -0.1729
vn -0.6160 0.7728 -0.1527
vn -0.7845 0.6052 -0.1350
vn -0.0835 -0.9959 0.0349
vn 0.0835 -0.9959 0.0349
vn -0.2535 -0.9668 0.0314
vn 0.7845 0.6052 -0.1351
vn -0.8993 0.4220 -0.1152
vn 0.7846 0.6052 -0.1350
vn 0.4316 0.8870 -0.1640
vn -0.7845 0.6052 -0.1351
vn -0.4099 -0.8417 -0.3516
vn -0.2517 -0.8999 -0.3562
vn -0.0873 -0.9295 -0.3584
vn 0.0873 -0.9295 -0.3584
vn 0.2517 -0.8998 -0.3562
vn 0.4098 -0.8417 -0.3516
vn -0.4205 -0.8767 -0.2335
vn -0.2530 -0.9404 -0.2274
vn -0.0855 -0.9709 -0.2238
vn 0.0855 -0.9709 -0.2238
vn 0.2530 -0.9403 -0.2274
vn 0.4205 -0.8767 -0.2335
vn -0.4261 -0.8937 -0.1403
vn -0.2529 -0.9588 -0.1297
vn -0.0841 -0.9887 -0.1239
vn 0.0841 -0.9887 -0.1239
vn 0.2530 -0.9587 -0.1297
vn 0.4261 -0.8937 -0.1404
vn -0.4288 -0.9009 -0.0680
vn -0.2527 -0.9658 -0.0586
vn -0.0834 -0.9951 -0.0538
vn 0.0834 -0.9951 -0.0538
vn 0.2527 -0.9658 -0.0586
vn 0.4287 -0.9009 -0.0680
vn -0.4303 -0.9025 -0.0199
vn -0.2529 -0.9674 -0.0117
vn -0.0833 -0.9965 -0.0077
vn 0.0833 -0.9965 -0.0077
vn 0.2529 -0.9674 -0.0117
vn 0.4303 -0.9024 -0.0199
vn -0.4312 -0.9022 0.0086
vn -0.2533 -0.9673 0.0163
vn -0.0834 -0.9963 0.0199
vn 0.0834 -0.9963 0.0199
vn 0.2533 -0.9673 0.0163
vn 0.4312 -0.9022 0.0085
vn -0.5306 -0.7088 -0.4648
vn -0.3992 -0.7717 -0.4950
vn -0.2520 -0.8195 -0.5147
vn -0.0896 -0.8463 -0.5251
vn 0.0895 -0.8463 -0.5251
vn 0.2521 -0.8195 -0.5146
vn 0.3992 -0.7717 -0.4951
vn 0.5306 -0.7088 -0.4648
vn 0.5664 -0.7463 -0.3497
vn 0.5889 -0.7706 -0.2438
vn 0.6022 -0.7831 -0.1550
vn 0.6098 -0.7883 -0.0821
vn 0.6135 -0.7890 -0.0331
vn 0.6152 -0.7883 -0.0042
vn 0.6158 -0.7878 0.0092
vn 0.4316 -0.9018 0.0218
vn 0.2535 -0.9669 0.0294
vn 0.0834 -0.9960 0.0329
vn -0.0834 -0.9960 0.0329
vn -0.2535 -0.9669 0.0294
vn -0.4316 -0.9018 0.0218
vn -0.6158 -0.7878 0.0092
vn -0.6152 -0.7883 -0.0042
vn -0.6135 -0.7890 -0.0331
vn -0.6098 -0.7883 -0.0821
vn -0.6022 -0.7831 -0.1550
vn -0.5889 -0.7706 -0.2438
vn -0.5663 -0.7463 -0.3497
vn 0.8003 -0.4533 -0.3924
vn 0.8577 -0.2973 -0.4196
vn 0.8869 -0.1342 -0.4419
vn 0.8869 0.0394 -0.4602
vn 0.8577 0.2035 -0.4722
vn 0.8003 0.3618 -0.4781
vn 0.8475 -0.4521 -0.2782
vn 0.9114 -0.2855 -0.2963
vn 0.9422 -0.1188 -0.3133
vn 0.9422 0.0511 -0.3312
vn 0.9114 0.2177 -0.3492
vn 0.8475 0.3843 -0.3661
vn 0.8742 -0.4481 -0.1872
vn 0.9399 -0.2756 -0.2015
vn 0.9704 -0.1073 -0.2165
vn 0.9704 0.0599 -0.2341
vn 0.9399 0.2276 -0.2544
vn 0.8742 0.3994 -0.2762
vn 0.8888 -0.4433 -0.1161
vn 0.9544 -0.2679 -0.1319
vn 0.9840 -0.0994 -0.1479
vn 0.9840 0.0665 -0.1653
vn 0.9544 0.2347 -0.1847
vn 0.8888 0.4095 -0.2057
vn 0.8954 -0.4399 -0.0686
vn 0.9609 -0.2633 -0.0857
vn 0.9902 -0.0945 -0.1026
vn 0.9902 0.0711 -0.1200
vn 0.9609 0.2398 -0.1386
vn 0.8954 0.4160 -0.1585
vn 0.8982 -0.4378 -0.0402
vn 0.9637 -0.2608 -0.0580
vn 0.9929 -0.0917 -0.0752
vn 0.9929 0.0741 -0.0926
vn 0.9637 0.2430 -0.1109
vn 0.8982 0.4199 -0.1304
vn 0.6564 -0.5837 -0.4780
vn 0.7157 -0.4569 -0.5282
vn 0.7612 -0.3132 -0.5679
vn 0.7868 -0.1529 -0.5980
vn 0.7868 0.0252 -0.6167
vn 0.7612 0.1882 -0.6206
vn 0.7158 0.3371 -0.6116
vn 0.6563 0.4716 -0.5890
vn 0.7057 0.5187 -0.4827
vn 0.7408 0.5519 -0.3828
vn 0.7627 0.5743 -0.2976
vn 0.7754 0.5893 -0.2269
vn 0.7812 0.5981 -0.1789
vn 0.7836 0.6028 -0.1504
vn 0.7845 0.6048 -0.1372
vn 0.8991 0.4216 -0.1173
vn 0.9647 0.2446 -0.0980
vn 0.9940 0.0755 -0.0798
vn 0.9940 -0.0904 -0.0623
vn 0.9647 -0.2596 -0.0450
vn 0.8991 -0.4368 -0.0271
vn 0.7845 -0.6201 -0.0084
vn 0.7836 -0.6209 -0.0218
vn 0.7812 -0.6222 -0.0506
vn 0.7754 -0.6236 -0.0994
vn 0.7626 -0.6236 -0.1717
vn 0.7409 -0.6194 -0.2597
vn 0.7056 -0.6078 -0.3643
vn 0.4099 0.7502 -0.5189
vn 0.2518 0.8061 -0.5355
vn 0.0872 0.8347 -0.5437
vn -0.0872 0.8347 -0.5438
vn -0.2518 0.8061 -0.5355
vn -0.4098 0.7502 -0.5189
vn 0.4205 0.8090 -0.4107
vn 0.2530 0.8725 -0.4180
vn 0.0854 0.9031 -0.4208
vn -0.0854 0.9031 -0.4208
vn -0.2530 0.8725 -0.4180
vn -0.4205 0.8090 -0.4107
vn 0.4261 0.8450 -0.3231
vn 0.2530 0.9108 -0.3262
vn 0.0841 0.9414 -0.3267
vn -0.0841 0.9414 -0.3267
vn -0.2530 0.9108 -0.3263
vn -0.4261 0.8450 -0.3231
vn 0.4288 0.8670 -0.2538
vn 0.2527 0.9325 -0.2581
vn 0.0834 0.9621 -0.2595
vn -0.0834 0.9621 -0.2595
vn -0.2527 0.9325 -0.2581
vn -0.4287 0.8670 -0.2538
vn 0.4303 0.8786 -0.2071
vn 0.2529 0.9438 -0.2126
vn 0.0833 0.9731 -0.2148
vn -0.0833 0.9731 -0.2147
vn -0.2529 0.9439 -0.2126
vn -0.4303 0.8786 -0.2071
vn 0.4312 0.8843 -0.1792
vn 0.2533 0.9495 -0.1852
vn 0.0834 0.9787 -0.1877
vn -0.0834 0.9787 -0.1877
vn -0.2533 0.9495 -0.1852
vn -0.4312 0.8843 -0.1792
vn 0.5304 0.5967 -0.6022
vn 0.3992 0.6518 -0.6448
vn 0.2521 0.6945 -0.6739
vn 0.0896 0.7186 -0.6897
vn -0.0896 0.7186 -0.6896
vn -0.2521 0.6946 -0.6738
vn -0.3992 0.6519 -0.6447
vn -0.5306 0.5966 -0.6021
vn -0.5663 0.6573 -0.4972
vn -0.5889 0.7030 -0.3987
vn -0.6023 0.7338 -0.3144
vn -0.6099 0.7540 -0.2442
vn -0.6135 0.7649 -0.1964
vn -0.6152 0.7702 -0.1680
vn -0.6159 0.7725 -0.1548
vn -0.4316 0.8866 -0.1662
vn -0.2536 0.9519 -0.1723
vn -0.0834 0.9810 -0.1750
vn 0.0834 0.9810 -0.1749
vn 0.2536 0.9519 -0.1723
vn 0.4316 0.8866 -0.1662
vn 0.6158 0.7725 -0.1548
vn 0.6152 0.7702 -0.1680
vn 0.6135 0.7649 -0.1964
vn 0.6099 0.7540 -0.2442
vn 0.6022 0.7338 -0.3144
vn 0.5889 0.7030 -0.3987
vn 0.5663 0.6573 -0.4972
vn -0.8003 0.3618 -0.4781
vn -0.8577 0.2035 -0.4722
vn -0.8870 0.0394 -0.4602
vn -0.8869 -0.1342 -0.4420
vn -0.8577 -0.2973 -0.4196
vn -0.8003 -0.4534 -0.3924
vn -0.8475 0.3843 -0.3661
vn -0.9114 0.2177 -0.3492
vn -0.9422 0.0511 -0.3312
vn -0.9422 -0.1188 -0.3134
vn -0.9114 -0.2855 -0.2963
vn -0.8475 -0.4521 -0.2782
vn -0.8742 0.3994 -0.2762
vn -0.9399 0.2276 -0.2544
vn -0.9704 0.0599 -0.2341
vn -0.9704 -0.1073 -0.2165
vn -0.9399 -0.2756 -0.2015
vn -0.8742 -0.4481 -0.1872
vn -0.8888 0.4095 -0.2057
vn -0.9544 0.2347 -0.1847
vn -0.9840 0.0665 -0.1653
vn -0.9840 -0.0994 -0.1479
vn -0.9544 -0.2679 -0.1319
vn -0.8888 -0.4433 -0.1161
vn -0.8954 0.4160 -0.1585
vn -0.9609 0.2397 -0.1386
vn -0.9902 0.0711 -0.1200
vn -0.9902 -0.0945 -0.1026
vn -0.9609 -0.2633 -0.0857
vn -0.8955 -0.4398 -0.0686
vn -0.8982 0.4199 -0.1304
vn -0.9637 0.2430 -0.1109
vn -0.9929 0.0741 -0.0926
vn -0.9929 -0.0917 -0.0752
vn -0.9637 -0.2608 -0.0580
vn -0.8982 -0.4378 -0.0402
vn -0.6564 0.4715 -0.5890
vn -0.7157 0.3372 -0.6116
vn -0.7612 0.1882 -0.6206
vn -0.7868 0.0252 -0.6167
vn -0.7868 -0.1529 -0.5980
vn -0.7612 -0.3131 -0.5679
vn -0.7158 -0.4569 -0.5281
vn -0.6564 -0.5837 -0.4780
vn -0.7057 -0.6077 -0.3643
vn -0.7409 -0.6194 -0.2597
vn -0.7626 -0.6236 -0.1717
vn -0.7753 -0.6237 -0.0994
vn -0.7812 -0.6222 -0.0506
vn -0.7836 -0.6209 -0.0218
vn -0.7845 -0.6201 -0.0084
vn -0.8991 -0.4368 -0.0271
vn -0.9647 -0.2596 -0.0450
vn -0.9940 -0.0904 -0.0623
vn -0.9940 0.0755 -0.0798
vn -0.9647 0.2446 -0.0980
vn -0.8991 0.4217 -0.1173
vn -0.7845 0.6048 -0.1372
vn -0.7836 0.6028 -0.1504
vn -0.7812 0.5981 -0.1789
vn -0.7754 0.5894 -0.2269
vn -0.7627 0.5743 -0.2976
vn -0.7408 0.5519 -0.3828
vn -0.7057 0.5187 -0.4827
vn -0.8347 -0.3206 -0.4478
vn -0.9096 -0.3149 -0.2711
vn -0.9457 -0.3094 -0.0999
vn -0.9491 -0.3074 0.0690
vn -0.9198 -0.3086 0.2423
vn -0.8513 -0.3087 0.4243
vn -0.8425 -0.3075 -0.4423
vn -0.9140 -0.3062 -0.2661
vn -0.9459 -0.3089 -0.0988
vn -0.9449 -0.3211 0.0640
vn -0.9109 -0.3407 0.2330
vn -0.8371 -0.3574 0.4142
vn -0.8519 -0.2880 -0.4375
vn -0.9202 -0.2892 -0.2639
vn -0.9475 -0.3022 -0.1042
vn -0.9408 -0.3355 0.0481
vn -0.8990 -0.3836 0.2113
vn -0.8145 -0.4267 0.3931
vn -0.8642 -0.2588 -0.4315
vn -0.9292 -0.2592 -0.2633
vn -0.9522 -0.2824 -0.1162
vn -0.9399 -0.3408 0.0203
vn -0.8869 -0.4276 0.1748
vn -0.7818 -0.5120 0.3559
vn -0.8818 -0.2125 -0.4210
vn -0.9444 -0.2014 -0.2600
vn -0.9666 -0.2211 -0.1298
vn -0.9562 -0.2924 -0.0154
vn -0.8956 -0.4285 0.1195
vn -0.7505 -0.5943 0.2891
vn -0.9069 -0.1339 -0.3996
vn -0.9654 -0.0902 -0.2448
vn -0.9880 -0.0768 -0.1340
vn -0.9904 -0.1281 -0.0518
vn -0.9488 -0.3135 0.0378
vn -0.7581 -0.6271 0.1790
vn -0.7001 -0.3351 -0.6305
vn -0.8271 -0.3289 -0.4558
vn -0.9063 -0.3170 -0.2795
vn -0.9465 -0.3046 -0.1062
vn -0.9534 -0.2944 0.0663
vn -0.9267 -0.2866 0.2430
vn -0.8599 -0.2795 0.4271
vn -0.7411 -0.2696 0.6149
vn -0.7315 -0.3008 0.6120
vn -0.7119 -0.3575 0.6045
vn -0.6772 -0.4404 0.5894
vn -0.6197 -0.5503 0.5596
vn -0.5303 -0.6843 0.5004
vn -0.4282 -0.8109 0.3989
vn -0.3648 -0.9144 0.1754
vn -0.9954 -0.0788 -0.0540
vn -0.9534 0.2916 -0.0769
vn -0.9462 0.3158 -0.0699
vn -0.9641 0.2435 -0.1056
vn -0.9712 0.1342 -0.1970
vn -0.9359 0.0141 -0.3520
vn -0.8230 -0.0904 -0.5607
vn -0.7859 -0.1784 -0.5921
vn -0.7607 -0.2284 -0.6076
vn -0.7434 -0.2612 -0.6157
vn -0.7308 -0.2851 -0.6201
vn -0.7207 -0.3041 -0.6230
vn -0.7111 -0.3202 -0.6259
vn -0.3754 -0.2485 0.8929
vn -0.2028 -0.2162 0.9551
vn -0.0406 -0.1858 0.9817
vn 0.1174 -0.1577 0.9805
vn 0.2789 -0.1303 0.9515
vn 0.4487 -0.1015 0.8879
vn -0.3519 -0.2852 0.8915
vn -0.1833 -0.2370 0.9540
vn -0.0265 -0.1942 0.9806
vn 0.1268 -0.1588 0.9791
vn 0.2859 -0.1281 0.9497
vn 0.4549 -0.0983 0.8851
vn -0.3085 -0.3430 0.8872
vn -0.1474 -0.2733 0.9506
vn -0.0008 -0.2133 0.9770
vn 0.1430 -0.1678 0.9754
vn 0.2969 -0.1324 0.9457
vn 0.4636 -0.1008 0.8803
vn -0.2403 -0.4191 0.8755
vn -0.0938 -0.3222 0.9420
vn 0.0371 -0.2426 0.9694
vn 0.1674 -0.1857 0.9682
vn 0.3133 -0.1449 0.9385
vn 0.4764 -0.1106 0.8723
vn -0.1425 -0.5024 0.8528
vn -0.0277 -0.3701 0.9286
vn 0.0813 -0.2749 0.9580
vn 0.1984 -0.2127 0.9568
vn 0.3363 -0.1687 0.9265
vn 0.4950 -0.1310 0.8590
vn -0.0270 -0.5784 0.8153
vn 0.0440 -0.4204 0.9063
vn 0.1284 -0.3195 0.9389
vn 0.2364 -0.2590 0.9365
vn 0.3688 -0.2131 0.9047
vn 0.5223 -0.1695 0.8357
vn -0.5686 -0.2530 0.7828
vn -0.3844 -0.2319 0.8936
vn -0.2102 -0.2094 0.9550
vn -0.0465 -0.1867 0.9813
vn 0.1127 -0.1632 0.9801
vn 0.2744 -0.1380 0.9517
vn 0.4441 -0.1101 0.8892
vn 0.6214 -0.0786 0.7795
vn 0.6258 -0.0703 0.7768
vn 0.6311 -0.0668 0.7728
vn 0.6384 -0.0684 0.7667
vn 0.6486 -0.0761 0.7573
vn 0.6633 -0.0924 0.7426
vn 0.6841 -0.1227 0.7190
vn 0.7129 -0.1792 0.6780
vn 0.5632 -0.2439 0.7895
vn 0.4182 -0.3024 0.8565
vn 0.2896 -0.3541 0.8892
vn 0.1818 -0.4041 0.8965
vn 0.1016 -0.4727 0.8753
vn 0.0520 -0.6023 0.7965
vn 0.0421 -0.8218 0.5682
vn -0.1482 -0.7454 0.6500
vn -0.3024 -0.6344 0.7114
vn -0.4180 -0.5103 0.7515
vn -0.4909 -0.4075 0.7701
vn -0.5348 -0.3304 0.7777
vn -0.5587 -0.2791 0.7810
vn 0.9024 -0.0139 0.4308
vn 0.9675 0.0023 0.2530
vn 0.9966 0.0102 0.0816
vn 0.9961 0.0100 -0.0873
vn 0.9658 0.0014 -0.2592
vn 0.8989 -0.0169 -0.4377
vn 0.9042 -0.0110 0.4269
vn 0.9681 0.0051 0.2506
vn 0.9966 0.0132 0.0811
vn 0.9962 0.0138 -0.0857
vn 0.9667 0.0068 -0.2558
vn 0.9014 -0.0089 -0.4329
vn 0.9067 -0.0109 0.4216
vn 0.9690 0.0058 0.2472
vn 0.9967 0.0147 0.0796
vn 0.9962 0.0164 -0.0853
vn 0.9672 0.0108 -0.2538
vn 0.9029 -0.0028 -0.4298
vn 0.9101 -0.0143 0.4142
vn 0.9702 0.0043 0.2421
vn 0.9969 0.0148 0.0769
vn 0.9961 0.0179 -0.0861
vn 0.9674 0.0137 -0.2529
vn 0.9038 0.0018 -0.4279
vn 0.9147 -0.0220 0.4036
vn 0.9720 0.0001 0.2349
vn 0.9973 0.0132 0.0726
vn 0.9960 0.0182 -0.0880
vn 0.9673 0.0156 -0.2531
vn 0.9043 0.0052 -0.4269
vn 0.9207 -0.0363 0.3886
vn 0.9743 -0.0083 0.2249
vn 0.9977 0.0091 0.0666
vn 0.9957 0.0171 -0.0910
vn 0.9670 0.0165 -0.2541
vn 0.9044 0.0075 -0.4267
vn 0.7864 -0.0461 0.6160
vn 0.9008 -0.0200 0.4338
vn 0.9671 -0.0028 0.2545
vn 0.9967 0.0055 0.0811
vn 0.9959 0.0047 -0.0902
vn 0.9643 -0.0059 -0.2646
vn 0.8952 -0.0277 -0.4449
vn 0.7770 -0.0619 -0.6264
vn 0.7838 -0.0460 -0.6192
vn 0.7884 -0.0343 -0.6143
vn 0.7913 -0.0256 -0.6109
vn 0.7931 -0.0189 -0.6088
vn 0.7942 -0.0138 -0.6075
vn 0.7948 -0.0102 -0.6068
vn 0.7952 -0.0082 -0.6063
vn 0.9043 0.0086 -0.4268
vn 0.9666 0.0160 -0.2557
vn 0.9954 0.0138 -0.0953
vn 0.9983 0.0010 0.0585
vn 0.9772 -0.0237 0.2111
vn 0.9281 -0.0622 0.3670
vn 0.8423 -0.1153 0.5266
vn 0.8263 -0.0755 0.5581
vn 0.8139 -0.0537 0.5785
vn 0.8047 -0.0417 0.5922
vn 0.7981 -0.0362 0.6015
vn 0.7932 -0.0355 0.6079
vn 0.7895 -0.0388 0.6125
vn 0.4419 -0.1241 -0.8884
vn 0.2747 -0.1616 -0.9478
vn 0.1172 -0.1967 -0.9734
vn -0.0364 -0.2293 -0.9727
vn -0.1937 -0.2594 -0.9461
vn -0.3611 -0.2863 -0.8875
vn 0.4482 -0.1044 -0.8878
vn 0.2798 -0.1391 -0.9499
vn 0.1201 -0.1723 -0.9777
vn -0.0363 -0.2042 -0.9783
vn -0.1967 -0.2350 -0.9519
vn -0.3673 -0.2639 -0.8919
vn 0.4525 -0.0897 -0.8873
vn 0.2834 -0.1220 -0.9512
vn 0.1223 -0.1537 -0.9805
vn -0.0360 -0.1848 -0.9821
vn -0.1988 -0.2155 -0.9560
vn -0.3723 -0.2448 -0.8952
vn 0.4553 -0.0784 -0.8869
vn 0.2858 -0.1091 -0.9521
vn 0.1239 -0.1394 -0.9825
vn -0.0359 -0.1696 -0.9849
vn -0.2009 -0.1994 -0.9591
vn -0.3776 -0.2276 -0.8976
vn 0.4571 -0.0700 -0.8866
vn 0.2875 -0.0992 -0.9526
vn 0.1250 -0.1284 -0.9838
vn -0.0361 -0.1575 -0.9869
vn -0.2036 -0.1858 -0.9613
vn -0.3842 -0.2110 -0.8988
vn 0.4584 -0.0639 -0.8864
vn 0.2889 -0.0923 -0.9529
vn 0.1259 -0.1205 -0.9847
vn -0.0367 -0.1482 -0.9883
vn -0.2074 -0.1737 -0.9627
vn -0.3938 -0.1932 -0.8986
vn 0.6093 -0.1060 -0.7859
vn 0.4328 -0.1508 -0.8888
vn 0.2676 -0.1923 -0.9442
vn 0.1135 -0.2296 -0.9666
vn -0.0359 -0.2626 -0.9642
vn -0.1886 -0.2910 -0.9380
vn -0.3519 -0.3140 -0.8818
vn -0.5281 -0.3298 -0.7825
vn -0.5397 -0.3080 -0.7835
vn -0.5485 -0.2886 -0.7847
vn -0.5566 -0.2699 -0.7857
vn -0.5658 -0.2505 -0.7856
vn -0.5781 -0.2280 -0.7834
vn -0.5961 -0.1986 -0.7780
vn -0.6242 -0.1528 -0.7662
vn -0.4087 -0.1706 -0.8966
vn -0.2132 -0.1622 -0.9635
vn -0.0377 -0.1415 -0.9892
vn 0.1268 -0.1157 -0.9852
vn 0.2903 -0.0883 -0.9529
vn 0.4596 -0.0605 -0.8861
vn 0.6345 -0.0330 -0.7722
vn 0.6338 -0.0359 -0.7727
vn 0.6328 -0.0408 -0.7732
vn 0.6312 -0.0476 -0.7742
vn 0.6286 -0.0566 -0.7757
vn 0.6245 -0.0685 -0.7780
vn 0.6184 -0.0844 -0.7813
vn -0.7927 -0.1672 -0.5862
vn -0.9094 -0.1542 -0.3864
vn -0.9680 -0.1713 -0.1832
vn -0.9767 -0.2142 0.0125
vn -0.9398 -0.2765 0.2008
vn -0.8544 -0.3513 0.3828
vn -0.7828 -0.2381 -0.5750
vn -0.8995 -0.2118 -0.3821
vn -0.9609 -0.2090 -0.1816
vn -0.9735 -0.2282 0.0163
vn -0.9409 -0.2650 0.2108
vn -0.8600 -0.3138 0.4023
vn -0.7833 -0.2830 -0.5535
vn -0.8958 -0.2510 -0.3669
vn -0.9563 -0.2365 -0.1717
vn -0.9705 -0.2401 0.0235
vn -0.9409 -0.2588 0.2183
vn -0.8639 -0.2882 0.4131
vn -0.7899 -0.3103 -0.5289
vn -0.8960 -0.2772 -0.3470
vn -0.9535 -0.2567 -0.1579
vn -0.9676 -0.2505 0.0324
vn -0.9400 -0.2568 0.2245
vn -0.8662 -0.2720 0.4191
vn -0.7993 -0.3255 -0.5052
vn -0.8981 -0.2946 -0.3264
vn -0.9516 -0.2722 -0.1430
vn -0.9646 -0.2604 0.0419
vn -0.9382 -0.2585 0.2300
vn -0.8672 -0.2636 0.4224
vn -0.8093 -0.3323 -0.4844
vn -0.9010 -0.3060 -0.3076
vn -0.9500 -0.2846 -0.1287
vn -0.9613 -0.2706 0.0512
vn -0.9355 -0.2638 0.2349
vn -0.8667 -0.2619 0.4246
vn -0.6462 -0.0858 -0.7583
vn -0.8163 -0.0591 -0.5746
vn -0.9265 -0.0715 -0.3695
vn -0.9779 -0.1205 -0.1707
vn -0.9802 -0.1975 0.0140
vn -0.9373 -0.2945 0.1866
vn -0.8459 -0.4032 0.3491
vn -0.7006 -0.5119 0.4971
vn -0.7141 -0.4290 0.5532
vn -0.7236 -0.3664 0.5849
vn -0.7312 -0.3214 0.6018
vn -0.7371 -0.2905 0.6101
vn -0.7415 -0.2710 0.6138
vn -0.7439 -0.2611 0.6151
vn -0.7441 -0.2599 0.6154
vn -0.8644 -0.2666 0.4262
vn -0.9318 -0.2727 0.2395
vn -0.9576 -0.2818 0.0596
vn -0.9483 -0.2954 -0.1162
vn -0.9038 -0.3133 -0.2917
vn -0.8187 -0.3330 -0.4678
vn -0.6861 -0.3490 -0.6383
vn -0.6699 -0.3575 -0.6508
vn -0.6524 -0.3582 -0.6678
vn -0.6353 -0.3488 -0.6890
vn -0.6212 -0.3254 -0.7129
vn -0.6143 -0.2817 -0.7371
vn -0.6206 -0.2072 -0.7562
vn -0.3414 -0.5318 0.7750
vn -0.1748 -0.5486 0.8176
vn -0.0229 -0.5506 0.8345
vn 0.1226 -0.5403 0.8325
vn 0.2706 -0.5173 0.8119
vn 0.4286 -0.4782 0.7666
vn -0.3521 -0.4347 0.8289
vn -0.1834 -0.4437 0.8772
vn -0.0289 -0.4414 0.8969
vn 0.1193 -0.4294 0.8952
vn 0.2699 -0.4071 0.8726
vn 0.4301 -0.3719 0.8226
vn -0.3615 -0.3616 0.8594
vn -0.1913 -0.3637 0.9117
vn -0.0347 -0.3575 0.9333
vn 0.1158 -0.3438 0.9319
vn 0.2686 -0.3219 0.9079
vn 0.4307 -0.2897 0.8547
vn -0.3699 -0.3082 0.8765
vn -0.1983 -0.3045 0.9316
vn -0.0398 -0.2948 0.9547
vn 0.1129 -0.2794 0.9535
vn 0.2679 -0.2575 0.9284
vn 0.4320 -0.2275 0.8727
vn -0.3770 -0.2707 0.8858
vn -0.2042 -0.2619 0.9432
vn -0.0438 -0.2490 0.9675
vn 0.1110 -0.2319 0.9664
vn 0.2681 -0.2098 0.9403
vn 0.4341 -0.1812 0.8825
vn -0.3823 -0.2462 0.8907
vn -0.2086 -0.2329 0.9499
vn -0.0466 -0.2170 0.9751
vn 0.1102 -0.1981 0.9740
vn 0.2693 -0.1753 0.9470
vn 0.4369 -0.1476 0.8873
vn -0.5116 -0.6010 0.6140
vn -0.3280 -0.6537 0.6819
vn -0.1650 -0.6787 0.7156
vn -0.0175 -0.6850 0.7284
vn 0.1237 -0.6764 0.7261
vn 0.2676 -0.6526 0.7088
vn 0.4223 -0.6094 0.6710
vn 0.5918 -0.5380 0.6002
vn 0.5998 -0.4167 0.6831
vn 0.6025 -0.3192 0.7315
vn 0.6044 -0.2440 0.7584
vn 0.6068 -0.1871 0.7726
vn 0.6099 -0.1447 0.7792
vn 0.6135 -0.1138 0.7814
vn 0.6174 -0.0924 0.7812
vn 0.4402 -0.1245 0.8892
vn 0.2713 -0.1521 0.9504
vn 0.1106 -0.1757 0.9782
vn -0.0477 -0.1966 0.9793
vn -0.2110 -0.2156 0.9534
vn -0.3852 -0.2330 0.8929
vn -0.5701 -0.2485 0.7831
vn -0.5678 -0.2562 0.7823
vn -0.5630 -0.2743 0.7796
vn -0.5562 -0.3042 0.7734
vn -0.5479 -0.3483 0.7606
vn -0.5383 -0.4102 0.7362
vn -0.5269 -0.4938 0.6918
vn 0.8920 -0.2342 0.3866
vn 0.9660 -0.1456 0.2135
vn 0.9969 -0.0707 0.0335
vn 0.9877 -0.0145 -0.1558
vn 0.9339 0.0167 -0.3571
vn 0.8253 0.0145 -0.5646
vn 0.8934 -0.1730 0.4146
vn 0.9665 -0.1068 0.2335
vn 0.9974 -0.0546 0.0477
vn 0.9892 -0.0208 -0.1449
vn 0.9380 -0.0108 -0.3465
vn 0.8337 -0.0309 -0.5514
vn 0.8941 -0.1259 0.4297
vn 0.9664 -0.0764 0.2454
vn 0.9975 -0.0405 0.0587
vn 0.9909 -0.0219 -0.1325
vn 0.9435 -0.0250 -0.3305
vn 0.8458 -0.0546 -0.5307
vn 0.8951 -0.0901 0.4368
vn 0.9663 -0.0527 0.2519
vn 0.9974 -0.0283 0.0668
vn 0.9925 -0.0196 -0.1206
vn 0.9492 -0.0299 -0.3132
vn 0.8589 -0.0631 -0.5082
vn 0.8963 -0.0633 0.4389
vn 0.9664 -0.0345 0.2549
vn 0.9972 -0.0178 0.0727
vn 0.9938 -0.0150 -0.1101
vn 0.9544 -0.0286 -0.2971
vn 0.8711 -0.0616 -0.4872
vn 0.8977 -0.0436 0.4384
vn 0.9665 -0.0207 0.2558
vn 0.9970 -0.0088 0.0768
vn 0.9948 -0.0090 -0.1015
vn 0.9587 -0.0232 -0.2834
vn 0.8814 -0.0536 -0.4693
vn 0.7612 -0.4319 0.4837
vn 0.8876 -0.3113 0.3395
vn 0.9639 -0.1939 0.1824
vn 0.9959 -0.0886 0.0159
vn 0.9867 -0.0012 -0.1626
vn 0.9323 0.0612 -0.3564
vn 0.8229 0.0886 -0.5612
vn 0.6522 0.0709 -0.7547
vn 0.6561 -0.0268 -0.7542
vn 0.6704 -0.0840 -0.7373
vn 0.6909 -0.1118 -0.7142
vn 0.7134 -0.1197 -0.6905
vn 0.7345 -0.1146 -0.6688
vn 0.7526 -0.1011 -0.6507
vn 0.7668 -0.0823 -0.6366
vn 0.8894 -0.0415 -0.4552
vn 0.9620 -0.0151 -0.2725
vn 0.9955 -0.0022 -0.0949
vn 0.9968 -0.0010 0.0795
vn 0.9667 -0.0103 0.2555
vn 0.8993 -0.0295 0.4364
vn 0.7834 -0.0579 0.6188
vn 0.7803 -0.0760 0.6208
vn 0.7773 -0.1019 0.6208
vn 0.7746 -0.1373 0.6173
vn 0.7725 -0.1848 0.6075
vn 0.7708 -0.2477 0.5870
vn 0.7683 -0.3293 0.5489
vn 0.2767 -0.1825 -0.9435
vn 0.1429 -0.2546 -0.9564
vn 0.0386 -0.3058 -0.9513
vn -0.0528 -0.3316 -0.9420
vn -0.1490 -0.3305 -0.9320
vn -0.2684 -0.3044 -0.9140
vn 0.2969 -0.2396 -0.9243
vn 0.1609 -0.3067 -0.9381
vn 0.0523 -0.3546 -0.9335
vn -0.0443 -0.3805 -0.9237
vn -0.1451 -0.3836 -0.9120
vn -0.2671 -0.3649 -0.8919
vn 0.3230 -0.2619 -0.9095
vn 0.1821 -0.3246 -0.9282
vn 0.0659 -0.3705 -0.9265
vn -0.0391 -0.3975 -0.9168
vn -0.1479 -0.4050 -0.9023
vn -0.2757 -0.3935 -0.8770
vn 0.3508 -0.2611 -0.8993
vn 0.2040 -0.3200 -0.9252
vn 0.0790 -0.3646 -0.9278
vn -0.0361 -0.3933 -0.9187
vn -0.1545 -0.4053 -0.9010
vn -0.2898 -0.4010 -0.8690
vn 0.3774 -0.2450 -0.8930
vn 0.2248 -0.3002 -0.9270
vn 0.0909 -0.3436 -0.9347
vn -0.0344 -0.3740 -0.9268
vn -0.1628 -0.3908 -0.9060
vn -0.3061 -0.3936 -0.8668
vn 0.4007 -0.2187 -0.8897
vn 0.2430 -0.2697 -0.9318
vn 0.1010 -0.3116 -0.9448
vn -0.0338 -0.3436 -0.9385
vn -0.1717 -0.3648 -0.9151
vn -0.3227 -0.3748 -0.8691
vn 0.4453 0.0098 -0.8953
vn 0.2665 -0.0729 -0.9611
vn 0.1306 -0.1500 -0.9800
vn 0.0255 -0.2054 -0.9783
vn -0.0661 -0.2317 -0.9705
vn -0.1632 -0.2267 -0.9602
vn -0.2853 -0.1925 -0.9389
vn -0.4490 -0.1383 -0.8828
vn -0.4273 -0.2589 -0.8663
vn -0.4250 -0.3282 -0.8436
vn -0.4355 -0.3654 -0.8227
vn -0.4528 -0.3814 -0.8059
vn -0.4729 -0.3825 -0.7937
vn -0.4932 -0.3726 -0.7861
vn -0.5120 -0.3539 -0.7827
vn -0.3384 -0.3468 -0.8747
vn -0.1806 -0.3299 -0.9266
vn -0.0344 -0.3047 -0.9518
vn 0.1086 -0.2718 -0.9562
vn 0.2574 -0.2319 -0.9381
vn 0.4193 -0.1856 -0.8887
vn 0.5957 -0.1341 -0.7919
vn 0.5769 -0.1605 -0.8009
vn 0.5534 -0.1807 -0.8131
vn 0.5262 -0.1914 -0.8286
vn 0.4976 -0.1872 -0.8470
vn 0.4713 -0.1605 -0.8672
vn 0.4523 -0.0999 -0.8863
vn 0.9136 -0.4002 -0.0716
vn 0.8940 -0.3515 -0.2777
vn 0.8218 -0.3347 -0.4610
vn 0.7005 -0.3579 -0.6174
vn 0.5335 -0.4218 -0.7331
vn 0.3412 -0.5104 -0.7893
vn 0.9154 -0.3997 -0.0482
vn 0.8856 -0.3854 -0.2591
vn 0.8032 -0.4007 -0.4408
vn 0.6729 -0.4495 -0.5875
vn 0.5028 -0.5251 -0.6867
vn 0.3172 -0.6073 -0.7284
vn 0.9181 -0.3955 -0.0248
vn 0.8849 -0.4033 -0.2328
vn 0.8009 -0.4376 -0.4087
vn 0.6715 -0.4991 -0.5477
vn 0.5055 -0.5780 -0.6407
vn 0.3257 -0.6539 -0.6829
vn 0.9211 -0.3892 -0.0043
vn 0.8886 -0.4101 -0.2057
vn 0.8081 -0.4546 -0.3746
vn 0.6846 -0.5222 -0.5085
vn 0.5254 -0.6019 -0.6013
vn 0.3493 -0.6742 -0.6508
vn 0.9239 -0.3824 0.0120
vn 0.8941 -0.4095 -0.1816
vn 0.8196 -0.4585 -0.3437
vn 0.7042 -0.5283 -0.4743
vn 0.5527 -0.6079 -0.5701
vn 0.3787 -0.6786 -0.6294
vn 0.9263 -0.3761 0.0233
vn 0.9000 -0.4044 -0.1627
vn 0.8323 -0.4536 -0.3186
vn 0.7258 -0.5229 -0.4470
vn 0.5818 -0.6020 -0.5468
vn 0.4089 -0.6726 -0.6168
vn 0.8548 -0.5075 0.1083
vn 0.9139 -0.3957 -0.0910
vn 0.9131 -0.2978 -0.2786
vn 0.8621 -0.2287 -0.4521
vn 0.7645 -0.2006 -0.6126
vn 0.6177 -0.2251 -0.7535
vn 0.4276 -0.3030 -0.8517
vn 0.2297 -0.4051 -0.8849
vn 0.1648 -0.5923 -0.7887
vn 0.1515 -0.6717 -0.7252
vn 0.1612 -0.7074 -0.6882
vn 0.1802 -0.7215 -0.6685
vn 0.2016 -0.7232 -0.6606
vn 0.2218 -0.7168 -0.6611
vn 0.2392 -0.7048 -0.6678
vn 0.4376 -0.6594 -0.6114
vn 0.6102 -0.5878 -0.5312
vn 0.7469 -0.5097 -0.4270
vn 0.8448 -0.4429 -0.3003
vn 0.9057 -0.3965 -0.1498
vn 0.9282 -0.3708 0.0297
vn 0.9012 -0.3589 0.2431
vn 0.9002 -0.3621 0.2418
vn 0.8981 -0.3707 0.2367
vn 0.8946 -0.3851 0.2266
vn 0.8894 -0.4059 0.2103
vn 0.8817 -0.4335 0.1862
vn 0.8706 -0.4678 0.1526
vn -0.0450 -0.6528 -0.7562
vn -0.1096 -0.6272 -0.7711
vn -0.1826 -0.5692 -0.8017
vn -0.2784 -0.4846 -0.8293
vn -0.4031 -0.3843 -0.8306
vn -0.5559 -0.2842 -0.7811
vn -0.0570 -0.7068 -0.7051
vn -0.1266 -0.6806 -0.7216
vn -0.2033 -0.6285 -0.7507
vn -0.2998 -0.5536 -0.7769
vn -0.4229 -0.4620 -0.7796
vn -0.5731 -0.3633 -0.7345
vn -0.0668 -0.7246 -0.6859
vn -0.1488 -0.6948 -0.7036
vn -0.2356 -0.6430 -0.7287
vn -0.3385 -0.5713 -0.7477
vn -0.4634 -0.4839 -0.7424
vn -0.6110 -0.3869 -0.6907
vn -0.0783 -0.7249 -0.6844
vn -0.1759 -0.6898 -0.7023
vn -0.2752 -0.6347 -0.7221
vn -0.3862 -0.5620 -0.7314
vn -0.5139 -0.4750 -0.7144
vn -0.6578 -0.3782 -0.6514
vn -0.0933 -0.7153 -0.6925
vn -0.2076 -0.6738 -0.7092
vn -0.3196 -0.6136 -0.7221
vn -0.4381 -0.5376 -0.7204
vn -0.5672 -0.4491 -0.6904
vn -0.7055 -0.3519 -0.6151
vn -0.1130 -0.6996 -0.7056
vn -0.2437 -0.6510 -0.7189
vn -0.3671 -0.5847 -0.7234
vn -0.4912 -0.5046 -0.7101
vn -0.6193 -0.4141 -0.6670
vn -0.7500 -0.3170 -0.5805
vn 0.0745 -0.4822 -0.8729
vn -0.0232 -0.5075 -0.8614
vn -0.0981 -0.4806 -0.8714
vn -0.1801 -0.4113 -0.8935
vn -0.2842 -0.3143 -0.9058
vn -0.4143 -0.2094 -0.8857
vn -0.5677 -0.1200 -0.8144
vn -0.7343 -0.0685 -0.6753
vn -0.7266 -0.2035 -0.6563
vn -0.7411 -0.2707 -0.6144
vn -0.7716 -0.2890 -0.5666
vn -0.8078 -0.2778 -0.5198
vn -0.8427 -0.2512 -0.4762
vn -0.8732 -0.2177 -0.4361
vn -0.8985 -0.1824 -0.3992
vn -0.7896 -0.2786 -0.5467
vn -0.6683 -0.3748 -0.6425
vn -0.5435 -0.4668 -0.6976
vn -0.4166 -0.5511 -0.7230
vn -0.2840 -0.6237 -0.7282
vn -0.1378 -0.6796 -0.7205
vn 0.0350 -0.7107 -0.7026
vn 0.0391 -0.7246 -0.6881
vn 0.0385 -0.7341 -0.6779
vn 0.0345 -0.7372 -0.6748
vn 0.0293 -0.7301 -0.6827
vn 0.0270 -0.7049 -0.7088
vn 0.0361 -0.6419 -0.7659
vn -0.9671 -0.1507 -0.2049
vn -0.9850 -0.1713 0.0201
vn -0.9535 -0.2116 0.2146
vn -0.8860 -0.2653 0.3803
vn -0.7867 -0.3283 0.5228
vn -0.6536 -0.3971 0.6444
vn -0.9732 -0.1594 -0.1656
vn -0.9868 -0.1507 0.0594
vn -0.9527 -0.1660 0.2547
vn -0.8843 -0.1984 0.4226
vn -0.7856 -0.2432 0.5690
vn -0.6536 -0.2966 0.6963
vn -0.9816 -0.1454 -0.1238
vn -0.9884 -0.1191 0.0945
vn -0.9513 -0.1183 0.2846
vn -0.8826 -0.1364 0.4498
vn -0.7851 -0.1685 0.5961
vn -0.6548 -0.2112 0.7257
vn -0.9891 -0.1195 -0.0863
vn -0.9890 -0.0841 0.1217
vn -0.9498 -0.0741 0.3038
vn -0.8819 -0.0832 0.4641
vn -0.7864 -0.1069 0.6084
vn -0.6587 -0.1423 0.7389
vn -0.9944 -0.0895 -0.0553
vn -0.9887 -0.0507 0.1414
vn -0.9486 -0.0358 0.3146
vn -0.8822 -0.0394 0.4691
vn -0.7898 -0.0576 0.6107
vn -0.6654 -0.0882 0.7413
vn -0.9977 -0.0598 -0.0304
vn -0.9877 -0.0206 0.1550
vn -0.9476 -0.0036 0.3195
vn -0.8836 -0.0040 0.4682
vn -0.7947 -0.0188 0.6067
vn -0.6744 -0.0463 0.7369
vn -0.8832 -0.0696 -0.4638
vn -0.9669 -0.1093 -0.2304
vn -0.9850 -0.1716 -0.0154
vn -0.9542 -0.2467 0.1693
vn -0.8865 -0.3293 0.3251
vn -0.7860 -0.4166 0.4568
vn -0.6513 -0.5054 0.5660
vn -0.4797 -0.5900 0.6495
vn -0.4825 -0.4666 0.7413
vn -0.4831 -0.3544 0.8006
vn -0.4855 -0.2608 0.8344
vn -0.4912 -0.1866 0.8508
vn -0.5006 -0.1293 0.8560
vn -0.5130 -0.0856 0.8541
vn -0.5280 -0.0524 0.8476
vn -0.6850 -0.0138 0.7284
vn -0.8007 0.0119 0.5990
vn -0.8856 0.0245 0.4638
vn -0.9469 0.0233 0.3208
vn -0.9863 0.0058 0.1647
vn -0.9994 -0.0321 -0.0101
vn -0.9742 -0.0951 -0.2045
vn -0.9636 -0.1262 -0.2357
vn -0.9494 -0.1575 -0.2716
vn -0.9315 -0.1854 -0.3129
vn -0.9110 -0.2031 -0.3590
vn -0.8918 -0.1992 -0.4062
vn -0.8808 -0.1588 -0.4460
vn -0.0978 -0.5660 0.8186
vn 0.0640 -0.5889 0.8057
vn 0.2094 -0.6005 0.7717
vn 0.3467 -0.6028 0.7186
vn 0.4834 -0.5953 0.6419
vn 0.6232 -0.5743 0.5309
vn -0.0942 -0.4464 0.8899
vn 0.0712 -0.4719 0.8788
vn 0.2203 -0.4882 0.8445
vn 0.3612 -0.4970 0.7890
vn 0.5008 -0.4984 0.7077
vn 0.6422 -0.4905 0.5890
vn -0.0935 -0.3493 0.9323
vn 0.0750 -0.3781 0.9227
vn 0.2274 -0.3992 0.8882
vn 0.3712 -0.4142 0.8311
vn 0.5132 -0.4234 0.7465
vn 0.6557 -0.4261 0.6233
vn -0.0969 -0.2747 0.9566
vn 0.0748 -0.3072 0.9487
vn 0.2305 -0.3332 0.9142
vn 0.3774 -0.3539 0.8557
vn 0.5218 -0.3698 0.7688
vn 0.6653 -0.3806 0.6423
vn -0.1046 -0.2193 0.9700
vn 0.0703 -0.2560 0.9641
vn 0.2295 -0.2869 0.9301
vn 0.3797 -0.3130 0.8705
vn 0.5268 -0.3345 0.7814
vn 0.6717 -0.3514 0.6522
vn -0.1169 -0.1793 0.9768
vn 0.0611 -0.2204 0.9735
vn 0.2238 -0.2565 0.9403
vn 0.3776 -0.2878 0.8801
vn 0.5278 -0.3144 0.7890
vn 0.6748 -0.3358 0.6572
vn -0.2822 -0.6585 0.6976
vn -0.1014 -0.6998 0.7071
vn 0.0551 -0.7208 0.6909
vn 0.1949 -0.7282 0.6570
vn 0.3269 -0.7243 0.6071
vn 0.4589 -0.7075 0.5375
vn 0.5959 -0.6724 0.4391
vn 0.7357 -0.6082 0.2979
vn 0.7613 -0.5330 0.3693
vn 0.7788 -0.4693 0.4162
vn 0.7909 -0.4203 0.4449
vn 0.7993 -0.3854 0.4610
vn 0.8050 -0.3630 0.4692
vn 0.8084 -0.3513 0.4724
vn 0.8093 -0.3487 0.4727
vn 0.6741 -0.3317 0.6600
vn 0.5240 -0.3069 0.7945
vn 0.3700 -0.2755 0.8873
vn 0.2124 -0.2387 0.9476
vn 0.0463 -0.1972 0.9793
vn -0.1340 -0.1511 0.9794
vn -0.3307 -0.1013 0.9383
vn -0.3132 -0.1331 0.9403
vn -0.2994 -0.1762 0.9377
vn -0.2897 -0.2340 0.9281
vn -0.2841 -0.3103 0.9072
vn -0.2824 -0.4079 0.8683
vn -0.2830 -0.5266 0.8016
vn 0.9121 -0.4084 0.0359
vn 0.8963 -0.4227 -0.1342
vn 0.8457 -0.4575 -0.2747
vn 0.7596 -0.5165 -0.3953
vn 0.6305 -0.5926 -0.5012
vn 0.4532 -0.6662 -0.5923
vn 0.8763 -0.4795 0.0463
vn 0.8644 -0.4879 -0.1216
vn 0.8177 -0.5149 -0.2574
vn 0.7341 -0.5683 -0.3716
vn 0.6032 -0.6423 -0.4728
vn 0.4178 -0.7133 -0.5626
vn 0.8127 -0.5789 0.0658
vn 0.8065 -0.5824 -0.1018
vn 0.7650 -0.6003 -0.2333
vn 0.6841 -0.6456 -0.3395
vn 0.5498 -0.7140 -0.4335
vn 0.3537 -0.7778 -0.5195
vn 0.7161 -0.6918 0.0929
vn 0.7176 -0.6925 -0.0742
vn 0.6828 -0.7026 -0.2004
vn 0.6064 -0.7374 -0.2974
vn 0.4706 -0.7949 -0.3829
vn 0.2650 -0.8457 -0.4632
vn 0.5895 -0.7988 0.1202
vn 0.5986 -0.8000 -0.0404
vn 0.5690 -0.8071 -0.1576
vn 0.4992 -0.8312 -0.2447
vn 0.3701 -0.8712 -0.3225
vn 0.1653 -0.9034 -0.3957
vn 0.4463 -0.8838 0.1406
vn 0.4569 -0.8895 -0.0030
vn 0.4298 -0.8966 -0.1068
vn 0.3689 -0.9109 -0.1846
vn 0.2569 -0.9318 -0.2565
vn 0.0734 -0.9429 -0.3249
vn 0.8986 -0.3660 0.2420
vn 0.9272 -0.3733 0.0320
vn 0.9082 -0.3936 -0.1421
vn 0.8533 -0.4348 -0.2877
vn 0.7629 -0.4979 -0.4125
vn 0.6321 -0.5748 -0.5197
vn 0.4588 -0.6480 -0.6080
vn 0.2483 -0.6952 -0.6746
vn 0.2307 -0.7107 -0.6646
vn 0.1813 -0.7490 -0.6373
vn 0.1010 -0.7977 -0.5945
vn -0.0046 -0.8436 -0.5370
vn -0.1209 -0.8753 -0.4683
vn -0.2186 -0.8890 -0.4023
vn -0.2612 -0.9047 -0.3365
vn -0.0069 -0.9676 -0.2526
vn 0.1387 -0.9722 -0.1884
vn 0.2293 -0.9656 -0.1229
vn 0.2787 -0.9589 -0.0539
vn 0.3009 -0.9530 0.0353
vn 0.2913 -0.9441 0.1542
vn 0.2414 -0.9108 0.3350
vn 0.4025 -0.8444 0.3536
vn 0.5424 -0.7694 0.3374
vn 0.6734 -0.6723 0.3074
vn 0.7750 -0.5679 0.2772
vn 0.8429 -0.4737 0.2552
vn 0.8817 -0.4037 0.2441
vn -0.2175 -0.6494 -0.7287
vn -0.3823 -0.5695 -0.7277
vn -0.5206 -0.4786 -0.7070
vn -0.6422 -0.3849 -0.6629
vn -0.7530 -0.2913 -0.5901
vn -0.8527 -0.1995 -0.4828
vn -0.2867 -0.6438 -0.7094
vn -0.4474 -0.5429 -0.7107
vn -0.5762 -0.4382 -0.6900
vn -0.6861 -0.3386 -0.6439
vn -0.7860 -0.2446 -0.5678
vn -0.8749 -0.1554 -0.4586
vn -0.3769 -0.6343 -0.6751
vn -0.5232 -0.5098 -0.6829
vn -0.6333 -0.3905 -0.6682
vn -0.7251 -0.2852 -0.6268
vn -0.8118 -0.1905 -0.5520
vn -0.8903 -0.1032 -0.4436
vn -0.4807 -0.6090 -0.6309
vn -0.6031 -0.4614 -0.6507
vn -0.6879 -0.3293 -0.6468
vn -0.7578 -0.2190 -0.6146
vn -0.8295 -0.1235 -0.5447
vn -0.8975 -0.0380 -0.4393
vn -0.5903 -0.5508 -0.5901
vn -0.6750 -0.3809 -0.6318
vn -0.7305 -0.2411 -0.6390
vn -0.7797 -0.1304 -0.6125
vn -0.8368 -0.0388 -0.5461
vn -0.8955 0.0385 -0.4433
vn -0.6962 -0.4499 -0.5593
vn -0.7325 -0.2663 -0.6265
vn -0.7547 -0.1246 -0.6441
vn -0.7862 -0.0165 -0.6177
vn -0.8305 0.0674 -0.5529
vn -0.8814 0.1304 -0.4540
vn 0.0227 -0.6985 -0.7152
vn -0.1698 -0.6597 -0.7321
vn -0.3289 -0.5950 -0.7333
vn -0.4675 -0.5152 -0.7183
vn -0.5942 -0.4268 -0.6817
vn -0.7133 -0.3340 -0.6162
vn -0.8240 -0.2397 -0.5133
vn -0.9192 -0.1476 -0.3650
vn -0.9354 -0.1118 -0.3354
vn -0.9469 -0.0717 -0.3134
vn -0.9531 -0.0230 -0.3017
vn -0.9525 0.0386 -0.3021
vn -0.9444 0.1065 -0.3110
vn -0.9268 0.1823 -0.3283
vn -0.8972 0.2650 -0.3534
vn -0.8520 0.2466 -0.4618
vn -0.8076 0.1983 -0.5554
vn -0.7731 0.1227 -0.6224
vn -0.7546 0.0203 -0.6559
vn -0.7597 -0.1130 -0.6404
vn -0.7697 -0.2899 -0.5688
vn -0.7195 -0.5421 -0.4341
vn -0.5569 -0.6775 -0.4804
vn -0.4180 -0.7356 -0.5331
vn -0.2868 -0.7520 -0.5935
vn -0.1704 -0.7429 -0.6474
vn -0.0768 -0.7225 -0.6871
vn -0.0123 -0.7038 -0.7102
vn -0.9996 0.0208 0.0201
vn -0.9826 0.0555 0.1770
vn -0.9449 0.0737 0.3190
vn -0.8888 0.0780 0.4516
vn -0.8118 0.0690 0.5798
vn -0.7063 0.0459 0.7064
vn -0.9982 0.0532 0.0280
vn -0.9800 0.0873 0.1791
vn -0.9425 0.1070 0.3167
vn -0.8880 0.1140 0.4455
vn -0.8142 0.1077 0.5705
vn -0.7138 0.0860 0.6951
vn -0.9951 0.0949 0.0278
vn -0.9759 0.1287 0.1760
vn -0.9382 0.1503 0.3118
vn -0.8843 0.1603 0.4385
vn -0.8132 0.1565 0.5605
vn -0.7178 0.1356 0.6829
vn -0.9886 0.1499 0.0157
vn -0.9692 0.1844 0.1635
vn -0.9308 0.2086 0.3002
vn -0.8768 0.2218 0.4267
vn -0.8076 0.2203 0.5470
vn -0.7169 0.1999 0.6679
vn -0.9766 0.2150 -0.0094
vn -0.9570 0.2559 0.1367
vn -0.9177 0.2870 0.2746
vn -0.8624 0.3062 0.4031
vn -0.7936 0.3097 0.5237
vn -0.7066 0.2917 0.6447
vn -0.9542 0.2946 -0.0528
vn -0.9332 0.3489 0.0856
vn -0.8925 0.3923 0.2224
vn -0.8344 0.4220 0.3545
vn -0.7641 0.4337 0.4776
vn -0.6808 0.4204 0.5998
vn -0.9820 -0.0655 -0.1772
vn -1.0000 -0.0065 0.0069
vn -0.9847 0.0296 0.1719
vn -0.9461 0.0470 0.3203
vn -0.8877 0.0493 0.4578
vn -0.8069 0.0382 0.5895
vn -0.6963 0.0137 0.7176
vn -0.5447 -0.0249 0.8382
vn -0.5609 0.0068 0.8279
vn -0.5749 0.0459 0.8170
vn -0.5858 0.0937 0.8050
vn -0.5921 0.1550 0.7908
vn -0.5892 0.2429 0.7706
vn -0.5727 0.3681 0.7325
vn -0.5213 0.5587 0.6450
vn -0.6242 0.5960 0.5051
vn -0.7049 0.5960 0.3846
vn -0.7783 0.5715 0.2600
vn -0.8417 0.5252 0.1252
vn -0.8856 0.4643 -0.0076
vn -0.9106 0.3921 -0.1309
vn -0.9208 0.3135 -0.2319
vn -0.9526 0.2359 -0.1920
vn -0.9729 0.1656 -0.1615
vn -0.9845 0.1026 -0.1425
vn -0.9899 0.0453 -0.1345
vn -0.9902 0.0009 -0.1396
vn -0.9874 -0.0346 -0.1547
vn -0.1800 -0.1074 0.9778
vn 0.0012 -0.1667 0.9860
vn 0.1705 -0.2232 0.9597
vn 0.3326 -0.2762 0.9017
vn 0.4919 -0.3245 0.8079
vn 0.6475 -0.3648 0.6691
vn -0.2048 -0.0799 0.9755
vn -0.0263 -0.1484 0.9886
vn 0.1408 -0.2159 0.9662
vn 0.2999 -0.2821 0.9113
vn 0.4556 -0.3465 0.8200
vn 0.6081 -0.4054 0.6826
vn -0.2285 -0.0466 0.9724
vn -0.0550 -0.1258 0.9905
vn 0.1061 -0.2059 0.9728
vn 0.2567 -0.2875 0.9227
vn 0.4024 -0.3716 0.8366
vn 0.5454 -0.4547 0.7041
vn -0.2499 -0.0056 0.9682
vn -0.0840 -0.0984 0.9916
vn 0.0675 -0.1927 0.9789
vn 0.2051 -0.2899 0.9348
vn 0.3349 -0.3938 0.8560
vn 0.4607 -0.5029 0.7313
vn -0.2684 0.0484 0.9621
vn -0.1143 -0.0665 0.9912
vn 0.0250 -0.1787 0.9836
vn 0.1480 -0.2895 0.9457
vn 0.2608 -0.4075 0.8752
vn 0.3626 -0.5373 0.7615
vn -0.2837 0.1194 0.9515
vn -0.1450 -0.0280 0.9890
vn -0.0190 -0.1633 0.9864
vn 0.0895 -0.2867 0.9538
vn 0.1864 -0.4126 0.8916
vn 0.2635 -0.5511 0.7917
vn -0.3515 -0.0761 0.9331
vn -0.1558 -0.1302 0.9792
vn 0.0258 -0.1819 0.9830
vn 0.1945 -0.2298 0.9536
vn 0.3554 -0.2730 0.8939
vn 0.5134 -0.3103 0.8001
vn 0.6674 -0.3395 0.6628
vn 0.8055 -0.3579 0.4724
vn 0.7872 -0.3921 0.4761
vn 0.7467 -0.4507 0.4892
vn 0.6783 -0.5259 0.5132
vn 0.5800 -0.6050 0.5455
vn 0.4583 -0.6719 0.5818
vn 0.3317 -0.7109 0.6202
vn 0.1952 -0.7124 0.6741
vn 0.1659 -0.5475 0.8202
vn 0.1110 -0.4115 0.9046
vn 0.0312 -0.2812 0.9592
vn -0.0623 -0.1451 0.9874
vn -0.1731 0.0154 0.9848
vn -0.2910 0.2034 0.9349
vn -0.4087 0.4282 0.8060
vn -0.4301 0.2617 0.8640
vn -0.4323 0.1569 0.8879
vn -0.4256 0.0824 0.9011
vn -0.4115 0.0293 0.9109
vn -0.3934 -0.0128 0.9193
vn -0.3730 -0.0475 0.9266
vn -0.7398 0.6693 -0.0697
vn -0.8845 0.4656 0.0312
vn -0.9800 0.1791 0.0863
vn -0.9830 -0.1618 0.0865
vn -0.8745 -0.4833 0.0413
vn -0.6947 -0.7190 -0.0226
vn -0.7725 0.6276 -0.0971
vn -0.9030 0.4296 0.0063
vn -0.9844 0.1626 0.0673
vn -0.9852 -0.1502 0.0825
vn -0.8890 -0.4541 0.0590
vn -0.7212 -0.6926 0.0150
vn -0.8053 0.5734 -0.1503
vn -0.9220 0.3855 -0.0368
vn -0.9894 0.1400 0.0381
vn -0.9868 -0.1438 0.0749
vn -0.9011 -0.4264 0.0788
vn -0.7464 -0.6627 0.0607
vn -0.8365 0.4977 -0.2294
vn -0.9400 0.3270 -0.0974
vn -0.9942 0.1077 -0.0007
vn -0.9876 -0.1435 0.0636
vn -0.9113 -0.3995 0.0999
vn -0.7706 -0.6270 0.1139
vn -0.8596 0.3909 -0.3291
vn -0.9533 0.2486 -0.1716
vn -0.9969 0.0634 -0.0466
vn -0.9875 -0.1497 0.0497
vn -0.9199 -0.3728 0.1220
vn -0.7937 -0.5832 0.1731
vn -0.8650 0.2508 -0.4345
vn -0.9564 0.1496 -0.2507
vn -0.9954 0.0073 -0.0951
vn -0.9862 -0.1620 0.0349
vn -0.9270 -0.3461 0.1444
vn -0.8148 -0.5298 0.2355
vn -0.5362 0.8215 -0.1940
vn -0.7063 0.7047 -0.0671
vn -0.8659 0.4987 0.0376
vn -0.9767 0.1926 0.0948
vn -0.9802 -0.1778 0.0874
vn -0.8569 -0.5147 0.0266
vn -0.6660 -0.7441 -0.0514
vn -0.4743 -0.8722 -0.1195
vn -0.5018 -0.8611 -0.0815
vn -0.5293 -0.8479 -0.0307
vn -0.5580 -0.8292 0.0339
vn -0.5884 -0.8007 0.1127
vn -0.6202 -0.7572 0.2051
vn -0.6517 -0.6938 0.3067
vn -0.6796 -0.6089 0.4091
vn -0.8326 -0.4678 0.2966
vn -0.9329 -0.3195 0.1665
vn -0.9836 -0.1790 0.0220
vn -0.9886 -0.0569 -0.1392
vn -0.9462 0.0372 -0.3215
vn -0.8476 0.0909 -0.5228
vn -0.6869 0.0939 -0.7207
vn -0.7153 0.2957 -0.6332
vn -0.7151 0.4752 -0.5127
vn -0.6904 0.6082 -0.3918
vn -0.6540 0.6965 -0.2953
vn -0.6147 0.7541 -0.2312
vn -0.5755 0.7933 -0.1986
vn -0.2110 -0.9655 -0.1529
vn -0.1183 -0.9785 -0.1688
vn -0.0401 -0.9834 -0.1768
vn 0.0341 -0.9833 -0.1788
vn 0.1134 -0.9779 -0.1758
vn 0.2079 -0.9636 -0.1680
vn -0.2216 -0.9709 -0.0906
vn -0.1206 -0.9872 -0.1045
vn -0.0349 -0.9931 -0.1116
vn 0.0465 -0.9925 -0.1135
vn 0.1329 -0.9849 -0.1112
vn 0.2351 -0.9662 -0.1053
vn -0.2338 -0.9722 -0.0094
vn -0.1234 -0.9921 -0.0206
vn -0.0291 -0.9992 -0.0264
vn 0.0605 -0.9978 -0.0282
vn 0.1551 -0.9875 -0.0269
vn 0.2658 -0.9638 -0.0235
vn -0.2485 -0.9640 0.0945
vn -0.1275 -0.9880 0.0874
vn -0.0232 -0.9963 0.0833
vn 0.0759 -0.9938 0.0815
vn 0.1800 -0.9803 0.0813
vn 0.2999 -0.9505 0.0810
vn -0.2666 -0.9375 0.2237
vn -0.1338 -0.9656 0.2229
vn -0.0180 -0.9751 0.2212
vn 0.0921 -0.9713 0.2194
vn 0.2069 -0.9541 0.2167
vn 0.3369 -0.9177 0.2106
vn -0.2876 -0.8810 0.3756
vn -0.1427 -0.9121 0.3842
vn -0.0146 -0.9222 0.3864
vn 0.1073 -0.9169 0.3844
vn 0.2334 -0.8960 0.3777
vn 0.3735 -0.8538 0.3628
vn -0.3144 -0.9342 -0.1687
vn -0.2007 -0.9592 -0.1991
vn -0.1158 -0.9693 -0.2169
vn -0.0444 -0.9732 -0.2258
vn 0.0234 -0.9734 -0.2279
vn 0.0961 -0.9698 -0.2241
vn 0.1836 -0.9593 -0.2145
vn 0.3007 -0.9327 -0.1989
vn 0.3326 -0.9301 -0.1557
vn 0.3675 -0.9250 -0.0966
vn 0.4060 -0.9137 -0.0198
vn 0.4481 -0.8906 0.0773
vn 0.4925 -0.8481 0.1955
vn 0.5355 -0.7767 0.3315
vn 0.5708 -0.6704 0.4741
vn 0.4041 -0.7486 0.5256
vn 0.2554 -0.7937 0.5521
vn 0.1189 -0.8171 0.5641
vn -0.0143 -0.8241 0.5663
vn -0.1537 -0.8148 0.5590
vn -0.3094 -0.7842 0.5379
vn -0.4887 -0.7201 0.4926
vn -0.4595 -0.8147 0.3536
vn -0.4290 -0.8760 0.2203
vn -0.4005 -0.9104 0.1041
vn -0.3754 -0.9268 0.0086
vn -0.3535 -0.9330 -0.0671
vn -0.3336 -0.9343 -0.1254
vn 0.6917 -0.7127 -0.1167
vn 0.8683 -0.4866 -0.0969
vn 0.9794 -0.1807 -0.0905
vn 0.9821 0.1522 -0.1106
vn 0.8816 0.4432 -0.1625
vn 0.7167 0.6546 -0.2406
vn 0.7261 -0.6834 -0.0756
vn 0.8868 -0.4567 -0.0713
vn 0.9820 -0.1701 -0.0825
vn 0.9841 0.1327 -0.1179
vn 0.8976 0.4020 -0.1808
vn 0.7477 0.6076 -0.2677
vn 0.7604 -0.6490 -0.0234
vn 0.9042 -0.4253 -0.0389
vn 0.9845 -0.1601 -0.0719
vn 0.9855 0.1123 -0.1275
vn 0.9106 0.3574 -0.2074
vn 0.7746 0.5516 -0.3095
vn 0.7942 -0.6063 0.0396
vn 0.9206 -0.3904 -0.0003
vn 0.9870 -0.1497 -0.0587
vn 0.9863 0.0905 -0.1381
vn 0.9208 0.3073 -0.2401
vn 0.7969 0.4827 -0.3633
vn 0.8264 -0.5518 0.1120
vn 0.9357 -0.3501 0.0436
vn 0.9895 -0.1379 -0.0429
vn 0.9866 0.0672 -0.1486
vn 0.9280 0.2506 -0.2758
vn 0.8135 0.3981 -0.4239
vn 0.8545 -0.4832 0.1906
vn 0.9486 -0.3032 0.0909
vn 0.9920 -0.1239 -0.0246
vn 0.9866 0.0430 -0.1573
vn 0.9319 0.1879 -0.3104
vn 0.8229 0.2986 -0.4834
vn 0.4637 -0.8683 -0.1762
vn 0.6568 -0.7397 -0.1463
vn 0.8482 -0.5170 -0.1149
vn 0.9765 -0.1929 -0.0957
vn 0.9793 0.1718 -0.1067
vn 0.8618 0.4832 -0.1545
vn 0.6807 0.6956 -0.2300
vn 0.4846 0.8155 -0.3163
vn 0.5252 0.7837 -0.3316
vn 0.5620 0.7409 -0.3678
vn 0.5950 0.6825 -0.4245
vn 0.6235 0.6020 -0.4988
vn 0.6449 0.4940 -0.5831
vn 0.6560 0.3595 -0.6636
vn 0.6564 0.2103 -0.7245
vn 0.8248 0.1907 -0.5323
vn 0.9328 0.1224 -0.3391
vn 0.9865 0.0193 -0.1626
vn 0.9942 -0.1073 -0.0045
vn 0.9583 -0.2498 0.1390
vn 0.8756 -0.4006 0.2698
vn 0.7427 -0.5477 0.3851
vn 0.7109 -0.6482 0.2727
vn 0.6704 -0.7239 0.1629
vn 0.6264 -0.7769 0.0644
vn 0.5826 -0.8125 -0.0188
vn 0.5409 -0.8367 -0.0861
vn 0.5014 -0.8541 -0.1383
vn 0.1955 0.8518 -0.4861
vn 0.0834 0.8430 -0.5314
vn -0.0099 0.8343 -0.5513
vn -0.0956 0.8341 -0.5432
vn -0.1841 0.8434 -0.5048
vn -0.2863 0.8545 -0.4334
vn 0.2170 0.8136 -0.5394
vn 0.0946 0.8017 -0.5903
vn -0.0083 0.7899 -0.6132
vn -0.1031 0.7892 -0.6054
vn -0.2010 0.8011 -0.5638
vn -0.3131 0.8162 -0.4857
vn 0.2365 0.7491 -0.6189
vn 0.1043 0.7299 -0.6756
vn -0.0073 0.7122 -0.7020
vn -0.1104 0.7097 -0.6958
vn -0.2172 0.7251 -0.6535
vn -0.3392 0.7476 -0.5709
vn 0.2528 0.6461 -0.7202
vn 0.1123 0.6137 -0.7815
vn -0.0059 0.5858 -0.8104
vn -0.1149 0.5791 -0.8071
vn -0.2287 0.5980 -0.7682
vn -0.3601 0.6314 -0.6868
vn 0.2639 0.4953 -0.8277
vn 0.1182 0.4445 -0.8879
vn -0.0026 0.4030 -0.9152
vn -0.1129 0.3890 -0.9143
vn -0.2291 0.4087 -0.8835
vn -0.3668 0.4526 -0.8128
vn 0.2680 0.3036 -0.9143
vn 0.1219 0.2351 -0.9643
vn 0.0039 0.1817 -0.9833
vn -0.1019 0.1600 -0.9818
vn -0.2143 0.1760 -0.9608
vn -0.3514 0.2236 -0.9091
vn 0.3064 0.8657 -0.3958
vn 0.1723 0.8724 -0.4573
vn 0.0708 0.8645 -0.4976
vn -0.0128 0.8572 -0.5148
vn -0.0891 0.8571 -0.5073
vn -0.1682 0.8648 -0.4731
vn -0.2605 0.8742 -0.4098
vn -0.3797 0.8696 -0.3156
vn -0.4147 0.8484 -0.3289
vn -0.4505 0.8119 -0.3713
vn -0.4860 0.7507 -0.4475
vn -0.5172 0.6490 -0.5580
vn -0.5340 0.4905 -0.6887
vn -0.5244 0.2784 -0.8046
vn -0.4895 0.0514 -0.8705
vn -0.3187 -0.0081 -0.9478
vn -0.1885 -0.0508 -0.9808
vn -0.0843 -0.0608 -0.9946
vn 0.0137 -0.0348 -0.9993
vn 0.1249 0.0230 -0.9919
vn 0.2666 0.1007 -0.9585
vn 0.4494 0.1747 -0.8761
vn 0.4514 0.3578 -0.8174
vn 0.4436 0.5244 -0.7268
vn 0.4256 0.6543 -0.6252
vn 0.4007 0.7448 -0.5337
vn 0.3718 0.8043 -0.4636
vn 0.3403 0.8423 -0.4179
vn -0.3627 0.7462 -0.5582
vn -0.4934 0.5861 -0.6427
vn -0.6242 0.2458 -0.7416
vn -0.6227 -0.2578 -0.7387
vn -0.4902 -0.5965 -0.6355
vn -0.3588 -0.7561 -0.5473
vn -0.4183 0.7812 -0.4634
vn -0.5932 0.6250 -0.5074
vn -0.7773 0.2602 -0.5728
vn -0.7730 -0.2868 -0.5659
vn -0.5857 -0.6450 -0.4909
vn -0.4105 -0.7988 -0.4397
vn -0.4749 0.7983 -0.3704
vn -0.6798 0.6387 -0.3605
vn -0.8919 0.2595 -0.3704
vn -0.8831 -0.2979 -0.3626
vn -0.6643 -0.6658 -0.3399
vn -0.4601 -0.8211 -0.3378
vn -0.5313 0.8000 -0.2788
vn -0.7466 0.6279 -0.2200
vn -0.9519 0.2470 -0.1815
vn -0.9416 -0.2862 -0.1775
vn -0.7251 -0.6576 -0.2043
vn -0.5084 -0.8255 -0.2450
vn -0.5834 0.7876 -0.1984
vn -0.7924 0.6007 -0.1058
vn -0.9720 0.2313 -0.0414
vn -0.9648 -0.2595 -0.0424
vn -0.7709 -0.6291 -0.0997
vn -0.5538 -0.8152 -0.1695
vn -0.6297 0.7652 -0.1340
vn -0.8234 0.5669 -0.0249
vn -0.9750 0.2174 0.0460
vn -0.9728 -0.2279 0.0411
vn -0.8067 -0.5903 -0.0286
vn -0.5960 -0.7950 -0.1130
vn -0.2374 0.7814 -0.5771
vn -0.3022 0.6990 -0.6482
vn -0.3877 0.5379 -0.7485
vn -0.4696 0.2241 -0.8540
vn -0.4683 -0.2277 -0.8537
vn -0.3847 -0.5411 -0.7478
vn -0.2984 -0.7018 -0.6469
vn -0.2331 -0.7845 -0.5747
vn -0.2551 -0.8289 -0.4979
vn -0.2827 -0.8610 -0.4229
vn -0.3134 -0.8817 -0.3526
vn -0.3463 -0.8934 -0.2862
vn -0.3800 -0.8960 -0.2297
vn -0.4134 -0.8918 -0.1839
vn -0.4452 -0.8830 -0.1485
vn -0.6338 -0.7698 -0.0752
vn -0.8350 -0.5501 0.0110
vn -0.9767 -0.1990 0.0803
vn -0.9747 0.2055 0.0878
vn -0.8462 0.5324 0.0220
vn -0.6702 0.7368 -0.0890
vn -0.4957 0.8420 -0.2131
vn -0.4534 0.8564 -0.2470
vn -0.4104 0.8644 -0.2906
vn -0.3678 0.8648 -0.3419
vn -0.3273 0.8568 -0.3984
vn -0.2910 0.8421 -0.4541
vn -0.2603 0.8181 -0.5128
vn -0.1317 -0.8579 -0.4966
vn -0.0955 -0.8571 -0.5063
vn -0.0638 -0.8564 -0.5124
vn -0.0323 -0.8565 -0.5152
vn 0.0001 -0.8574 -0.5146
vn 0.0376 -0.8585 -0.5114
vn -0.1367 -0.8865 -0.4422
vn -0.0950 -0.8858 -0.4542
vn -0.0597 -0.8852 -0.4614
vn -0.0255 -0.8855 -0.4640
vn 0.0107 -0.8868 -0.4621
vn 0.0541 -0.8879 -0.4568
vn -0.1449 -0.9080 -0.3931
vn -0.0969 -0.9081 -0.4075
vn -0.0567 -0.9077 -0.4157
vn -0.0183 -0.9082 -0.4181
vn 0.0230 -0.9095 -0.4152
vn 0.0734 -0.9101 -0.4078
vn -0.1551 -0.9248 -0.3475
vn -0.1001 -0.9256 -0.3649
vn -0.0543 -0.9257 -0.3744
vn -0.0108 -0.9263 -0.3767
vn 0.0364 -0.9273 -0.3725
vn 0.0943 -0.9273 -0.3623
vn -0.1664 -0.9373 -0.3061
vn -0.1041 -0.9398 -0.3256
vn -0.0522 -0.9405 -0.3358
vn -0.0028 -0.9411 -0.3381
vn 0.0507 -0.9415 -0.3330
vn 0.1163 -0.9399 -0.3212
vn -0.1782 -0.9467 -0.2685
vn -0.1084 -0.9513 -0.2886
vn -0.0500 -0.9530 -0.2989
vn 0.0055 -0.9536 -0.3011
vn 0.0655 -0.9530 -0.2959
vn 0.1387 -0.9488 -0.2837
vn -0.1709 -0.8197 -0.5468
vn -0.1332 -0.8190 -0.5581
vn -0.1000 -0.8192 -0.5647
vn -0.0694 -0.8193 -0.5692
vn -0.0383 -0.8192 -0.5722
vn -0.0074 -0.8190 -0.5737
vn 0.0264 -0.8187 -0.5736
vn 0.0656 -0.8193 -0.5696
vn 0.0872 -0.8551 -0.5111
vn 0.1136 -0.8843 -0.4529
vn 0.1430 -0.9057 -0.3990
vn 0.1746 -0.9211 -0.3479
vn 0.2069 -0.9303 -0.3030
vn 0.2391 -0.9344 -0.2642
vn 0.2704 -0.9347 -0.2306
vn 0.1612 -0.9550 -0.2492
vn 0.0806 -0.9621 -0.2606
vn 0.0142 -0.9641 -0.2653
vn -0.0475 -0.9636 -0.2631
vn -0.1124 -0.9608 -0.2533
vn -0.1899 -0.9536 -0.2338
vn -0.2946 -0.9343 -0.2009
vn -0.2735 -0.9326 -0.2353
vn -0.2520 -0.9278 -0.2752
vn -0.2310 -0.9184 -0.3212
vn -0.2115 -0.9032 -0.3734
vn -0.1941 -0.8825 -0.4284
vn -0.1802 -0.8544 -0.4874
vn 0.2509 -0.7559 -0.6047
vn 0.3621 -0.5954 -0.7172
vn 0.4700 -0.2553 -0.8449
vn 0.4673 0.2494 -0.8482
vn 0.3553 0.5892 -0.7257
vn 0.2423 0.7484 -0.6174
vn 0.3247 -0.7998 -0.5048
vn 0.4865 -0.6449 -0.5895
vn 0.6539 -0.2844 -0.7010
vn 0.6521 0.2644 -0.7106
vn 0.4801 0.6286 -0.6119
vn 0.3152 0.7836 -0.5353
vn 0.3949 -0.8225 -0.4094
vn 0.5943 -0.6656 -0.4514
vn 0.8021 -0.2959 -0.5187
vn 0.8043 0.2627 -0.5329
vn 0.5938 0.6417 -0.4854
vn 0.3889 0.8003 -0.4563
vn 0.4616 -0.8262 -0.3230
vn 0.6800 -0.6568 -0.3261
vn 0.8936 -0.2853 -0.3466
vn 0.8991 0.2477 -0.3608
vn 0.6868 0.6292 -0.3638
vn 0.4621 0.8011 -0.3803
vn 0.5216 -0.8147 -0.2533
vn 0.7437 -0.6278 -0.2296
vn 0.9401 -0.2611 -0.2192
vn 0.9458 0.2282 -0.2309
vn 0.7548 0.5997 -0.2656
vn 0.5290 0.7875 -0.3161
vn 0.5745 -0.7932 -0.2019
vn 0.7907 -0.5896 -0.1649
vn 0.9622 -0.2332 -0.1405
vn 0.9662 0.2095 -0.1499
vn 0.8027 0.5626 -0.1981
vn 0.5879 0.7633 -0.2679
vn 0.1211 -0.7837 -0.6092
vn 0.1705 -0.7006 -0.6929
vn 0.2345 -0.5394 -0.8087
vn 0.2938 -0.2255 -0.9289
vn 0.2922 0.2265 -0.9291
vn 0.2305 0.5400 -0.8095
vn 0.1653 0.7005 -0.6943
vn 0.1151 0.7826 -0.6118
vn 0.1500 0.8196 -0.5529
vn 0.1916 0.8437 -0.5015
vn 0.2380 0.8582 -0.4548
vn 0.2887 0.8656 -0.4092
vn 0.3403 0.8643 -0.3703
vn 0.3911 0.8551 -0.3404
vn 0.4397 0.8388 -0.3211
vn 0.6382 0.7320 -0.2384
vn 0.8366 0.5233 -0.1621
vn 0.9750 0.1915 -0.1123
vn 0.9724 -0.2091 -0.1036
vn 0.8245 -0.5508 -0.1296
vn 0.6195 -0.7668 -0.1682
vn 0.4263 -0.8813 -0.2037
vn 0.3853 -0.8919 -0.2369
vn 0.3412 -0.8974 -0.2799
vn 0.2950 -0.8955 -0.3333
vn 0.2477 -0.8840 -0.3965
vn 0.2021 -0.8626 -0.4638
vn 0.1589 -0.8294 -0.5356
vn 0.0308 0.8457 -0.5328
vn -0.0067 0.8444 -0.5357
vn -0.0394 0.8433 -0.5360
vn -0.0714 0.8432 -0.5328
vn -0.1035 0.8440 -0.5263
vn -0.1397 0.8450 -0.5162
vn 0.0446 0.8629 -0.5034
vn 0.0011 0.8603 -0.5097
vn -0.0355 0.8586 -0.5114
vn -0.0704 0.8585 -0.5080
vn -0.1060 0.8599 -0.4994
vn -0.1475 0.8621 -0.4848
vn 0.0610 0.8738 -0.4824
vn 0.0101 0.8699 -0.4932
vn -0.0319 0.8673 -0.4967
vn -0.0710 0.8671 -0.4930
vn -0.1115 0.8694 -0.4814
vn -0.1594 0.8730 -0.4609
vn 0.0801 0.8813 -0.4658
vn 0.0203 0.8755 -0.4828
vn -0.0283 0.8717 -0.4892
vn -0.0729 0.8715 -0.4849
vn -0.1192 0.8750 -0.4691
vn -0.1746 0.8806 -0.4405
vn 0.1011 0.8850 -0.4546
vn 0.0316 0.8779 -0.4778
vn -0.0245 0.8730 -0.4871
vn -0.0757 0.8728 -0.4821
vn -0.1290 0.8775 -0.4620
vn -0.1928 0.8846 -0.4247
vn 0.1239 0.8851 -0.4487
vn 0.0440 0.8773 -0.4779
vn -0.0206 0.8715 -0.4899
vn -0.0794 0.8714 -0.4842
vn -0.1406 0.8770 -0.4594
vn -0.2135 0.8851 -0.4135
vn 0.0604 0.8169 -0.5737
vn 0.0213 0.8164 -0.5771
vn -0.0126 0.8166 -0.5770
vn -0.0436 0.8167 -0.5755
vn -0.0749 0.8166 -0.5724
vn -0.1056 0.8163 -0.5679
vn -0.1389 0.8158 -0.5613
vn -0.1766 0.8161 -0.5503
vn -0.1874 0.8421 -0.5057
vn -0.2039 0.8607 -0.4664
vn -0.2255 0.8734 -0.4317
vn -0.2512 0.8824 -0.3977
vn -0.2803 0.8865 -0.3681
vn -0.3121 0.8858 -0.3434
vn -0.3455 0.8806 -0.3244
vn -0.2362 0.8823 -0.4072
vn -0.1537 0.8735 -0.4619
vn -0.0839 0.8669 -0.4914
vn -0.0166 0.8670 -0.4980
vn 0.0572 0.8736 -0.4834
vn 0.1479 0.8815 -0.4484
vn 0.2703 0.8786 -0.3938
vn 0.2336 0.8851 -0.4025
vn 0.1977 0.8867 -0.4180
vn 0.1634 0.8831 -0.4398
vn 0.1315 0.8744 -0.4670
vn 0.1036 0.8618 -0.4965
vn 0.0796 0.8431 -0.5318
vn 0.5835 -0.5447 -0.6024
vn 0.6436 -0.3354 -0.6880
vn 0.6465 -0.0164 -0.7627
vn 0.5331 0.3635 -0.7640
vn 0.3552 0.6289 -0.6916
vn 0.1899 0.7706 -0.6083
vn 0.6644 -0.5728 -0.4801
vn 0.7684 -0.3478 -0.5373
vn 0.8054 0.0085 -0.5927
vn 0.6833 0.4237 -0.5946
vn 0.4576 0.7043 -0.5428
vn 0.2462 0.8364 -0.4897
vn 0.7272 -0.5805 -0.3664
vn 0.8580 -0.3419 -0.3833
vn 0.9149 0.0339 -0.4023
vn 0.7919 0.4604 -0.4012
vn 0.5416 0.7484 -0.3828
vn 0.3007 0.8782 -0.3718
vn 0.7759 -0.5710 -0.2681
vn 0.9142 -0.3188 -0.2503
vn 0.9701 0.0605 -0.2350
vn 0.8500 0.4752 -0.2273
vn 0.6023 0.7630 -0.2349
vn 0.3519 0.8994 -0.2592
vn 0.8123 -0.5494 -0.1959
vn 0.9463 -0.2847 -0.1534
vn 0.9895 0.0885 -0.1140
vn 0.8723 0.4788 -0.0988
vn 0.6409 0.7583 -0.1192
vn 0.3959 0.9032 -0.1659
vn 0.8405 -0.5209 -0.1488
vn 0.9652 -0.2451 -0.0916
vn 0.9923 0.1180 -0.0381
vn 0.8769 0.4803 -0.0158
vn 0.6650 0.7459 -0.0380
vn 0.4331 0.8964 -0.0942
vn 0.4532 -0.6288 -0.6319
vn 0.4823 -0.5070 -0.7144
vn 0.4993 -0.3189 -0.8056
vn 0.4734 -0.0416 -0.8798
vn 0.3732 0.2937 -0.8800
vn 0.2426 0.5396 -0.8062
vn 0.1252 0.6874 -0.7154
vn 0.0340 0.7729 -0.6337
vn 0.0533 0.8363 -0.5457
vn 0.0808 0.8850 -0.4585
vn 0.1133 0.9202 -0.3748
vn 0.1492 0.9445 -0.2926
vn 0.1861 0.9570 -0.2224
vn 0.2225 0.9608 -0.1651
vn 0.2574 0.9589 -0.1196
vn 0.4640 0.8848 -0.0429
vn 0.6805 0.7327 0.0121
vn 0.8750 0.4833 0.0286
vn 0.9891 0.1473 -0.0003
vn 0.9769 -0.2049 -0.0604
vn 0.8629 -0.4900 -0.1234
vn 0.7095 -0.6837 -0.1705
vn 0.6879 -0.6998 -0.1928
vn 0.6621 -0.7132 -0.2300
vn 0.6317 -0.7209 -0.2850
vn 0.5954 -0.7188 -0.3591
vn 0.5537 -0.7049 -0.4434
vn 0.5055 -0.6755 -0.5368
vn -0.1203 0.8474 -0.5172
vn -0.1736 0.8365 -0.5198
vn -0.2208 0.8244 -0.5211
vn -0.2676 0.8105 -0.5210
vn -0.3137 0.7948 -0.5195
vn -0.3643 0.7748 -0.5166
vn -0.1197 0.8837 -0.4526
vn -0.1791 0.8710 -0.4574
vn -0.2297 0.8578 -0.4598
vn -0.2785 0.8432 -0.4599
vn -0.3282 0.8264 -0.4575
vn -0.3847 0.8043 -0.4529
vn -0.1132 0.9097 -0.3994
vn -0.1791 0.8945 -0.4095
vn -0.2343 0.8793 -0.4147
vn -0.2865 0.8635 -0.4151
vn -0.3408 0.8455 -0.4111
vn -0.4041 0.8214 -0.4024
vn -0.1024 0.9299 -0.3532
vn -0.1754 0.9115 -0.3720
vn -0.2359 0.8937 -0.3817
vn -0.2927 0.8762 -0.3830
vn -0.3526 0.8569 -0.3761
vn -0.4232 0.8310 -0.3610
vn -0.0877 0.9447 -0.3160
vn -0.1685 0.9239 -0.3435
vn -0.2352 0.9036 -0.3580
vn -0.2978 0.8840 -0.3605
vn -0.3639 0.8626 -0.3514
vn -0.4419 0.8337 -0.3311
vn -0.0701 0.9557 -0.2860
vn -0.1591 0.9333 -0.3219
vn -0.2329 0.9107 -0.3412
vn -0.3021 0.8885 -0.3454
vn -0.3749 0.8643 -0.3352
vn -0.4604 0.8314 -0.3112
vn -0.0553 0.8036 -0.5925
vn -0.1096 0.7927 -0.5997
vn -0.1585 0.7823 -0.6024
vn -0.2045 0.7707 -0.6035
vn -0.2516 0.7567 -0.6035
vn -0.2964 0.7412 -0.6023
vn -0.3431 0.7231 -0.5995
vn -0.3946 0.7026 -0.5922
vn -0.4263 0.7414 -0.5182
vn -0.4569 0.7674 -0.4499
vn -0.4865 0.7815 -0.3907
vn -0.5156 0.7872 -0.3383
vn -0.5433 0.7844 -0.2992
vn -0.5697 0.7752 -0.2729
vn -0.5954 0.7609 -0.2578
vn -0.4786 0.8252 -0.3000
vn -0.3857 0.8631 -0.3261
vn -0.3057 0.8907 -0.3364
vn -0.2293 0.9157 -0.3300
vn -0.1478 0.9407 -0.3055
vn -0.0502 0.9639 -0.2615
vn 0.0796 0.9769 -0.1981
vn 0.0508 0.9711 -0.2331
vn 0.0233 0.9611 -0.2750
vn -0.0016 0.9454 -0.3258
vn -0.0227 0.9222 -0.3860
vn -0.0393 0.8925 -0.4494
vn -0.0502 0.8533 -0.5190
vn -0.5833 0.5408 -0.6060
vn -0.6457 0.3313 -0.6880
vn -0.6511 0.0103 -0.7589
vn -0.5386 -0.3726 -0.7557
vn -0.3600 -0.6398 -0.6790
vn -0.1933 -0.7825 -0.5919
vn -0.6666 0.5637 -0.4877
vn -0.7740 0.3366 -0.5364
vn -0.8132 -0.0248 -0.5814
vn -0.6898 -0.4438 -0.5720
vn -0.4618 -0.7244 -0.5118
vn -0.2484 -0.8561 -0.4532
vn -0.7341 0.5655 -0.3760
vn -0.8668 0.3226 -0.3801
vn -0.9212 -0.0592 -0.3846
vn -0.7921 -0.4860 -0.3693
vn -0.5393 -0.7702 -0.3405
vn -0.2984 -0.8986 -0.3218
vn -0.7876 0.5505 -0.2769
vn -0.9239 0.2942 -0.2447
vn -0.9722 -0.0875 -0.2172
vn -0.8439 -0.4982 -0.1990
vn -0.5936 -0.7805 -0.1961
vn -0.3445 -0.9154 -0.2081
vn -0.8274 0.5238 -0.2025
vn -0.9547 0.2590 -0.1468
vn -0.9888 -0.1095 -0.1014
vn -0.8657 -0.4937 -0.0821
vn -0.6313 -0.7699 -0.0933
vn -0.3857 -0.9144 -0.1231
vn -0.8582 0.4899 -0.1532
vn -0.9715 0.2213 -0.0854
vn -0.9912 -0.1283 -0.0325
vn -0.8751 -0.4837 -0.0124
vn -0.6599 -0.7508 -0.0278
vn -0.4233 -0.9037 -0.0643
vn -0.4525 0.6278 -0.6333
vn -0.4821 0.5063 -0.7150
vn -0.4995 0.3183 -0.8057
vn -0.4742 0.0408 -0.8795
vn -0.3742 -0.2951 -0.8791
vn -0.2436 -0.5415 -0.8047
vn -0.1262 -0.6896 -0.7131
vn -0.0348 -0.7757 -0.6301
vn -0.0542 -0.8490 -0.5256
vn -0.0804 -0.9049 -0.4179
vn -0.1106 -0.9417 -0.3178
vn -0.1435 -0.9629 -0.2284
vn -0.1776 -0.9712 -0.1586
vn -0.2120 -0.9714 -0.1066
vn -0.2460 -0.9668 -0.0691
vn -0.4574 -0.8888 -0.0267
vn -0.6828 -0.7306 0.0082
vn -0.8797 -0.4751 0.0212
vn -0.9891 -0.1474 -0.0002
vn -0.9818 0.1822 -0.0546
vn -0.8834 0.4512 -0.1264
vn -0.7412 0.6414 -0.1982
vn -0.7111 0.6681 -0.2191
vn -0.6782 0.6890 -0.2557
vn -0.6414 0.7020 -0.3096
vn -0.5992 0.7043 -0.3806
vn -0.5535 0.6951 -0.4586
vn -0.5040 0.6706 -0.5443
vn 0.1237 -0.8594 -0.4961
vn 0.1769 -0.8477 -0.5002
vn 0.2236 -0.8349 -0.5030
vn 0.2698 -0.8203 -0.5044
vn 0.3154 -0.8038 -0.5043
vn 0.3658 -0.7830 -0.5032
vn 0.1243 -0.9039 -0.4093
vn 0.1838 -0.8907 -0.4158
vn 0.2339 -0.8765 -0.4208
vn 0.2818 -0.8608 -0.4239
vn 0.3307 -0.8426 -0.4251
vn 0.3866 -0.8186 -0.4249
vn 0.1179 -0.9348 -0.3351
vn 0.1839 -0.9201 -0.3459
vn 0.2385 -0.9044 -0.3539
vn 0.2895 -0.8873 -0.3589
vn 0.3426 -0.8674 -0.3609
vn 0.4045 -0.8407 -0.3601
vn 0.1068 -0.9566 -0.2713
vn 0.1793 -0.9407 -0.2881
vn 0.2387 -0.9235 -0.3002
vn 0.2940 -0.9051 -0.3073
vn 0.3519 -0.8834 -0.3094
vn 0.4200 -0.8543 -0.3062
vn 0.0917 -0.9713 -0.2194
vn 0.1709 -0.9554 -0.2409
vn 0.2358 -0.9374 -0.2562
vn 0.2959 -0.9176 -0.2656
vn 0.3589 -0.8939 -0.2686
vn 0.4331 -0.8616 -0.2647
vn 0.0738 -0.9814 -0.1771
vn 0.1596 -0.9664 -0.2014
vn 0.2301 -0.9481 -0.2193
vn 0.2954 -0.9270 -0.2309
vn 0.3638 -0.9011 -0.2358
vn 0.4439 -0.8652 -0.2330
vn 0.0563 -0.8071 -0.5878
vn 0.1106 -0.7955 -0.5958
vn 0.1594 -0.7848 -0.5989
vn 0.2052 -0.7730 -0.6003
vn 0.2521 -0.7588 -0.6005
vn 0.2968 -0.7432 -0.5996
vn 0.3434 -0.7250 -0.5970
vn 0.3949 -0.7044 -0.5898
vn 0.4278 -0.7482 -0.5071
vn 0.4582 -0.7793 -0.4276
vn 0.4851 -0.7978 -0.3581
vn 0.5093 -0.8074 -0.2979
vn 0.5303 -0.8093 -0.2525
vn 0.5483 -0.8068 -0.2201
vn 0.5634 -0.8022 -0.1977
vn 0.4522 -0.8672 -0.2086
vn 0.3662 -0.9068 -0.2089
vn 0.2926 -0.9348 -0.2014
vn 0.2221 -0.9568 -0.1875
vn 0.1460 -0.9750 -0.1678
vn 0.0538 -0.9884 -0.1420
vn -0.0708 -0.9915 -0.1092
vn -0.0434 -0.9884 -0.1456
vn -0.0174 -0.9813 -0.1919
vn 0.0063 -0.9681 -0.2506
vn 0.0266 -0.9457 -0.3239
vn 0.0424 -0.9128 -0.4061
vn 0.0524 -0.8661 -0.4971
vn 0.8941 -0.4344 -0.1091
vn 0.9891 -0.1367 -0.0555
vn 0.9806 0.1961 0.0009
vn 0.8693 0.4929 0.0366
vn 0.6995 0.7137 0.0365
vn 0.5102 0.8600 -0.0019
vn 0.9054 -0.4114 -0.1049
vn 0.9916 -0.1115 -0.0657
vn 0.9770 0.2122 -0.0201
vn 0.8687 0.4953 0.0124
vn 0.7081 0.7060 0.0164
vn 0.5292 0.8484 -0.0148
vn 0.9137 -0.3933 -0.1029
vn 0.9916 -0.0964 -0.0859
vn 0.9747 0.2159 -0.0584
vn 0.8720 0.4882 -0.0349
vn 0.7203 0.6930 -0.0306
vn 0.5497 0.8334 -0.0572
vn 0.9187 -0.3813 -0.1032
vn 0.9884 -0.0966 -0.1175
vn 0.9730 0.1985 -0.1179
vn 0.8809 0.4598 -0.1126
vn 0.7401 0.6624 -0.1160
vn 0.5767 0.8042 -0.1439
vn 0.9204 -0.3766 -0.1051
vn 0.9801 -0.1174 -0.1601
vn 0.9685 0.1476 -0.2004
vn 0.8922 0.3891 -0.2292
vn 0.7681 0.5862 -0.2576
vn 0.6137 0.7289 -0.3033
vn 0.9192 -0.3794 -0.1060
vn 0.9644 -0.1621 -0.2087
vn 0.9526 0.0523 -0.2997
vn 0.8905 0.2479 -0.3817
vn 0.7851 0.4103 -0.4639
vn 0.6412 0.5230 -0.5616
vn 0.7271 -0.6680 -0.1583
vn 0.8801 -0.4608 -0.1145
vn 0.9843 -0.1685 -0.0531
vn 0.9848 0.1736 0.0080
vn 0.8719 0.4878 0.0423
vn 0.6912 0.7218 0.0350
vn 0.4893 0.8720 -0.0120
vn 0.2894 0.9533 -0.0870
vn 0.3182 0.9452 -0.0728
vn 0.3448 0.9352 -0.0813
vn 0.3712 0.9206 -0.1208
vn 0.4013 0.8917 -0.2097
vn 0.4377 0.8122 -0.3856
vn 0.4586 0.5642 -0.6866
vn 0.3711 0.0329 -0.9280
vn 0.5751 0.1035 -0.8115
vn 0.7352 0.0990 -0.6706
vn 0.8469 0.0295 -0.5310
vn 0.9152 -0.0842 -0.3940
vn 0.9404 -0.2273 -0.2529
vn 0.9163 -0.3873 -0.1025
vn 0.8347 -0.5480 0.0553
vn 0.8153 -0.5790 0.0045
vn 0.7985 -0.6007 -0.0389
vn 0.7839 -0.6164 -0.0745
vn 0.7704 -0.6292 -0.1032
vn 0.7569 -0.6413 -0.1262
vn 0.7426 -0.6540 -0.1444
vn -0.0065 0.9705 -0.2410
vn -0.1209 0.9458 -0.3014
vn -0.2188 0.9155 -0.3377
vn -0.3108 0.8835 -0.3505
vn -0.4062 0.8473 -0.3420
vn -0.5144 0.7978 -0.3145
vn 0.0160 0.9653 -0.2607
vn -0.1063 0.9380 -0.3300
vn -0.2127 0.9034 -0.3724
vn -0.3130 0.8670 -0.3879
vn -0.4164 0.8262 -0.3794
vn -0.5323 0.7710 -0.3495
vn 0.0380 0.9488 -0.3135
vn -0.0924 0.9155 -0.3916
vn -0.2075 0.8744 -0.4386
vn -0.3162 0.8329 -0.4542
vn -0.4278 0.7881 -0.4425
vn -0.5514 0.7284 -0.4068
vn 0.0581 0.9051 -0.4212
vn -0.0816 0.8592 -0.5050
vn -0.2054 0.8093 -0.5503
vn -0.3221 0.7641 -0.5589
vn -0.4413 0.7187 -0.5373
vn -0.5717 0.6587 -0.4892
vn 0.0722 0.7809 -0.6204
vn -0.0773 0.7155 -0.6943
vn -0.2077 0.6622 -0.7200
vn -0.3301 0.6253 -0.7072
vn -0.4553 0.5922 -0.6648
vn -0.5913 0.5439 -0.5954
vn 0.0645 0.4335 -0.8988
vn -0.0826 0.3741 -0.9237
vn -0.2092 0.3580 -0.9100
vn -0.3321 0.3670 -0.8689
vn -0.4613 0.3768 -0.8032
vn -0.6024 0.3649 -0.7099
vn 0.1088 0.9792 -0.1712
vn -0.0288 0.9695 -0.2436
vn -0.1350 0.9457 -0.2956
vn -0.2246 0.9184 -0.3258
vn -0.3086 0.8902 -0.3352
vn -0.3962 0.8584 -0.3257
vn -0.4966 0.8149 -0.2989
vn -0.6204 0.7417 -0.2549
vn -0.6448 0.7157 -0.2682
vn -0.6692 0.6805 -0.2984
vn -0.6939 0.6313 -0.3464
vn -0.7185 0.5600 -0.4125
vn -0.7405 0.4555 -0.4941
vn -0.7540 0.3084 -0.5799
vn -0.7514 0.1225 -0.6484
vn -0.5937 0.1248 -0.7950
vn -0.4457 0.0786 -0.8917
vn -0.3134 0.0046 -0.9496
vn -0.1968 -0.0738 -0.9777
vn -0.0911 -0.1294 -0.9874
vn 0.0198 -0.1342 -0.9908
vn 0.1674 -0.0712 -0.9833
vn 0.2489 0.5200 -0.8171
vn 0.2466 0.8271 -0.5050
vn 0.2198 0.9242 -0.3123
vn 0.1921 0.9574 -0.2154
vn 0.1650 0.9712 -0.1718
vn 0.1373 0.9774 -0.1604
vn -0.9240 0.3618 -0.1235
vn -0.9940 0.0990 -0.0472
vn -0.9814 -0.1914 0.0121
vn -0.8821 -0.4690 0.0443
vn -0.7156 -0.6968 0.0479
vn -0.5149 -0.8568 0.0295
vn -0.9405 0.3112 -0.1363
vn -0.9971 0.0565 -0.0506
vn -0.9769 -0.2129 0.0185
vn -0.8821 -0.4669 0.0622
vn -0.7288 -0.6802 0.0787
vn -0.5404 -0.8383 0.0722
vn -0.9544 0.2549 -0.1551
vn -0.9984 0.0133 -0.0549
vn -0.9720 -0.2331 0.0283
vn -0.8819 -0.4633 0.0867
vn -0.7407 -0.6612 0.1185
vn -0.5643 -0.8158 0.1263
vn -0.9652 0.1917 -0.1779
vn -0.9979 -0.0304 -0.0580
vn -0.9671 -0.2507 0.0429
vn -0.8820 -0.4561 0.1187
vn -0.7520 -0.6373 0.1683
vn -0.5870 -0.7863 0.1929
vn -0.9720 0.1206 -0.2015
vn -0.9956 -0.0737 -0.0578
vn -0.9625 -0.2637 0.0637
vn -0.8826 -0.4424 0.1592
vn -0.7628 -0.6048 0.2287
vn -0.6083 -0.7453 0.2728
vn -0.9742 0.0428 -0.2218
vn -0.9921 -0.1142 -0.0521
vn -0.9586 -0.2695 0.0918
vn -0.8839 -0.4187 0.2084
vn -0.7729 -0.5594 0.2994
vn -0.6275 -0.6876 0.3653
vn -0.7692 0.6093 -0.1928
vn -0.9051 0.4083 -0.1189
vn -0.9889 0.1410 -0.0468
vn -0.9856 -0.1692 0.0077
vn -0.8815 -0.4711 0.0323
vn -0.7006 -0.7130 0.0259
vn -0.4874 -0.8731 -0.0020
vn -0.2784 -0.9596 -0.0397
vn -0.3099 -0.9508 -0.0013
vn -0.3405 -0.9389 0.0498
vn -0.3703 -0.9218 0.1147
vn -0.3991 -0.8960 0.1950
vn -0.4262 -0.8562 0.2919
vn -0.4504 -0.7957 0.4049
vn -0.4692 -0.7071 0.5290
vn -0.6426 -0.6077 0.4667
vn -0.7812 -0.4969 0.3778
vn -0.8855 -0.3816 0.2650
vn -0.9558 -0.2650 0.1272
vn -0.9881 -0.1489 -0.0387
vn -0.9716 -0.0374 -0.2337
vn -0.8922 0.0600 -0.4476
vn -0.8932 0.1914 -0.4069
vn -0.8835 0.3055 -0.3551
vn -0.8662 0.3972 -0.3032
vn -0.8446 0.4689 -0.2585
vn -0.8208 0.5254 -0.2242
vn -0.7956 0.5711 -0.2020
vn 0.0101 -0.9977 -0.0672
vn 0.1142 -0.9890 -0.0943
vn 0.2011 -0.9725 -0.1172
vn 0.2817 -0.9498 -0.1362
vn 0.3656 -0.9185 -0.1506
vn 0.4627 -0.8721 -0.1593
vn -0.0126 -0.9999 -0.0108
vn 0.0974 -0.9945 -0.0388
vn 0.1900 -0.9797 -0.0640
vn 0.2760 -0.9573 -0.0863
vn 0.3652 -0.9249 -0.1055
vn 0.4679 -0.8755 -0.1206
vn -0.0351 -0.9975 0.0618
vn 0.0812 -0.9962 0.0330
vn 0.1798 -0.9837 0.0053
vn 0.2717 -0.9622 -0.0211
vn 0.3665 -0.9293 -0.0460
vn 0.4748 -0.8774 -0.0691
vn -0.0566 -0.9865 0.1536
vn 0.0665 -0.9900 0.1245
vn 0.1718 -0.9806 0.0942
vn 0.2703 -0.9607 0.0633
vn 0.3714 -0.9279 0.0315
vn 0.4855 -0.8742 -0.0019
vn -0.0759 -0.9606 0.2673
vn 0.0548 -0.9695 0.2390
vn 0.1680 -0.9639 0.2065
vn 0.2739 -0.9465 0.1705
vn 0.3822 -0.9148 0.1305
vn 0.5024 -0.8605 0.0843
vn -0.0913 -0.9104 0.4036
vn 0.0481 -0.9247 0.3778
vn 0.1701 -0.9235 0.3437
vn 0.2847 -0.9096 0.3027
vn 0.4009 -0.8804 0.2531
vn 0.5273 -0.8279 0.1911
vn -0.0986 -0.9921 -0.0774
vn 0.0324 -0.9934 -0.1096
vn 0.1306 -0.9821 -0.1359
vn 0.2120 -0.9646 -0.1571
vn 0.2876 -0.9420 -0.1733
vn 0.3662 -0.9122 -0.1839
vn 0.4578 -0.8690 -0.1876
vn 0.5754 -0.7976 -0.1811
vn 0.5862 -0.7944 -0.1593
vn 0.5970 -0.7918 -0.1292
vn 0.6089 -0.7882 -0.0894
vn 0.6237 -0.7807 -0.0376
vn 0.6434 -0.7650 0.0284
vn 0.6695 -0.7347 0.1097
vn 0.7019 -0.6825 0.2036
vn 0.5603 -0.7660 0.3152
vn 0.4281 -0.8126 0.3955
vn 0.3034 -0.8370 0.4554
vn 0.1796 -0.8465 0.5013
vn 0.0481 -0.8431 0.5356
vn -0.1003 -0.8244 0.5571
vn -0.2746 -0.7825 0.5589
vn -0.2583 -0.8718 0.4162
vn -0.2360 -0.9282 0.2878
vn -0.2104 -0.9611 0.1792
vn -0.1831 -0.9789 0.0905
vn -0.1550 -0.9877 0.0196
vn -0.1267 -0.9913 -0.0358
s 0
f 1958//1 1959//1 1963//1 1962//1
f 1959//2 1960//2 1964//2 1963//2
f 1960//3 1961//3 1965//3 1964//3
f 1962//4 1963//4 1967//4 1966//4
f 1963//5 1964//5 1968//5 1967//5
f 1964//6 1965//6 1969//6 1968//6
f 1970//7 1971//7 1975//7 1974//7
f 1971//8 1972//8 1976//8 1975//8
f 1972//9 1973//9 1977//9 1976//9
f 1974//10 1975//10 1979//10 1978//10
f 1975//11 1976//11 1980//11 1979//11
f 1976//12 1977//12 1981//12 1980//12
f 1982//13 1983//13 1987//13 1986//13
f 1983//14 1984//14 1988//14 1987//14
f 1984//15 1985//15 1989//15 1988//15
f 1986//16 1987//16 1991//16 1990//16
f 1987//17 1988//17 1992//17 1991//17
f 1988//18 1989//18 1993//18 1992//18
f 1978//19 1979//19 1965//19 1961//19
f 1979//20 1980//20 1969//20 1965//20
f 1990//21 1991//21 1977//21 1973//21
f 1991//22 1992//22 1981//22 1977//22
f 1966//23 1967//23 1989//23 1985//23
f 1967//24 1968//24 1993//24 1989//24
f 1968//25 1969//25 1957//25 1993//25
f 1980//26 1981//26 1957//26 1969//26
f 1992//27 1993//27 1957//27 1981//27
f 18//28 130//28 1958//28 150//28
f 130//29 131//29 1959//29 1958//29
f 131//30 132//30 1960//30 1959//30
f 132//31 133//31 1961//31 1960//31
f 150//32 1958//32 1962//32 149//32
f 149//33 1962//33 1966//33 148//33
f 148//34 1966//34 1985//34 147//34
f 19//35 137//35 1970//35 136//35
f 137//36 138//36 1971//36 1970//36
f 138//37 139//37 1972//37 1971//37
f 139//38 140//38 1973//38 1972//38
f 136//39 1970//39 1974//39 135//39
f 135//40 1974//40 1978//40 134//40
f 134//41 1978//41 1961//41 133//41
f 45//42 144//42 1982//42 143//42
f 144//43 145//43 1983//43 1982//43
f 145//44 146//44 1984//44 1983//44
f 146//45 147//45 1985//45 1984//45
f 143//46 1982//46 1986//46 142//46
f 142//47 1986//47 1990//47 141//47
f 141//48 1990//48 1973//48 140//48
f 1994//49 1995//49 2002//49 2001//49
f 1995//50 1996//50 2003//50 2002//50
f 1996//51 1997//51 2004//51 2003//51
f 1997//52 1998//52 2005//52 2004//52
f 1998//53 1999//53 2006//53 2005//53
f 1999//54 2000//54 2007//54 2006//54
f 2001//55 2002//55 2009//55 2008//55
f 2002//56 2003//56 2010//56 2009//56
f 2003//57 2004//57 2011//57 2010//57
f 2004//58 2005//58 2012//58 2011//58
f 2005//59 2006//59 2013//59 2012//59
f 2006//60 2007//60 2014//60 2013//60
f 2008//61 2009//61 2016//61 2015//61
f 2009//62 2010//62 2017//62 2016//62
f 2010//63 2011//63 2018//63 2017//63
f 2011//64 2012//64 2019//64 2018//64
f 2012//65 2013//65 2020//65 2019//65
f 2013//66 2014//66 2021//66 2020//66
f 2015//67 2016//67 2023//67 2022//67
f 2016//68 2017//68 2024//68 2023//68
f 2017//69 2018//69 2025//69 2024//69
f 2018//70 2019//70 2026//70 2025//70
f 2019//71 2020//71 2027//71 2026//71
f 2020//72 2021//72 2028//72 2027//72
f 2022//73 2023//73 2030//73 2029//73
f 2023//74 2024//74 2031//74 2030//74
f 2024//75 2025//75 2032//75 2031//75
f 2025//76 2026//76 2033//76 2032//76
f 2026//77 2027//77 2034//77 2033//77
f 2027//78 2028//78 2035//78 2034//78
f 2029//79 2030//79 2037//79 2036//79
f 2030//80 2031//80 2038//80 2037//80
f 2031//81 2032//81 2039//81 2038//81
f 2032//82 2033//82 2040//82 2039//82
f 2033//83 2034//83 2041//83 2040//83
f 2034//84 2035//84 2042//84 2041//84
f 5//85 704//85 1994//85 703//85
f 704//86 705//86 1995//86 1994//86
f 705//87 706//87 1996//87 1995//87
f 706//88 707//88 1997//88 1996//88
f 707//89 708//89 1998//89 1997//89
f 708//90 709//90 1999//90 1998//90
f 709//91 710//91 2000//91 1999//91
f 710//92 6//92 711//92 2000//92
f 2000//93 711//93 712//93 2007//93
f 2007//94 712//94 713//94 2014//94
f 2014//95 713//95 714//95 2021//95
f 2021//96 714//96 715//96 2028//96
f 2028//97 715//97 716//97 2035//97
f 2035//98 716//98 717//98 2042//98
f 2042//99 717//99 65//99 654//99
f 2041//100 2042//100 654//100 653//100
f 2040//101 2041//101 653//101 652//101
f 2039//102 2040//102 652//102 651//102
f 2038//103 2039//103 651//103 650//103
f 2037//104 2038//104 650//104 649//104
f 2036//105 2037//105 649//105 648//105
f 697//106 2036//106 648//106 64//106
f 698//107 2029//107 2036//107 697//107
f 699//108 2022//108 2029//108 698//108
f 700//109 2015//109 2022//109 699//109
f 701//110 2008//110 2015//110 700//110
f 702//111 2001//111 2008//111 701//111
f 703//112 1994//112 2001//112 702//112
f 2043//113 2044//113 2051//113 2050//113
f 2044//114 2045//114 2052//114 2051//114
f 2045//115 2046//115 2053//115 2052//115
f 2046//116 2047//116 2054//116 2053//116
f 2047//117 2048//117 2055//117 2054//117
f 2048//118 2049//118 2056//118 2055//118
f 2050//119 2051//119 2058//119 2057//119
f 2051//120 2052//120 2059//120 2058//120
f 2052//121 2053//121 2060//121 2059//121
f 2053//122 2054//122 2061//122 2060//122
f 2054//123 2055//123 2062//123 2061//123
f 2055//124 2056//124 2063//124 2062//124
f 2057//125 2058//125 2065//125 2064//125
f 2058//126 2059//126 2066//126 2065//126
f 2059//127 2060//127 2067//127 2066//127
f 2060//128 2061//128 2068//128 2067//128
f 2061//129 2062//129 2069//129 2068//129
f 2062//130 2063//130 2070//130 2069//130
f 2064//131 2065//131 2072//131 2071//131
f 2065//132 2066//132 2073//132 2072//132
f 2066//133 2067//133 2074//133 2073//133
f 2067//134 2068//134 2075//134 2074//134
f 2068//135 2069//135 2076//135 2075//135
f 2069//136 2070//136 2077//136 2076//136
f 2071//137 2072//137 2079//137 2078//137
f 2072//138 2073//138 2080//138 2079//138
f 2073//139 2074//139 2081//139 2080//139
f 2074//140 2075//140 2082//140 2081//140
f 2075//141 2076//141 2083//141 2082//141
f 2076//142 2077//142 2084//142 2083//142
f 2078//143 2079//143 2086//143 2085//143
f 2079//144 2080//144 2087//144 2086//144
f 2080//145 2081//145 2088//145 2087//145
f 2081//146 2082//146 2089//146 2088//146
f 2082//147 2083//147 2090//147 2089//147
f 2083//148 2084//148 2091//148 2090//148
f 67//149 690//149 2043//149 683//149
f 690//150 691//150 2044//150 2043//150
f 691//151 692//151 2045//151 2044//151
f 692//152 693//152 2046//152 2045//152
f 693//153 694//153 2047//153 2046//153
f 694//154 695//154 2048//154 2047//154
f 695//155 696//155 2049//155 2048//155
f 696//156 64//156 647//156 2049//156
f 2049//157 647//157 646//157 2056//157
f 2056//158 646//158 645//158 2063//158
f 2063//159 645//159 644//159 2070//159
f 2070//160 644//160 643//160 2077//160
f 2077//161 643//161 642//161 2084//161
f 2084//162 642//162 641//162 2091//162
f 2091//163 641//163 1//163 479//163
f 2090//164 2091//164 479//164 478//164
f 2089//165 2090//165 478//165 477//165
f 2088//166 2089//166 477//166 476//166
f 2087//167 2088//167 476//167 475//167
f 2086//168 2087//168 475//168 474//168
f 2085//169 2086//169 474//169 473//169
f 689//170 2085//170 473//170 126//170
f 688//171 2078//171 2085//171 689//171
f 687//172 2071//172 2078//172 688//172
f 686//173 2064//173 2071//173 687//173
f 685//174 2057//174 2064//174 686//174
f 684//175 2050//175 2057//175 685//175
f 683//176 2043//176 2050//176 684//176
f 2092//177 2093//177 2100//177 2099//177
f 2093//178 2094//178 2101//178 2100//178
f 2094//179 2095//179 2102//179 2101//179
f 2095//180 2096//180 2103//180 2102//180
f 2096//181 2097//181 2104//181 2103//181
f 2097//182 2098//182 2105//182 2104//182
f 2099//183 2100//183 2107//183 2106//183
f 2100//184 2101//184 2108//184 2107//184
f 2101//185 2102//185 2109//185 2108//185
f 2102//186 2103//186 2110//186 2109//186
f 2103//187 2104//187 2111//187 2110//187
f 2104//188 2105//188 2112//188 2111//188
f 2106//189 2107//189 2114//189 2113//189
f 2107//190 2108//190 2115//190 2114//190
f 2108//191 2109//191 2116//191 2115//191
f 2109//192 2110//192 2117//192 2116//192
f 2110//193 2111//193 2118//193 2117//193
f 2111//194 2112//194 2119//194 2118//194
f 2113//195 2114//195 2121//195 2120//195
f 2114//196 2115//196 2122//196 2121//196
f 2115//197 2116//197 2123//197 2122//197
f 2116//198 2117//198 2124//198 2123//198
f 2117//199 2118//199 2125//199 2124//199
f 2118//200 2119//200 2126//200 2125//200
f 2120//201 2121//201 2128//201 2127//201
f 2121//202 2122//202 2129//202 2128//202
f 2122//203 2123//203 2130//203 2129//203
f 2123//204 2124//204 2131//204 2130//204
f 2124//205 2125//205 2132//205 2131//205
f 2125//206 2126//206 2133//206 2132//206
f 2127//207 2128//207 2135//207 2134//207
f 2128//208 2129//208 2136//208 2135//208
f 2129//209 2130//209 2137//209 2136//209
f 2130//210 2131//210 2138//210 2137//210
f 2131//211 2132//211 2139//211 2138//211
f 2132//212 2133//212 2140//212 2139//212
f 66//213 676//213 2092//213 669//213
f 676//214 677//214 2093//214 2092//214
f 677//215 678//215 2094//215 2093//215
f 678//216 679//216 2095//216 2094//216
f 679//217 680//217 2096//217 2095//217
f 680//218 681//218 2097//218 2096//218
f 681//219 682//219 2098//219 2097//219
f 682//220 67//220 683//220 2098//220
f 2098//221 683//221 684//221 2105//221
f 2105//222 684//222 685//222 2112//222
f 2112//223 685//223 686//223 2119//223
f 2119//224 686//224 687//224 2126//224
f 2126//225 687//225 688//225 2133//225
f 2133//226 688//226 689//226 2140//226
f 2140//227 689//227 126//227 500//227
f 2139//228 2140//228 500//228 499//228
f 2138//229 2139//229 499//229 498//229
f 2137//230 2138//230 498//230 497//230
f 2136//231 2137//231 497//231 496//231
f 2135//232 2136//232 496//232 495//232
f 2134//233 2135//233 495//233 494//233
f 675//234 2134//234 494//234 125//234
f 674//235 2127//235 2134//235 675//235
f 673//236 2120//236 2127//236 674//236
f 672//237 2113//237 2120//237 673//237
f 671//238 2106//238 2113//238 672//238
f 670//239 2099//239 2106//239 671//239
f 669//240 2092//240 2099//240 670//240
f 2141//241 2142//241 2149//241 2148//241
f 2142//242 2143//242 2150//242 2149//242
f 2143//243 2144//243 2151//243 2150//243
f 2144//244 2145//244 2152//244 2151//244
f 2145//245 2146//245 2153//245 2152//245
f 2146//246 2147//246 2154//246 2153//246
f 2148//247 2149//247 2156//247 2155//247
f 2149//248 2150//248 2157//248 2156//248
f 2150//249 2151//249 2158//249 2157//249
f 2151//250 2152//250 2159//250 2158//250
f 2152//251 2153//251 2160//251 2159//251
f 2153//252 2154//252 2161//252 2160//252
f 2155//253 2156//253 2163//253 2162//253
f 2156//254 2157//254 2164//254 2163//254
f 2157//255 2158//255 2165//255 2164//255
f 2158//256 2159//256 2166//256 2165//256
f 2159//257 2160//257 2167//257 2166//257
f 2160//258 2161//258 2168//258 2167//258
f 2162//259 2163//259 2170//259 2169//259
f 2163//260 2164//260 2171//260 2170//260
f 2164//261 2165//261 2172//261 2171//261
f 2165//262 2166//262 2173//262 2172//262
f 2166//263 2167//263 2174//263 2173//263
f 2167//264 2168//264 2175//264 2174//264
f 2169//265 2170//265 2177//265 2176//265
f 2170//266 2171//266 2178//266 2177//266
f 2171//267 2172//267 2179//267 2178//267
f 2172//268 2173//268 2180//268 2179//268
f 2173//269 2174//269 2181//269 2180//269
f 2174//270 2175//270 2182//270 2181//270
f 2176//271 2177//271 2184//271 2183//271
f 2177//272 2178//272 2185//272 2184//272
f 2178//273 2179//273 2186//273 2185//273
f 2179//274 2180//274 2187//274 2186//274
f 2180//275 2181//275 2188//275 2187//275
f 2181//276 2182//276 2189//276 2188//276
f 65//277 662//277 2141//277 655//277
f 662//278 663//278 2142//278 2141//278
f 663//279 664//279 2143//279 2142//279
f 664//280 665//280 2144//280 2143//280
f 665//281 666//281 2145//281 2144//281
f 666//282 667//282 2146//282 2145//282
f 667//283 668//283 2147//283 2146//283
f 668//284 66//284 669//284 2147//284
f 2147//285 669//285 670//285 2154//285
f 2154//286 670//286 671//286 2161//286
f 2161//287 671//287 672//287 2168//287
f 2168//288 672//288 673//288 2175//288
f 2175//289 673//289 674//289 2182//289
f 2182//290 674//290 675//290 2189//290
f 2189//291 675//291 125//291 493//291
f 2188//292 2189//292 493//292 492//292
f 2187//293 2188//293 492//293 491//293
f 2186//294 2187//294 491//294 490//294
f 2185//295 2186//295 490//295 489//295
f 2184//296 2185//296 489//296 488//296
f 2183//297 2184//297 488//297 487//297
f 661//298 2183//298 487//298 124//298
f 660//299 2176//299 2183//299 661//299
f 659//300 2169//300 2176//300 660//300
f 658//301 2162//301 2169//301 659//301
f 657//302 2155//302 2162//302 658//302
f 656//303 2148//303 2155//303 657//303
f 655//304 2141//304 2148//304 656//304
f 2191//305 2192//305 2196//305 2195//305
f 2192//306 2193//306 2197//306 2196//306
f 2193//307 2194//307 2198//307 2197//307
f 2195//308 2196//308 2200//308 2199//308
f 2196//309 2197//309 2201//309 2200//309
f 2197//310 2198//310 2202//310 2201//310
f 2203//311 2204//311 2208//311 2207//311
f 2204//312 2205//312 2209//312 2208//312
f 2205//313 2206//313 2210//313 2209//313
f 2207//314 2208//314 2212//314 2211//314
f 2208//315 2209//315 2213//315 2212//315
f 2209//316 2210//316 2214//316 2213//316
f 2215//317 2216//317 2220//317 2219//317
f 2216//318 2217//318 2221//318 2220//318
f 2217//319 2218//319 2222//319 2221//319
f 2219//320 2220//320 2224//320 2223//320
f 2220//321 2221//321 2225//321 2224//321
f 2221//322 2222//322 2226//322 2225//322
f 2211//323 2212//323 2198//323 2194//323
f 2212//324 2213//324 2202//324 2198//324
f 2223//325 2224//325 2210//325 2206//325
f 2224//326 2225//326 2214//326 2210//326
f 2199//327 2200//327 2222//327 2218//327
f 2200//328 2201//328 2226//328 2222//328
f 2201//329 2202//329 2190//329 2226//329
f 2213//330 2214//330 2190//330 2202//330
f 2225//331 2226//331 2190//331 2214//331
f 2//332 207//332 2191//332 200//332
f 207//333 208//333 2192//333 2191//333
f 208//334 209//334 2193//334 2192//334
f 209//335 210//335 2194//335 2193//335
f 200//336 2191//336 2195//336 201//336
f 201//337 2195//337 2199//337 202//337
f 202//338 2199//338 2218//338 203//338
f 18//339 150//339 2203//339 213//339
f 150//340 149//340 2204//340 2203//340
f 149//341 148//341 2205//341 2204//341
f 148//342 147//342 2206//342 2205//342
f 213//343 2203//343 2207//343 212//343
f 212//344 2207//344 2211//344 211//344
f 211//345 2211//345 2194//345 210//345
f 45//346 206//346 2215//346 144//346
f 206//347 205//347 2216//347 2215//347
f 205//348 204//348 2217//348 2216//348
f 204//349 203//349 2218//349 2217//349
f 144//350 2215//350 2219//350 145//350
f 145//351 2219//351 2223//351 146//351
f 146//352 2223//352 2206//352 147//352
f 2228//353 2229//353 2233//353 2232//353
f 2229//354 2230//354 2234//354 2233//354
f 2230//355 2231//355 2235//355 2234//355
f 2232//356 2233//356 2237//356 2236//356
f 2233//357 2234//357 2238//357 2237//357
f 2234//358 2235//358 2239//358 2238//358
f 2240//359 2241//359 2245//359 2244//359
f 2241//360 2242//360 2246//360 2245//360
f 2242//361 2243//361 2247//361 2246//361
f 2244//362 2245//362 2249//362 2248//362
f 2245//363 2246//363 2250//363 2249//363
f 2246//364 2247//364 2251//364 2250//364
f 2252//365 2253//365 2257//365 2256//365
f 2253//366 2254//366 2258//366 2257//366
f 2254//367 2255//367 2259//367 2258//367
f 2256//368 2257//368 2261//368 2260//368
f 2257//369 2258//369 2262//369 2261//369
f 2258//370 2259//370 2263//370 2262//370
f 2248//371 2249//371 2235//371 2231//371
f 2249//372 2250//372 2239//372 2235//372
f 2260//373 2261//373 2247//373 2243//373
f 2261//374 2262//374 2251//374 2247//374
f 2236//375 2237//375 2259//375 2255//375
f 2237//376 2238//376 2263//376 2259//376
f 2238//377 2239//377 2227//377 2263//377
f 2250//378 2251//378 2227//378 2239//378
f 2262//379 2263//379 2227//379 2251//379
f 2//380 214//380 2228//380 207//380
f 214//381 215//381 2229//381 2228//381
f 215//382 216//382 2230//382 2229//382
f 216//383 217//383 2231//383 2230//383
f 207//384 2228//384 2232//384 208//384
f 208//385 2232//385 2236//385 209//385
f 209//386 2236//386 2255//386 210//386
f 17//387 221//387 2240//387 220//387
f 221//388 222//388 2241//388 2240//388
f 222//389 223//389 2242//389 2241//389
f 223//390 224//390 2243//390 2242//390
f 220//391 2240//391 2244//391 219//391
f 219//392 2244//392 2248//392 218//392
f 218//393 2248//393 2231//393 217//393
f 18//394 213//394 2252//394 227//394
f 213//395 212//395 2253//395 2252//395
f 212//396 211//396 2254//396 2253//396
f 211//397 210//397 2255//397 2254//397
f 227//398 2252//398 2256//398 226//398
f 226//399 2256//399 2260//399 225//399
f 225//400 2260//400 2243//400 224//400
f 2265//401 2266//401 2270//401 2269//401
f 2266//402 2267//402 2271//402 2270//402
f 2267//403 2268//403 2272//403 2271//403
f 2269//404 2270//404 2274//404 2273//404
f 2270//405 2271//405 2275//405 2274//405
f 2271//406 2272//406 2276//406 2275//406
f 2277//407 2278//407 2282//407 2281//407
f 2278//408 2279//408 2283//408 2282//408
f 2279//409 2280//409 2284//409 2283//409
f 2281//410 2282//410 2286//410 2285//410
f 2282//411 2283//411 2287//411 2286//411
f 2283//412 2284//412 2288//412 2287//412
f 2289//413 2290//413 2294//413 2293//413
f 2290//414 2291//414 2295//414 2294//414
f 2291//415 2292//415 2296//415 2295//415
f 2293//416 2294//416 2298//416 2297//416
f 2294//417 2295//417 2299//417 2298//417
f 2295//418 2296//418 2300//418 2299//418
f 2285//419 2286//419 2272//419 2268//419
f 2286//420 2287//420 2276//420 2272//420
f 2297//421 2298//421 2284//421 2280//421
f 2298//422 2299//422 2288//422 2284//422
f 2273//423 2274//423 2296//423 2292//423
f 2274//424 2275//424 2300//424 2296//424
f 2275//425 2276//425 2264//425 2300//425
f 2287//426 2288//426 2264//426 2276//426
f 2299//427 2300//427 2264//427 2288//427
f 10//428 389//428 2265//428 382//428
f 389//429 390//429 2266//429 2265//429
f 390//430 391//430 2267//430 2266//430
f 391//431 392//431 2268//431 2267//431
f 382//432 2265//432 2269//432 383//432
f 383//433 2269//433 2273//433 384//433
f 384//434 2273//434 2292//434 385//434
f 21//435 277//435 2277//435 395//435
f 277//436 278//436 2278//436 2277//436
f 278//437 279//437 2279//437 2278//437
f 279//438 280//438 2280//438 2279//438
f 395//439 2277//439 2281//439 394//439
f 394//440 2281//440 2285//440 393//440
f 393//441 2285//441 2268//441 392//441
f 9//442 388//442 2289//442 283//442
f 388//443 387//443 2290//443 2289//443
f 387//444 386//444 2291//444 2290//444
f 386//445 385//445 2292//445 2291//445
f 283//446 2289//446 2293//446 282//446
f 282//447 2293//447 2297//447 281//447
f 281//448 2297//448 2280//448 280//448
f 2301//449 2302//449 2309//449 2308//449
f 2302//450 2303//450 2310//450 2309//450
f 2303//451 2304//451 2311//451 2310//451
f 2304//452 2305//452 2312//452 2311//452
f 2305//453 2306//453 2313//453 2312//453
f 2306//454 2307//454 2314//454 2313//454
f 2308//455 2309//455 2316//455 2315//455
f 2309//456 2310//456 2317//456 2316//456
f 2310//457 2311//457 2318//457 2317//457
f 2311//458 2312//458 2319//458 2318//458
f 2312//459 2313//459 2320//459 2319//459
f 2313//460 2314//460 2321//460 2320//460
f 2315//461 2316//461 2323//461 2322//461
f 2316//462 2317//462 2324//462 2323//462
f 2317//463 2318//463 2325//463 2324//463
f 2318//464 2319//464 2326//464 2325//464
f 2319//465 2320//465 2327//465 2326//465
f 2320//466 2321//466 2328//466 2327//466
f 2322//467 2323//467 2330//467 2329//467
f 2323//468 2324//468 2331//468 2330//468
f 2324//469 2325//469 2332//469 2331//469
f 2325//470 2326//470 2333//470 2332//470
f 2326//471 2327//471 2334//471 2333//471
f 2327//472 2328//472 2335//472 2334//472
f 2329//473 2330//473 2337//473 2336//473
f 2330//474 2331//474 2338//474 2337//474
f 2331//475 2332//475 2339//475 2338//475
f 2332//476 2333//476 2340//476 2339//476
f 2333//477 2334//477 2341//477 2340//477
f 2334//478 2335//478 2342//478 2341//478
f 2336//479 2337//479 2344//479 2343//479
f 2337//480 2338//480 2345//480 2344//480
f 2338//481 2339//481 2346//481 2345//481
f 2339//482 2340//482 2347//482 2346//482
f 2340//483 2341//483 2348//483 2347//483
f 2341//484 2342//484 2349//484 2348//484
f 2//485 522//485 2301//485 199//485
f 522//486 523//486 2302//486 2301//486
f 523//487 524//487 2303//487 2302//487
f 524//488 525//488 2304//488 2303//488
f 525//489 526//489 2305//489 2304//489
f 526//490 527//490 2306//490 2305//490
f 527//491 528//491 2307//491 2306//491
f 528//492 129//492 550//492 2307//492
f 2307//493 550//493 551//493 2314//493
f 2314//494 551//494 552//494 2321//494
f 2321//495 552//495 553//495 2328//495
f 2328//496 553//496 554//496 2335//496
f 2335//497 554//497 555//497 2342//497
f 2342//498 555//498 556//498 2349//498
f 2349//499 556//499 1//499 515//499
f 2348//500 2349//500 515//500 516//500
f 2347//501 2348//501 516//501 517//501
f 2346//502 2347//502 517//502 518//502
f 2345//503 2346//503 518//503 519//503
f 2344//504 2345//504 519//504 520//504
f 2343//505 2344//505 520//505 521//505
f 193//506 2343//506 521//506 9//506
f 194//507 2336//507 2343//507 193//507
f 195//508 2329//508 2336//508 194//508
f 196//509 2322//509 2329//509 195//509
f 197//510 2315//510 2322//510 196//510
f 198//511 2308//511 2315//511 197//511
f 199//512 2301//512 2308//512 198//512
f 2350//513 2351//513 2358//513 2357//513
f 2351//514 2352//514 2359//514 2358//514
f 2352//515 2353//515 2360//515 2359//515
f 2353//516 2354//516 2361//516 2360//516
f 2354//517 2355//517 2362//517 2361//517
f 2355//518 2356//518 2363//518 2362//518
f 2357//519 2358//519 2365//519 2364//519
f 2358//520 2359//520 2366//520 2365//520
f 2359//521 2360//521 2367//521 2366//521
f 2360//522 2361//522 2368//522 2367//522
f 2361//523 2362//523 2369//523 2368//523
f 2362//524 2363//524 2370//524 2369//524
f 2364//525 2365//525 2372//525 2371//525
f 2365//526 2366//526 2373//526 2372//526
f 2366//527 2367//527 2374//527 2373//527
f 2367//528 2368//528 2375//528 2374//528
f 2368//529 2369//529 2376//529 2375//529
f 2369//530 2370//530 2377//530 2376//530
f 2371//531 2372//531 2379//531 2378//531
f 2372//532 2373//532 2380//532 2379//532
f 2373//533 2374//533 2381//533 2380//533
f 2374//534 2375//534 2382//534 2381//534
f 2375//535 2376//535 2383//535 2382//535
f 2376//536 2377//536 2384//536 2383//536
f 2378//537 2379//537 2386//537 2385//537
f 2379//538 2380//538 2387//538 2386//538
f 2380//539 2381//539 2388//539 2387//539
f 2381//540 2382//540 2389//540 2388//540
f 2382//541 2383//541 2390//541 2389//541
f 2383//542 2384//542 2391//542 2390//542
f 2385//543 2386//543 2393//543 2392//543
f 2386//544 2387//544 2394//544 2393//544
f 2387//545 2388//545 2395//545 2394//545
f 2388//546 2389//546 2396//546 2395//546
f 2389//547 2390//547 2397//547 2396//547
f 2390//548 2391//548 2398//548 2397//548
f 64//549 648//549 2350//549 647//549
f 648//550 649//550 2351//550 2350//550
f 649//551 650//551 2352//551 2351//551
f 650//552 651//552 2353//552 2352//552
f 651//553 652//553 2354//553 2353//553
f 652//554 653//554 2355//554 2354//554
f 653//555 654//555 2356//555 2355//555
f 654//556 65//556 655//556 2356//556
f 2356//557 655//557 656//557 2363//557
f 2363//558 656//558 657//558 2370//558
f 2370//559 657//559 658//559 2377//559
f 2377//560 658//560 659//560 2384//560
f 2384//561 659//561 660//561 2391//561
f 2391//562 660//562 661//562 2398//562
f 2398//563 661//563 124//563 486//563
f 2397//564 2398//564 486//564 485//564
f 2396//565 2397//565 485//565 484//565
f 2395//566 2396//566 484//566 483//566
f 2394//567 2395//567 483//567 482//567
f 2393//568 2394//568 482//568 481//568
f 2392//569 2393//569 481//569 480//569
f 641//570 2392//570 480//570 1//570
f 642//571 2385//571 2392//571 641//571
f 643//572 2378//572 2385//572 642//572
f 644//573 2371//573 2378//573 643//573
f 645//574 2364//574 2371//574 644//574
f 646//575 2357//575 2364//575 645//575
f 647//576 2350//576 2357//576 646//576
f 2399//577 2400//577 2407//577 2406//577
f 2400//578 2401//578 2408//578 2407//578
f 2401//579 2402//579 2409//579 2408//579
f 2402//580 2403//580 2410//580 2409//580
f 2403//581 2404//581 2411//581 2410//581
f 2404//582 2405//582 2412//582 2411//582
f 2406//583 2407//583 2414//583 2413//583
f 2407//584 2408//584 2415//584 2414//584
f 2408//585 2409//585 2416//585 2415//585
f 2409//586 2410//586 2417//586 2416//586
f 2410//587 2411//587 2418//587 2417//587
f 2411//588 2412//588 2419//588 2418//588
f 2413//589 2414//589 2421//589 2420//589
f 2414//590 2415//590 2422//590 2421//590
f 2415//591 2416//591 2423//591 2422//591
f 2416//592 2417//592 2424//592 2423//592
f 2417//593 2418//593 2425//593 2424//593
f 2418//594 2419//594 2426//594 2425//594
f 2420//595 2421//595 2428//595 2427//595
f 2421//596 2422//596 2429//596 2428//596
f 2422//597 2423//597 2430//597 2429//597
f 2423//598 2424//598 2431//598 2430//598
f 2424//599 2425//599 2432//599 2431//599
f 2425//600 2426//600 2433//600 2432//600
f 2427//601 2428//601 2435//601 2434//601
f 2428//602 2429//602 2436//602 2435//602
f 2429//603 2430//603 2437//603 2436//603
f 2430//604 2431//604 2438//604 2437//604
f 2431//605 2432//605 2439//605 2438//605
f 2432//606 2433//606 2440//606 2439//606
f 2434//607 2435//607 2442//607 2441//607
f 2435//608 2436//608 2443//608 2442//608
f 2436//609 2437//609 2444//609 2443//609
f 2437//610 2438//610 2445//610 2444//610
f 2438//611 2439//611 2446//611 2445//611
f 2439//612 2440//612 2447//612 2446//612
f 63//613 620//613 2399//613 619//613
f 620//614 621//614 2400//614 2399//614
f 621//615 622//615 2401//615 2400//615
f 622//616 623//616 2402//616 2401//616
f 623//617 624//617 2403//617 2402//617
f 624//618 625//618 2404//618 2403//618
f 625//619 626//619 2405//619 2404//619
f 626//620 62//620 627//620 2405//620
f 2405//621 627//621 628//621 2412//621
f 2412//622 628//622 629//622 2419//622
f 2419//623 629//623 630//623 2426//623
f 2426//624 630//624 631//624 2433//624
f 2433//625 631//625 632//625 2440//625
f 2440//626 632//626 633//626 2447//626
f 2447//627 633//627 61//627 634//627
f 2446//628 2447//628 634//628 635//628
f 2445//629 2446//629 635//629 636//629
f 2444//630 2445//630 636//630 637//630
f 2443//631 2444//631 637//631 638//631
f 2442//632 2443//632 638//632 639//632
f 2441//633 2442//633 639//633 640//633
f 613//634 2441//634 640//634 60//634
f 614//635 2434//635 2441//635 613//635
f 615//636 2427//636 2434//636 614//636
f 616//637 2420//637 2427//637 615//637
f 617//638 2413//638 2420//638 616//638
f 618//639 2406//639 2413//639 617//639
f 619//640 2399//640 2406//640 618//640
f 2448//641 2449//641 2456//641 2455//641
f 2449//642 2450//642 2457//642 2456//642
f 2450//643 2451//643 2458//643 2457//643
f 2451//644 2452//644 2459//644 2458//644
f 2452//645 2453//645 2460//645 2459//645
f 2453//646 2454//646 2461//646 2460//646
f 2455//647 2456//647 2463//647 2462//647
f 2456//648 2457//648 2464//648 2463//648
f 2457//649 2458//649 2465//649 2464//649
f 2458//650 2459//650 2466//650 2465//650
f 2459//651 2460//651 2467//651 2466//651
f 2460//652 2461//652 2468//652 2467//652
f 2462//653 2463//653 2470//653 2469//653
f 2463//654 2464//654 2471//654 2470//654
f 2464//655 2465//655 2472//655 2471//655
f 2465//656 2466//656 2473//656 2472//656
f 2466//657 2467//657 2474//657 2473//657
f 2467//658 2468//658 2475//658 2474//658
f 2469//659 2470//659 2477//659 2476//659
f 2470//660 2471//660 2478//660 2477//660
f 2471//661 2472//661 2479//661 2478//661
f 2472//662 2473//662 2480//662 2479//662
f 2473//663 2474//663 2481//663 2480//663
f 2474//664 2475//664 2482//664 2481//664
f 2476//665 2477//665 2484//665 2483//665
f 2477//666 2478//666 2485//666 2484//666
f 2478//667 2479//667 2486//667 2485//667
f 2479//668 2480//668 2487//668 2486//668
f 2480//669 2481//669 2488//669 2487//669
f 2481//670 2482//670 2489//670 2488//670
f 2483//671 2484//671 2491//671 2490//671
f 2484//672 2485//672 2492//672 2491//672
f 2485//673 2486//673 2493//673 2492//673
f 2486//674 2487//674 2494//674 2493//674
f 2487//675 2488//675 2495//675 2494//675
f 2488//676 2489//676 2496//676 2495//676
f 31//677 263//677 2448//677 290//677
f 263//678 264//678 2449//678 2448//678
f 264//679 265//679 2450//679 2449//679
f 265//680 266//680 2451//680 2450//680
f 266//681 267//681 2452//681 2451//681
f 267//682 268//682 2453//682 2452//682
f 268//683 269//683 2454//683 2453//683
f 269//684 30//684 186//684 2454//684
f 2454//685 186//685 187//685 2461//685
f 2461//686 187//686 188//686 2468//686
f 2468//687 188//687 189//687 2475//687
f 2475//688 189//688 190//688 2482//688
f 2482//689 190//689 191//689 2489//689
f 2489//690 191//690 192//690 2496//690
f 2496//691 192//691 29//691 158//691
f 2495//692 2496//692 158//692 159//692
f 2494//693 2495//693 159//693 160//693
f 2493//694 2494//694 160//694 161//694
f 2492//695 2493//695 161//695 162//695
f 2491//696 2492//696 162//696 163//696
f 2490//697 2491//697 163//697 164//697
f 284//698 2490//698 164//698 28//698
f 285//699 2483//699 2490//699 284//699
f 286//700 2476//700 2483//700 285//700
f 287//701 2469//701 2476//701 286//701
f 288//702 2462//702 2469//702 287//702
f 289//703 2455//703 2462//703 288//703
f 290//704 2448//704 2455//704 289//704
f 2497//705 2498//705 2505//705 2504//705
f 2498//706 2499//706 2506//706 2505//706
f 2499//707 2500//707 2507//707 2506//707
f 2500//708 2501//708 2508//708 2507//708
f 2501//709 2502//709 2509//709 2508//709
f 2502//710 2503//710 2510//710 2509//710
f 2504//711 2505//711 2512//711 2511//711
f 2505//712 2506//712 2513//712 2512//712
f 2506//713 2507//713 2514//713 2513//713
f 2507//714 2508//714 2515//714 2514//714
f 2508//715 2509//715 2516//715 2515//715
f 2509//716 2510//716 2517//716 2516//716
f 2511//717 2512//717 2519//717 2518//717
f 2512//718 2513//718 2520//718 2519//718
f 2513//719 2514//719 2521//719 2520//719
f 2514//720 2515//720 2522//720 2521//720
f 2515//721 2516//721 2523//721 2522//721
f 2516//722 2517//722 2524//722 2523//722
f 2518//723 2519//723 2526//723 2525//723
f 2519//724 2520//724 2527//724 2526//724
f 2520//725 2521//725 2528//725 2527//725
f 2521//726 2522//726 2529//726 2528//726
f 2522//727 2523//727 2530//727 2529//727
f 2523//728 2524//728 2531//728 2530//728
f 2525//729 2526//729 2533//729 2532//729
f 2526//730 2527//730 2534//730 2533//730
f 2527//731 2528//731 2535//731 2534//731
f 2528//732 2529//732 2536//732 2535//732
f 2529//733 2530//733 2537//733 2536//733
f 2530//734 2531//734 2538//734 2537//734
f 2532//735 2533//735 2540//735 2539//735
f 2533//736 2534//736 2541//736 2540//736
f 2534//737 2535//737 2542//737 2541//737
f 2535//738 2536//738 2543//738 2542//738
f 2536//739 2537//739 2544//739 2543//739
f 2537//740 2538//740 2545//740 2544//740
f 59//741 592//741 2497//741 591//741
f 592//742 593//742 2498//742 2497//742
f 593//743 594//743 2499//743 2498//743
f 594//744 595//744 2500//744 2499//744
f 595//745 596//745 2501//745 2500//745
f 596//746 597//746 2502//746 2501//746
f 597//747 598//747 2503//747 2502//747
f 598//748 58//748 599//748 2503//748
f 2503//749 599//749 600//749 2510//749
f 2510//750 600//750 601//750 2517//750
f 2517//751 601//751 602//751 2524//751
f 2524//752 602//752 603//752 2531//752
f 2531//753 603//753 604//753 2538//753
f 2538//754 604//754 605//754 2545//754
f 2545//755 605//755 57//755 606//755
f 2544//756 2545//756 606//756 607//756
f 2543//757 2544//757 607//757 608//757
f 2542//758 2543//758 608//758 609//758
f 2541//759 2542//759 609//759 610//759
f 2540//760 2541//760 610//760 611//760
f 2539//761 2540//761 611//761 612//761
f 585//762 2539//762 612//762 56//762
f 586//763 2532//763 2539//763 585//763
f 587//764 2525//764 2532//764 586//764
f 588//765 2518//765 2525//765 587//765
f 589//766 2511//766 2518//766 588//766
f 590//767 2504//767 2511//767 589//767
f 591//768 2497//768 2504//768 590//768
f 2547//769 2548//769 2552//769 2551//769
f 2548//770 2549//770 2553//770 2552//770
f 2549//771 2550//771 2554//771 2553//771
f 2551//772 2552//772 2556//772 2555//772
f 2552//773 2553//773 2557//773 2556//773
f 2553//774 2554//774 2558//774 2557//774
f 2559//775 2560//775 2564//775 2563//775
f 2560//776 2561//776 2565//776 2564//776
f 2561//777 2562//777 2566//777 2565//777
f 2563//778 2564//778 2568//778 2567//778
f 2564//779 2565//779 2569//779 2568//779
f 2565//780 2566//780 2570//780 2569//780
f 2571//781 2572//781 2576//781 2575//781
f 2572//782 2573//782 2577//782 2576//782
f 2573//783 2574//783 2578//783 2577//783
f 2575//784 2576//784 2580//784 2579//784
f 2576//785 2577//785 2581//785 2580//785
f 2577//786 2578//786 2582//786 2581//786
f 2567//787 2568//787 2554//787 2550//787
f 2568//788 2569//788 2558//788 2554//788
f 2579//789 2580//789 2566//789 2562//789
f 2580//790 2581//790 2570//790 2566//790
f 2555//791 2556//791 2578//791 2574//791
f 2556//792 2557//792 2582//792 2578//792
f 2557//793 2558//793 2546//793 2582//793
f 2569//794 2570//794 2546//794 2558//794
f 2581//795 2582//795 2546//795 2570//795
f 9//796 185//796 2547//796 291//796
f 185//797 184//797 2548//797 2547//797
f 184//798 183//798 2549//798 2548//798
f 183//799 182//799 2550//799 2549//799
f 291//800 2547//800 2551//800 292//800
f 292//801 2551//801 2555//801 293//801
f 293//802 2555//802 2574//802 294//802
f 44//803 171//803 2559//803 179//803
f 171//804 170//804 2560//804 2559//804
f 170//805 169//805 2561//805 2560//805
f 169//806 168//806 2562//806 2561//806
f 179//807 2559//807 2563//807 180//807
f 180//808 2563//808 2567//808 181//808
f 181//809 2567//809 2550//809 182//809
f 22//810 297//810 2571//810 165//810
f 297//811 296//811 2572//811 2571//811
f 296//812 295//812 2573//812 2572//812
f 295//813 294//813 2574//813 2573//813
f 165//814 2571//814 2575//814 166//814
f 166//815 2575//815 2579//815 167//815
f 167//816 2579//816 2562//816 168//816
f 2584//817 2585//817 2589//817 2588//817
f 2585//818 2586//818 2590//818 2589//818
f 2586//819 2587//819 2591//819 2590//819
f 2588//820 2589//820 2593//820 2592//820
f 2589//821 2590//821 2594//821 2593//821
f 2590//822 2591//822 2595//822 2594//822
f 2596//823 2597//823 2601//823 2600//823
f 2597//824 2598//824 2602//824 2601//824
f 2598//825 2599//825 2603//825 2602//825
f 2600//826 2601//826 2605//826 2604//826
f 2601//827 2602//827 2606//827 2605//827
f 2602//828 2603//828 2607//828 2606//828
f 2608//829 2609//829 2613//829 2612//829
f 2609//830 2610//830 2614//830 2613//830
f 2610//831 2611//831 2615//831 2614//831
f 2612//832 2613//832 2617//832 2616//832
f 2613//833 2614//833 2618//833 2617//833
f 2614//834 2615//834 2619//834 2618//834
f 2604//835 2605//835 2591//835 2587//835
f 2605//836 2606//836 2595//836 2591//836
f 2616//837 2617//837 2603//837 2599//837
f 2617//838 2618//838 2607//838 2603//838
f 2592//839 2593//839 2615//839 2611//839
f 2593//840 2594//840 2619//840 2615//840
f 2594//841 2595//841 2583//841 2619//841
f 2606//842 2607//842 2583//842 2595//842
f 2618//843 2619//843 2583//843 2607//843
f 21//844 298//844 2584//844 277//844
f 298//845 299//845 2585//845 2584//845
f 299//846 300//846 2586//846 2585//846
f 300//847 301//847 2587//847 2586//847
f 277//848 2584//848 2588//848 278//848
f 278//849 2588//849 2592//849 279//849
f 279//850 2592//850 2611//850 280//850
f 2//851 199//851 2596//851 304//851
f 199//852 198//852 2597//852 2596//852
f 198//853 197//853 2598//853 2597//853
f 197//854 196//854 2599//854 2598//854
f 304//855 2596//855 2600//855 303//855
f 303//856 2600//856 2604//856 302//856
f 302//857 2604//857 2587//857 301//857
f 9//858 283//858 2608//858 193//858
f 283//859 282//859 2609//859 2608//859
f 282//860 281//860 2610//860 2609//860
f 281//861 280//861 2611//861 2610//861
f 193//862 2608//862 2612//862 194//862
f 194//863 2612//863 2616//863 195//863
f 195//864 2616//864 2599//864 196//864
f 2620//865 2621//865 2628//865 2627//865
f 2621//866 2622//866 2629//866 2628//866
f 2622//867 2623//867 2630//867 2629//867
f 2623//868 2624//868 2631//868 2630//868
f 2624//869 2625//869 2632//869 2631//869
f 2625//870 2626//870 2633//870 2632//870
f 2627//871 2628//871 2635//871 2634//871
f 2628//872 2629//872 2636//872 2635//872
f 2629//873 2630//873 2637//873 2636//873
f 2630//874 2631//874 2638//874 2637//874
f 2631//875 2632//875 2639//875 2638//875
f 2632//876 2633//876 2640//876 2639//876
f 2634//877 2635//877 2642//877 2641//877
f 2635//878 2636//878 2643//878 2642//878
f 2636//879 2637//879 2644//879 2643//879
f 2637//880 2638//880 2645//880 2644//880
f 2638//881 2639//881 2646//881 2645//881
f 2639//882 2640//882 2647//882 2646//882
f 2641//883 2642//883 2649//883 2648//883
f 2642//884 2643//884 2650//884 2649//884
f 2643//885 2644//885 2651//885 2650//885
f 2644//886 2645//886 2652//886 2651//886
f 2645//887 2646//887 2653//887 2652//887
f 2646//888 2647//888 2654//888 2653//888
f 2648//889 2649//889 2656//889 2655//889
f 2649//890 2650//890 2657//890 2656//890
f 2650//891 2651//891 2658//891 2657//891
f 2651//892 2652//892 2659//892 2658//892
f 2652//893 2653//893 2660//893 2659//893
f 2653//894 2654//894 2661//894 2660//894
f 2655//895 2656//895 2663//895 2662//895
f 2656//896 2657//896 2664//896 2663//896
f 2657//897 2658//897 2665//897 2664//897
f 2658//898 2659//898 2666//898 2665//898
f 2659//899 2660//899 2667//899 2666//899
f 2660//900 2661//900 2668//900 2667//900
f 43//901 564//901 2620//901 563//901
f 564//902 565//902 2621//902 2620//902
f 565//903 566//903 2622//903 2621//903
f 566//904 567//904 2623//904 2622//904
f 567//905 568//905 2624//905 2623//905
f 568//906 569//906 2625//906 2624//906
f 569//907 570//907 2626//907 2625//907
f 570//908 42//908 571//908 2626//908
f 2626//909 571//909 572//909 2633//909
f 2633//910 572//910 573//910 2640//910
f 2640//911 573//911 574//911 2647//911
f 2647//912 574//912 575//912 2654//912
f 2654//913 575//913 576//913 2661//913
f 2661//914 576//914 577//914 2668//914
f 2668//915 577//915 41//915 578//915
f 2667//916 2668//916 578//916 579//916
f 2666//917 2667//917 579//917 580//917
f 2665//918 2666//918 580//918 581//918
f 2664//919 2665//919 581//919 582//919
f 2663//920 2664//920 582//920 583//920
f 2662//921 2663//921 583//921 584//921
f 557//922 2662//922 584//922 40//922
f 558//923 2655//923 2662//923 557//923
f 559//924 2648//924 2655//924 558//924
f 560//925 2641//925 2648//925 559//925
f 561//926 2634//926 2641//926 560//926
f 562//927 2627//927 2634//927 561//927
f 563//928 2620//928 2627//928 562//928
f 2670//929 2671//929 2675//929 2674//929
f 2671//930 2672//930 2676//930 2675//930
f 2672//931 2673//931 2677//931 2676//931
f 2674//932 2675//932 2679//932 2678//932
f 2675//933 2676//933 2680//933 2679//933
f 2676//934 2677//934 2681//934 2680//934
f 2682//935 2683//935 2687//935 2686//935
f 2683//936 2684//936 2688//936 2687//936
f 2684//937 2685//937 2689//937 2688//937
f 2686//938 2687//938 2691//938 2690//938
f 2687//939 2688//939 2692//939 2691//939
f 2688//940 2689//940 2693//940 2692//940
f 2694//941 2695//941 2699//941 2698//941
f 2695//942 2696//942 2700//942 2699//942
f 2696//943 2697//943 2701//943 2700//943
f 2698//944 2699//944 2703//944 2702//944
f 2699//945 2700//945 2704//945 2703//945
f 2700//946 2701//946 2705//946 2704//946
f 2690//947 2691//947 2677//947 2673//947
f 2691//948 2692//948 2681//948 2677//948
f 2702//949 2703//949 2689//949 2685//949
f 2703//950 2704//950 2693//950 2689//950
f 2678//951 2679//951 2701//951 2697//951
f 2679//952 2680//952 2705//952 2701//952
f 2680//953 2681//953 2669//953 2705//953
f 2692//954 2693//954 2669//954 2681//954
f 2704//955 2705//955 2669//955 2693//955
f 3//956 319//956 2670//956 312//956
f 319//957 320//957 2671//957 2670//957
f 320//958 321//958 2672//958 2671//958
f 321//959 322//959 2673//959 2672//959
f 312//960 2670//960 2674//960 313//960
f 313//961 2674//961 2678//961 314//961
f 314//962 2678//962 2697//962 315//962
f 17//963 220//963 2682//963 325//963
f 220//964 219//964 2683//964 2682//964
f 219//965 218//965 2684//965 2683//965
f 218//966 217//966 2685//966 2684//966
f 325//967 2682//967 2686//967 324//967
f 324//968 2686//968 2690//968 323//968
f 323//969 2690//969 2673//969 322//969
f 2//970 318//970 2694//970 214//970
f 318//971 317//971 2695//971 2694//971
f 317//972 316//972 2696//972 2695//972
f 316//973 315//973 2697//973 2696//973
f 214//974 2694//974 2698//974 215//974
f 215//975 2698//975 2702//975 216//975
f 216//976 2702//976 2685//976 217//976
f 2707//977 2708//977 2712//977 2711//977
f 2708//978 2709//978 2713//978 2712//978
f 2709//979 2710//979 2714//979 2713//979
f 2711//980 2712//980 2716//980 2715//980
f 2712//981 2713//981 2717//981 2716//981
f 2713//982 2714//982 2718//982 2717//982
f 2719//983 2720//983 2724//983 2723//983
f 2720//984 2721//984 2725//984 2724//984
f 2721//985 2722//985 2726//985 2725//985
f 2723//986 2724//986 2728//986 2727//986
f 2724//987 2725//987 2729//987 2728//987
f 2725//988 2726//988 2730//988 2729//988
f 2731//989 2732//989 2736//989 2735//989
f 2732//990 2733//990 2737//990 2736//990
f 2733//991 2734//991 2738//991 2737//991
f 2735//992 2736//992 2740//992 2739//992
f 2736//993 2737//993 2741//993 2740//993
f 2737//994 2738//994 2742//994 2741//994
f 2727//995 2728//995 2714//995 2710//995
f 2728//996 2729//996 2718//996 2714//996
f 2739//997 2740//997 2726//997 2722//997
f 2740//998 2741//998 2730//998 2726//998
f 2715//999 2716//999 2738//999 2734//999
f 2716//1000 2717//1000 2742//1000 2738//1000
f 2717//1001 2718//1001 2706//1001 2742//1001
f 2729//1002 2730//1002 2706//1002 2718//1002
f 2741//1003 2742//1003 2706//1003 2730//1003
f 3//1004 326//1004 2707//1004 319//1004
f 326//1005 327//1005 2708//1005 2707//1005
f 327//1006 328//1006 2709//1006 2708//1006
f 328//1007 329//1007 2710//1007 2709//1007
f 319//1008 2707//1008 2711//1008 320//1008
f 320//1009 2711//1009 2715//1009 321//1009
f 321//1010 2715//1010 2734//1010 322//1010
f 20//1011 234//1011 2719//1011 332//1011
f 234//1012 233//1012 2720//1012 2719//1012
f 233//1013 232//1013 2721//1013 2720//1013
f 232//1014 231//1014 2722//1014 2721//1014
f 332//1015 2719//1015 2723//1015 331//1015
f 331//1016 2723//1016 2727//1016 330//1016
f 330//1017 2727//1017 2710//1017 329//1017
f 17//1018 325//1018 2731//1018 228//1018
f 325//1019 324//1019 2732//1019 2731//1019
f 324//1020 323//1020 2733//1020 2732//1020
f 323//1021 322//1021 2734//1021 2733//1021
f 228//1022 2731//1022 2735//1022 229//1022
f 229//1023 2735//1023 2739//1023 230//1023
f 230//1024 2739//1024 2722//1024 231//1024
f 2743//1025 2744//1025 2751//1025 2750//1025
f 2744//1026 2745//1026 2752//1026 2751//1026
f 2745//1027 2746//1027 2753//1027 2752//1027
f 2746//1028 2747//1028 2754//1028 2753//1028
f 2747//1029 2748//1029 2755//1029 2754//1029
f 2748//1030 2749//1030 2756//1030 2755//1030
f 2750//1031 2751//1031 2758//1031 2757//1031
f 2751//1032 2752//1032 2759//1032 2758//1032
f 2752//1033 2753//1033 2760//1033 2759//1033
f 2753//1034 2754//1034 2761//1034 2760//1034
f 2754//1035 2755//1035 2762//1035 2761//1035
f 2755//1036 2756//1036 2763//1036 2762//1036
f 2757//1037 2758//1037 2765//1037 2764//1037
f 2758//1038 2759//1038 2766//1038 2765//1038
f 2759//1039 2760//1039 2767//1039 2766//1039
f 2760//1040 2761//1040 2768//1040 2767//1040
f 2761//1041 2762//1041 2769//1041 2768//1041
f 2762//1042 2763//1042 2770//1042 2769//1042
f 2764//1043 2765//1043 2772//1043 2771//1043
f 2765//1044 2766//1044 2773//1044 2772//1044
f 2766//1045 2767//1045 2774//1045 2773//1045
f 2767//1046 2768//1046 2775//1046 2774//1046
f 2768//1047 2769//1047 2776//1047 2775//1047
f 2769//1048 2770//1048 2777//1048 2776//1048
f 2771//1049 2772//1049 2779//1049 2778//1049
f 2772//1050 2773//1050 2780//1050 2779//1050
f 2773//1051 2774//1051 2781//1051 2780//1051
f 2774//1052 2775//1052 2782//1052 2781//1052
f 2775//1053 2776//1053 2783//1053 2782//1053
f 2776//1054 2777//1054 2784//1054 2783//1054
f 2778//1055 2779//1055 2786//1055 2785//1055
f 2779//1056 2780//1056 2787//1056 2786//1056
f 2780//1057 2781//1057 2788//1057 2787//1057
f 2781//1058 2782//1058 2789//1058 2788//1058
f 2782//1059 2783//1059 2790//1059 2789//1059
f 2783//1060 2784//1060 2791//1060 2790//1060
f 9//1061 521//1061 2743//1061 185//1061
f 521//1062 520//1062 2744//1062 2743//1062
f 520//1063 519//1063 2745//1063 2744//1063
f 519//1064 518//1064 2746//1064 2745//1064
f 518//1065 517//1065 2747//1065 2746//1065
f 517//1066 516//1066 2748//1066 2747//1066
f 516//1067 515//1067 2749//1067 2748//1067
f 515//1068 1//1068 529//1068 2749//1068
f 2749//1069 529//1069 530//1069 2756//1069
f 2756//1070 530//1070 531//1070 2763//1070
f 2763//1071 531//1071 532//1071 2770//1071
f 2770//1072 532//1072 533//1072 2777//1072
f 2777//1073 533//1073 534//1073 2784//1073
f 2784//1074 534//1074 535//1074 2791//1074
f 2791//1075 535//1075 128//1075 507//1075
f 2790//1076 2791//1076 507//1076 506//1076
f 2789//1077 2790//1077 506//1077 505//1077
f 2788//1078 2789//1078 505//1078 504//1078
f 2787//1079 2788//1079 504//1079 503//1079
f 2786//1080 2787//1080 503//1080 502//1080
f 2785//1081 2786//1081 502//1081 501//1081
f 179//1082 2785//1082 501//1082 44//1082
f 180//1083 2778//1083 2785//1083 179//1083
f 181//1084 2771//1084 2778//1084 180//1084
f 182//1085 2764//1085 2771//1085 181//1085
f 183//1086 2757//1086 2764//1086 182//1086
f 184//1087 2750//1087 2757//1087 183//1087
f 185//1088 2743//1088 2750//1088 184//1088
f 2792//1089 2793//1089 2800//1089 2799//1089
f 2793//1090 2794//1090 2801//1090 2800//1090
f 2794//1091 2795//1091 2802//1091 2801//1091
f 2795//1092 2796//1092 2803//1092 2802//1092
f 2796//1093 2797//1093 2804//1093 2803//1093
f 2797//1094 2798//1094 2805//1094 2804//1094
f 2799//1095 2800//1095 2807//1095 2806//1095
f 2800//1096 2801//1096 2808//1096 2807//1096
f 2801//1097 2802//1097 2809//1097 2808//1097
f 2802//1098 2803//1098 2810//1098 2809//1098
f 2803//1099 2804//1099 2811//1099 2810//1099
f 2804//1100 2805//1100 2812//1100 2811//1100
f 2806//1101 2807//1101 2814//1101 2813//1101
f 2807//1102 2808//1102 2815//1102 2814//1102
f 2808//1103 2809//1103 2816//1103 2815//1103
f 2809//1104 2810//1104 2817//1104 2816//1104
f 2810//1105 2811//1105 2818//1105 2817//1105
f 2811//1106 2812//1106 2819//1106 2818//1106
f 2813//1107 2814//1107 2821//1107 2820//1107
f 2814//1108 2815//1108 2822//1108 2821//1108
f 2815//1109 2816//1109 2823//1109 2822//1109
f 2816//1110 2817//1110 2824//1110 2823//1110
f 2817//1111 2818//1111 2825//1111 2824//1111
f 2818//1112 2819//1112 2826//1112 2825//1112
f 2820//1113 2821//1113 2828//1113 2827//1113
f 2821//1114 2822//1114 2829//1114 2828//1114
f 2822//1115 2823//1115 2830//1115 2829//1115
f 2823//1116 2824//1116 2831//1116 2830//1116
f 2824//1117 2825//1117 2832//1117 2831//1117
f 2825//1118 2826//1118 2833//1118 2832//1118
f 2827//1119 2828//1119 2835//1119 2834//1119
f 2828//1120 2829//1120 2836//1120 2835//1120
f 2829//1121 2830//1121 2837//1121 2836//1121
f 2830//1122 2831//1122 2838//1122 2837//1122
f 2831//1123 2832//1123 2839//1123 2838//1123
f 2832//1124 2833//1124 2840//1124 2839//1124
f 44//1125 501//1125 2792//1125 172//1125
f 501//1126 502//1126 2793//1126 2792//1126
f 502//1127 503//1127 2794//1127 2793//1127
f 503//1128 504//1128 2795//1128 2794//1128
f 504//1129 505//1129 2796//1129 2795//1129
f 505//1130 506//1130 2797//1130 2796//1130
f 506//1131 507//1131 2798//1131 2797//1131
f 507//1132 128//1132 536//1132 2798//1132
f 2798//1133 536//1133 537//1133 2805//1133
f 2805//1134 537//1134 538//1134 2812//1134
f 2812//1135 538//1135 539//1135 2819//1135
f 2819//1136 539//1136 540//1136 2826//1136
f 2826//1137 540//1137 541//1137 2833//1137
f 2833//1138 541//1138 542//1138 2840//1138
f 2840//1139 542//1139 127//1139 514//1139
f 2839//1140 2840//1140 514//1140 513//1140
f 2838//1141 2839//1141 513//1141 512//1141
f 2837//1142 2838//1142 512//1142 511//1142
f 2836//1143 2837//1143 511//1143 510//1143
f 2835//1144 2836//1144 510//1144 509//1144
f 2834//1145 2835//1145 509//1145 508//1145
f 178//1146 2834//1146 508//1146 45//1146
f 177//1147 2827//1147 2834//1147 178//1147
f 176//1148 2820//1148 2827//1148 177//1148
f 175//1149 2813//1149 2820//1149 176//1149
f 174//1150 2806//1150 2813//1150 175//1150
f 173//1151 2799//1151 2806//1151 174//1151
f 172//1152 2792//1152 2799//1152 173//1152
f 2842//1153 2843//1153 2847//1153 2846//1153
f 2843//1154 2844//1154 2848//1154 2847//1154
f 2844//1155 2845//1155 2849//1155 2848//1155
f 2846//1156 2847//1156 2851//1156 2850//1156
f 2847//1157 2848//1157 2852//1157 2851//1157
f 2848//1158 2849//1158 2853//1158 2852//1158
f 2854//1159 2855//1159 2859//1159 2858//1159
f 2855//1160 2856//1160 2860//1160 2859//1160
f 2856//1161 2857//1161 2861//1161 2860//1161
f 2858//1162 2859//1162 2863//1162 2862//1162
f 2859//1163 2860//1163 2864//1163 2863//1163
f 2860//1164 2861//1164 2865//1164 2864//1164
f 2866//1165 2867//1165 2871//1165 2870//1165
f 2867//1166 2868//1166 2872//1166 2871//1166
f 2868//1167 2869//1167 2873//1167 2872//1167
f 2870//1168 2871//1168 2875//1168 2874//1168
f 2871//1169 2872//1169 2876//1169 2875//1169
f 2872//1170 2873//1170 2877//1170 2876//1170
f 2862//1171 2863//1171 2849//1171 2845//1171
f 2863//1172 2864//1172 2853//1172 2849//1172
f 2874//1173 2875//1173 2861//1173 2857//1173
f 2875//1174 2876//1174 2865//1174 2861//1174
f 2850//1175 2851//1175 2873//1175 2869//1175
f 2851//1176 2852//1176 2877//1176 2873//1176
f 2852//1177 2853//1177 2841//1177 2877//1177
f 2864//1178 2865//1178 2841//1178 2853//1178
f 2876//1179 2877//1179 2841//1179 2865//1179
f 4//1180 354//1180 2842//1180 347//1180
f 354//1181 355//1181 2843//1181 2842//1181
f 355//1182 356//1182 2844//1182 2843//1182
f 356//1183 357//1183 2845//1183 2844//1183
f 347//1184 2842//1184 2846//1184 348//1184
f 348//1185 2846//1185 2850//1185 349//1185
f 349//1186 2850//1186 2869//1186 350//1186
f 21//1187 276//1187 2854//1187 360//1187
f 276//1188 275//1188 2855//1188 2854//1188
f 275//1189 274//1189 2856//1189 2855//1189
f 274//1190 273//1190 2857//1190 2856//1190
f 360//1191 2854//1191 2858//1191 359//1191
f 359//1192 2858//1192 2862//1192 358//1192
f 358//1193 2862//1193 2845//1193 357//1193
f 23//1194 353//1194 2866//1194 270//1194
f 353//1195 352//1195 2867//1195 2866//1195
f 352//1196 351//1196 2868//1196 2867//1196
f 351//1197 350//1197 2869//1197 2868//1197
f 270//1198 2866//1198 2870//1198 271//1198
f 271//1199 2870//1199 2874//1199 272//1199
f 272//1200 2874//1200 2857//1200 273//1200
f 2878//1201 2879//1201 2886//1201 2885//1201
f 2879//1202 2880//1202 2887//1202 2886//1202
f 2880//1203 2881//1203 2888//1203 2887//1203
f 2881//1204 2882//1204 2889//1204 2888//1204
f 2882//1205 2883//1205 2890//1205 2889//1205
f 2883//1206 2884//1206 2891//1206 2890//1206
f 2885//1207 2886//1207 2893//1207 2892//1207
f 2886//1208 2887//1208 2894//1208 2893//1208
f 2887//1209 2888//1209 2895//1209 2894//1209
f 2888//1210 2889//1210 2896//1210 2895//1210
f 2889//1211 2890//1211 2897//1211 2896//1211
f 2890//1212 2891//1212 2898//1212 2897//1212
f 2892//1213 2893//1213 2900//1213 2899//1213
f 2893//1214 2894//1214 2901//1214 2900//1214
f 2894//1215 2895//1215 2902//1215 2901//1215
f 2895//1216 2896//1216 2903//1216 2902//1216
f 2896//1217 2897//1217 2904//1217 2903//1217
f 2897//1218 2898//1218 2905//1218 2904//1218
f 2899//1219 2900//1219 2907//1219 2906//1219
f 2900//1220 2901//1220 2908//1220 2907//1220
f 2901//1221 2902//1221 2909//1221 2908//1221
f 2902//1222 2903//1222 2910//1222 2909//1222
f 2903//1223 2904//1223 2911//1223 2910//1223
f 2904//1224 2905//1224 2912//1224 2911//1224
f 2906//1225 2907//1225 2914//1225 2913//1225
f 2907//1226 2908//1226 2915//1226 2914//1226
f 2908//1227 2909//1227 2916//1227 2915//1227
f 2909//1228 2910//1228 2917//1228 2916//1228
f 2910//1229 2911//1229 2918//1229 2917//1229
f 2911//1230 2912//1230 2919//1230 2918//1230
f 2913//1231 2914//1231 2921//1231 2920//1231
f 2914//1232 2915//1232 2922//1232 2921//1232
f 2915//1233 2916//1233 2923//1233 2922//1233
f 2916//1234 2917//1234 2924//1234 2923//1234
f 2917//1235 2918//1235 2925//1235 2924//1235
f 2918//1236 2919//1236 2926//1236 2925//1236
f 45//1237 508//1237 2878//1237 206//1237
f 508//1238 509//1238 2879//1238 2878//1238
f 509//1239 510//1239 2880//1239 2879//1239
f 510//1240 511//1240 2881//1240 2880//1240
f 511//1241 512//1241 2882//1241 2881//1241
f 512//1242 513//1242 2883//1242 2882//1242
f 513//1243 514//1243 2884//1243 2883//1243
f 514//1244 127//1244 543//1244 2884//1244
f 2884//1245 543//1245 544//1245 2891//1245
f 2891//1246 544//1246 545//1246 2898//1246
f 2898//1247 545//1247 546//1247 2905//1247
f 2905//1248 546//1248 547//1248 2912//1248
f 2912//1249 547//1249 548//1249 2919//1249
f 2919//1250 548//1250 549//1250 2926//1250
f 2926//1251 549//1251 129//1251 528//1251
f 2925//1252 2926//1252 528//1252 527//1252
f 2924//1253 2925//1253 527//1253 526//1253
f 2923//1254 2924//1254 526//1254 525//1254
f 2922//1255 2923//1255 525//1255 524//1255
f 2921//1256 2922//1256 524//1256 523//1256
f 2920//1257 2921//1257 523//1257 522//1257
f 200//1258 2920//1258 522//1258 2//1258
f 201//1259 2913//1259 2920//1259 200//1259
f 202//1260 2906//1260 2913//1260 201//1260
f 203//1261 2899//1261 2906//1261 202//1261
f 204//1262 2892//1262 2899//1262 203//1262
f 205//1263 2885//1263 2892//1263 204//1263
f 206//1264 2878//1264 2885//1264 205//1264
f 2927//1265 2928//1265 2935//1265 2934//1265
f 2928//1266 2929//1266 2936//1266 2935//1266
f 2929//1267 2930//1267 2937//1267 2936//1267
f 2930//1268 2931//1268 2938//1268 2937//1268
f 2931//1269 2932//1269 2939//1269 2938//1269
f 2932//1270 2933//1270 2940//1270 2939//1270
f 2934//1271 2935//1271 2942//1271 2941//1271
f 2935//1272 2936//1272 2943//1272 2942//1272
f 2936//1273 2937//1273 2944//1273 2943//1273
f 2937//1274 2938//1274 2945//1274 2944//1274
f 2938//1275 2939//1275 2946//1275 2945//1275
f 2939//1276 2940//1276 2947//1276 2946//1276
f 2941//1277 2942//1277 2949//1277 2948//1277
f 2942//1278 2943//1278 2950//1278 2949//1278
f 2943//1279 2944//1279 2951//1279 2950//1279
f 2944//1280 2945//1280 2952//1280 2951//1280
f 2945//1281 2946//1281 2953//1281 2952//1281
f 2946//1282 2947//1282 2954//1282 2953//1282
f 2948//1283 2949//1283 2956//1283 2955//1283
f 2949//1284 2950//1284 2957//1284 2956//1284
f 2950//1285 2951//1285 2958//1285 2957//1285
f 2951//1286 2952//1286 2959//1286 2958//1286
f 2952//1287 2953//1287 2960//1287 2959//1287
f 2953//1288 2954//1288 2961//1288 2960//1288
f 2955//1289 2956//1289 2963//1289 2962//1289
f 2956//1290 2957//1290 2964//1290 2963//1290
f 2957//1291 2958//1291 2965//1291 2964//1291
f 2958//1292 2959//1292 2966//1292 2965//1292
f 2959//1293 2960//1293 2967//1293 2966//1293
f 2960//1294 2961//1294 2968//1294 2967//1294
f 2962//1295 2963//1295 2970//1295 2969//1295
f 2963//1296 2964//1296 2971//1296 2970//1296
f 2964//1297 2965//1297 2972//1297 2971//1297
f 2965//1298 2966//1298 2973//1298 2972//1298
f 2966//1299 2967//1299 2974//1299 2973//1299
f 2967//1300 2968//1300 2975//1300 2974//1300
f 3//1301 340//1301 2927//1301 326//1301
f 340//1302 341//1302 2928//1302 2927//1302
f 341//1303 342//1303 2929//1303 2928//1303
f 342//1304 343//1304 2930//1304 2929//1304
f 343//1305 344//1305 2931//1305 2930//1305
f 344//1306 345//1306 2932//1306 2931//1306
f 345//1307 346//1307 2933//1307 2932//1307
f 346//1308 4//1308 347//1308 2933//1308
f 2933//1309 347//1309 348//1309 2940//1309
f 2940//1310 348//1310 349//1310 2947//1310
f 2947//1311 349//1311 350//1311 2954//1311
f 2954//1312 350//1312 351//1312 2961//1312
f 2961//1313 351//1313 352//1313 2968//1313
f 2968//1314 352//1314 353//1314 2975//1314
f 2975//1315 353//1315 23//1315 255//1315
f 2974//1316 2975//1316 255//1316 254//1316
f 2973//1317 2974//1317 254//1317 253//1317
f 2972//1318 2973//1318 253//1318 252//1318
f 2971//1319 2972//1319 252//1319 251//1319
f 2970//1320 2971//1320 251//1320 250//1320
f 2969//1321 2970//1321 250//1321 249//1321
f 332//1322 2969//1322 249//1322 20//1322
f 331//1323 2962//1323 2969//1323 332//1323
f 330//1324 2955//1324 2962//1324 331//1324
f 329//1325 2948//1325 2955//1325 330//1325
f 328//1326 2941//1326 2948//1326 329//1326
f 327//1327 2934//1327 2941//1327 328//1327
f 326//1328 2927//1328 2934//1328 327//1328
f 2976//1329 2977//1329 2984//1329 2983//1329
f 2977//1330 2978//1330 2985//1330 2984//1330
f 2978//1331 2979//1331 2986//1331 2985//1331
f 2979//1332 2980//1332 2987//1332 2986//1332
f 2980//1333 2981//1333 2988//1333 2987//1333
f 2981//1334 2982//1334 2989//1334 2988//1334
f 2983//1335 2984//1335 2991//1335 2990//1335
f 2984//1336 2985//1336 2992//1336 2991//1336
f 2985//1337 2986//1337 2993//1337 2992//1337
f 2986//1338 2987//1338 2994//1338 2993//1338
f 2987//1339 2988//1339 2995//1339 2994//1339
f 2988//1340 2989//1340 2996//1340 2995//1340
f 2990//1341 2991//1341 2998//1341 2997//1341
f 2991//1342 2992//1342 2999//1342 2998//1342
f 2992//1343 2993//1343 3000//1343 2999//1343
f 2993//1344 2994//1344 3001//1344 3000//1344
f 2994//1345 2995//1345 3002//1345 3001//1345
f 2995//1346 2996//1346 3003//1346 3002//1346
f 2997//1347 2998//1347 3005//1347 3004//1347
f 2998//1348 2999//1348 3006//1348 3005//1348
f 2999//1349 3000//1349 3007//1349 3006//1349
f 3000//1350 3001//1350 3008//1350 3007//1350
f 3001//1351 3002//1351 3009//1351 3008//1351
f 3002//1352 3003//1352 3010//1352 3009//1352
f 3004//1353 3005//1353 3012//1353 3011//1353
f 3005//1354 3006//1354 3013//1354 3012//1354
f 3006//1355 3007//1355 3014//1355 3013//1355
f 3007//1356 3008//1356 3015//1356 3014//1356
f 3008//1357 3009//1357 3016//1357 3015//1357
f 3009//1358 3010//1358 3017//1358 3016//1358
f 3011//1359 3012//1359 3019//1359 3018//1359
f 3012//1360 3013//1360 3020//1360 3019//1360
f 3013//1361 3014//1361 3021//1361 3020//1361
f 3014//1362 3015//1362 3022//1362 3021//1362
f 3015//1363 3016//1363 3023//1363 3022//1363
f 3016//1364 3017//1364 3024//1364 3023//1364
f 22//1365 165//1365 2976//1365 157//1365
f 165//1366 166//1366 2977//1366 2976//1366
f 166//1367 167//1367 2978//1367 2977//1367
f 167//1368 168//1368 2979//1368 2978//1368
f 168//1369 169//1369 2980//1369 2979//1369
f 169//1370 170//1370 2981//1370 2980//1370
f 170//1371 171//1371 2982//1371 2981//1371
f 171//1372 44//1372 172//1372 2982//1372
f 2982//1373 172//1373 173//1373 2989//1373
f 2989//1374 173//1374 174//1374 2996//1374
f 2996//1375 174//1375 175//1375 3003//1375
f 3003//1376 175//1376 176//1376 3010//1376
f 3010//1377 176//1377 177//1377 3017//1377
f 3017//1378 177//1378 178//1378 3024//1378
f 3024//1379 178//1379 45//1379 143//1379
f 3023//1380 3024//1380 143//1380 142//1380
f 3022//1381 3023//1381 142//1381 141//1381
f 3021//1382 3022//1382 141//1382 140//1382
f 3020//1383 3021//1383 140//1383 139//1383
f 3019//1384 3020//1384 139//1384 138//1384
f 3018//1385 3019//1385 138//1385 137//1385
f 151//1386 3018//1386 137//1386 19//1386
f 152//1387 3011//1387 3018//1387 151//1387
f 153//1388 3004//1388 3011//1388 152//1388
f 154//1389 2997//1389 3004//1389 153//1389
f 155//1390 2990//1390 2997//1390 154//1390
f 156//1391 2983//1391 2990//1391 155//1391
f 157//1392 2976//1392 2983//1392 156//1392
f 3025//1393 3026//1393 3033//1393 3032//1393
f 3026//1394 3027//1394 3034//1394 3033//1394
f 3027//1395 3028//1395 3035//1395 3034//1395
f 3028//1396 3029//1396 3036//1396 3035//1396
f 3029//1397 3030//1397 3037//1397 3036//1397
f 3030//1398 3031//1398 3038//1398 3037//1398
f 3032//1399 3033//1399 3040//1399 3039//1399
f 3033//1400 3034//1400 3041//1400 3040//1400
f 3034//1401 3035//1401 3042//1401 3041//1401
f 3035//1402 3036//1402 3043//1402 3042//1402
f 3036//1403 3037//1403 3044//1403 3043//1403
f 3037//1404 3038//1404 3045//1404 3044//1404
f 3039//1405 3040//1405 3047//1405 3046//1405
f 3040//1406 3041//1406 3048//1406 3047//1406
f 3041//1407 3042//1407 3049//1407 3048//1407
f 3042//1408 3043//1408 3050//1408 3049//1408
f 3043//1409 3044//1409 3051//1409 3050//1409
f 3044//1410 3045//1410 3052//1410 3051//1410
f 3046//1411 3047//1411 3054//1411 3053//1411
f 3047//1412 3048//1412 3055//1412 3054//1412
f 3048//1413 3049//1413 3056//1413 3055//1413
f 3049//1414 3050//1414 3057//1414 3056//1414
f 3050//1415 3051//1415 3058//1415 3057//1415
f 3051//1416 3052//1416 3059//1416 3058//1416
f 3053//1417 3054//1417 3061//1417 3060//1417
f 3054//1418 3055//1418 3062//1418 3061//1418
f 3055//1419 3056//1419 3063//1419 3062//1419
f 3056//1420 3057//1420 3064//1420 3063//1420
f 3057//1421 3058//1421 3065//1421 3064//1421
f 3058//1422 3059//1422 3066//1422 3065//1422
f 3060//1423 3061//1423 3068//1423 3067//1423
f 3061//1424 3062//1424 3069//1424 3068//1424
f 3062//1425 3063//1425 3070//1425 3069//1425
f 3063//1426 3064//1426 3071//1426 3070//1426
f 3064//1427 3065//1427 3072//1427 3071//1427
f 3065//1428 3066//1428 3073//1428 3072//1428
f 4//1429 374//1429 3025//1429 354//1429
f 374//1430 373//1430 3026//1430 3025//1430
f 373//1431 372//1431 3027//1431 3026//1431
f 372//1432 371//1432 3028//1432 3027//1432
f 371//1433 370//1433 3029//1433 3028//1433
f 370//1434 369//1434 3030//1434 3029//1434
f 369//1435 368//1435 3031//1435 3030//1435
f 368//1436 126//1436 473//1436 3031//1436
f 3031//1437 473//1437 474//1437 3038//1437
f 3038//1438 474//1438 475//1438 3045//1438
f 3045//1439 475//1439 476//1439 3052//1439
f 3052//1440 476//1440 477//1440 3059//1440
f 3059//1441 477//1441 478//1441 3066//1441
f 3066//1442 478//1442 479//1442 3073//1442
f 3073//1443 479//1443 1//1443 444//1443
f 3072//1444 3073//1444 444//1444 443//1444
f 3071//1445 3072//1445 443//1445 442//1445
f 3070//1446 3071//1446 442//1446 441//1446
f 3069//1447 3070//1447 441//1447 440//1447
f 3068//1448 3069//1448 440//1448 439//1448
f 3067//1449 3068//1449 439//1449 438//1449
f 360//1450 3067//1450 438//1450 21//1450
f 359//1451 3060//1451 3067//1451 360//1451
f 358//1452 3053//1452 3060//1452 359//1452
f 357//1453 3046//1453 3053//1453 358//1453
f 356//1454 3039//1454 3046//1454 357//1454
f 355//1455 3032//1455 3039//1455 356//1455
f 354//1456 3025//1456 3032//1456 355//1456
f 3074//1457 3075//1457 3082//1457 3081//1457
f 3075//1458 3076//1458 3083//1458 3082//1458
f 3076//1459 3077//1459 3084//1459 3083//1459
f 3077//1460 3078//1460 3085//1460 3084//1460
f 3078//1461 3079//1461 3086//1461 3085//1461
f 3079//1462 3080//1462 3087//1462 3086//1462
f 3081//1463 3082//1463 3089//1463 3088//1463
f 3082//1464 3083//1464 3090//1464 3089//1464
f 3083//1465 3084//1465 3091//1465 3090//1465
f 3084//1466 3085//1466 3092//1466 3091//1466
f 3085//1467 3086//1467 3093//1467 3092//1467
f 3086//1468 3087//1468 3094//1468 3093//1468
f 3088//1469 3089//1469 3096//1469 3095//1469
f 3089//1470 3090//1470 3097//1470 3096//1470
f 3090//1471 3091//1471 3098//1471 3097//1471
f 3091//1472 3092//1472 3099//1472 3098//1472
f 3092//1473 3093//1473 3100//1473 3099//1473
f 3093//1474 3094//1474 3101//1474 3100//1474
f 3095//1475 3096//1475 3103//1475 3102//1475
f 3096//1476 3097//1476 3104//1476 3103//1476
f 3097//1477 3098//1477 3105//1477 3104//1477
f 3098//1478 3099//1478 3106//1478 3105//1478
f 3099//1479 3100//1479 3107//1479 3106//1479
f 3100//1480 3101//1480 3108//1480 3107//1480
f 3102//1481 3103//1481 3110//1481 3109//1481
f 3103//1482 3104//1482 3111//1482 3110//1482
f 3104//1483 3105//1483 3112//1483 3111//1483
f 3105//1484 3106//1484 3113//1484 3112//1484
f 3106//1485 3107//1485 3114//1485 3113//1485
f 3107//1486 3108//1486 3115//1486 3114//1486
f 3109//1487 3110//1487 3117//1487 3116//1487
f 3110//1488 3111//1488 3118//1488 3117//1488
f 3111//1489 3112//1489 3119//1489 3118//1489
f 3112//1490 3113//1490 3120//1490 3119//1490
f 3113//1491 3114//1491 3121//1491 3120//1491
f 3114//1492 3115//1492 3122//1492 3121//1492
f 21//1493 438//1493 3074//1493 298//1493
f 438//1494 439//1494 3075//1494 3074//1494
f 439//1495 440//1495 3076//1495 3075//1495
f 440//1496 441//1496 3077//1496 3076//1496
f 441//1497 442//1497 3078//1497 3077//1497
f 442//1498 443//1498 3079//1498 3078//1498
f 443//1499 444//1499 3080//1499 3079//1499
f 444//1500 1//1500 480//1500 3080//1500
f 3080//1501 480//1501 481//1501 3087//1501
f 3087//1502 481//1502 482//1502 3094//1502
f 3094//1503 482//1503 483//1503 3101//1503
f 3101//1504 483//1504 484//1504 3108//1504
f 3108//1505 484//1505 485//1505 3115//1505
f 3115//1506 485//1506 486//1506 3122//1506
f 3122//1507 486//1507 124//1507 402//1507
f 3121//1508 3122//1508 402//1508 401//1508
f 3120//1509 3121//1509 401//1509 400//1509
f 3119//1510 3120//1510 400//1510 399//1510
f 3118//1511 3119//1511 399//1511 398//1511
f 3117//1512 3118//1512 398//1512 397//1512
f 3116//1513 3117//1513 397//1513 396//1513
f 304//1514 3116//1514 396//1514 2//1514
f 303//1515 3109//1515 3116//1515 304//1515
f 302//1516 3102//1516 3109//1516 303//1516
f 301//1517 3095//1517 3102//1517 302//1517
f 300//1518 3088//1518 3095//1518 301//1518
f 299//1519 3081//1519 3088//1519 300//1519
f 298//1520 3074//1520 3081//1520 299//1520
f 3123//1521 3124//1521 3131//1521 3130//1521
f 3124//1522 3125//1522 3132//1522 3131//1522
f 3125//1523 3126//1523 3133//1523 3132//1523
f 3126//1524 3127//1524 3134//1524 3133//1524
f 3127//1525 3128//1525 3135//1525 3134//1525
f 3128//1526 3129//1526 3136//1526 3135//1526
f 3130//1527 3131//1527 3138//1527 3137//1527
f 3131//1528 3132//1528 3139//1528 3138//1528
f 3132//1529 3133//1529 3140//1529 3139//1529
f 3133//1530 3134//1530 3141//1530 3140//1530
f 3134//1531 3135//1531 3142//1531 3141//1531
f 3135//1532 3136//1532 3143//1532 3142//1532
f 3137//1533 3138//1533 3145//1533 3144//1533
f 3138//1534 3139//1534 3146//1534 3145//1534
f 3139//1535 3140//1535 3147//1535 3146//1535
f 3140//1536 3141//1536 3148//1536 3147//1536
f 3141//1537 3142//1537 3149//1537 3148//1537
f 3142//1538 3143//1538 3150//1538 3149//1538
f 3144//1539 3145//1539 3152//1539 3151//1539
f 3145//1540 3146//1540 3153//1540 3152//1540
f 3146//1541 3147//1541 3154//1541 3153//1541
f 3147//1542 3148//1542 3155//1542 3154//1542
f 3148//1543 3149//1543 3156//1543 3155//1543
f 3149//1544 3150//1544 3157//1544 3156//1544
f 3151//1545 3152//1545 3159//1545 3158//1545
f 3152//1546 3153//1546 3160//1546 3159//1546
f 3153//1547 3154//1547 3161//1547 3160//1547
f 3154//1548 3155//1548 3162//1548 3161//1548
f 3155//1549 3156//1549 3163//1549 3162//1549
f 3156//1550 3157//1550 3164//1550 3163//1550
f 3158//1551 3159//1551 3166//1551 3165//1551
f 3159//1552 3160//1552 3167//1552 3166//1552
f 3160//1553 3161//1553 3168//1553 3167//1553
f 3161//1554 3162//1554 3169//1554 3168//1554
f 3162//1555 3163//1555 3170//1555 3169//1555
f 3163//1556 3164//1556 3171//1556 3170//1556
f 2//1557 396//1557 3123//1557 318//1557
f 396//1558 397//1558 3124//1558 3123//1558
f 397//1559 398//1559 3125//1559 3124//1559
f 398//1560 399//1560 3126//1560 3125//1560
f 399//1561 400//1561 3127//1561 3126//1561
f 400//1562 401//1562 3128//1562 3127//1562
f 401//1563 402//1563 3129//1563 3128//1563
f 402//1564 124//1564 487//1564 3129//1564
f 3129//1565 487//1565 488//1565 3136//1565
f 3136//1566 488//1566 489//1566 3143//1566
f 3143//1567 489//1567 490//1567 3150//1567
f 3150//1568 490//1568 491//1568 3157//1568
f 3157//1569 491//1569 492//1569 3164//1569
f 3164//1570 492//1570 493//1570 3171//1570
f 3171//1571 493//1571 125//1571 472//1571
f 3170//1572 3171//1572 472//1572 471//1572
f 3169//1573 3170//1573 471//1573 470//1573
f 3168//1574 3169//1574 470//1574 469//1574
f 3167//1575 3168//1575 469//1575 468//1575
f 3166//1576 3167//1576 468//1576 467//1576
f 3165//1577 3166//1577 467//1577 466//1577
f 312//1578 3165//1578 466//1578 3//1578
f 313//1579 3158//1579 3165//1579 312//1579
f 314//1580 3151//1580 3158//1580 313//1580
f 315//1581 3144//1581 3151//1581 314//1581
f 316//1582 3137//1582 3144//1582 315//1582
f 317//1583 3130//1583 3137//1583 316//1583
f 318//1584 3123//1584 3130//1584 317//1584
f 3173//1585 3174//1585 3178//1585 3177//1585
f 3174//1586 3175//1586 3179//1586 3178//1586
f 3175//1587 3176//1587 3180//1587 3179//1587
f 3177//1588 3178//1588 3182//1588 3181//1588
f 3178//1589 3179//1589 3183//1589 3182//1589
f 3179//1590 3180//1590 3184//1590 3183//1590
f 3185//1591 3186//1591 3190//1591 3189//1591
f 3186//1592 3187//1592 3191//1592 3190//1592
f 3187//1593 3188//1593 3192//1593 3191//1593
f 3189//1594 3190//1594 3194//1594 3193//1594
f 3190//1595 3191//1595 3195//1595 3194//1595
f 3191//1596 3192//1596 3196//1596 3195//1596
f 3197//1597 3198//1597 3202//1597 3201//1597
f 3198//1598 3199//1598 3203//1598 3202//1598
f 3199//1599 3200//1599 3204//1599 3203//1599
f 3201//1600 3202//1600 3206//1600 3205//1600
f 3202//1601 3203//1601 3207//1601 3206//1601
f 3203//1602 3204//1602 3208//1602 3207//1602
f 3193//1603 3194//1603 3180//1603 3176//1603
f 3194//1604 3195//1604 3184//1604 3180//1604
f 3205//1605 3206//1605 3192//1605 3188//1605
f 3206//1606 3207//1606 3196//1606 3192//1606
f 3181//1607 3182//1607 3204//1607 3200//1607
f 3182//1608 3183//1608 3208//1608 3204//1608
f 3183//1609 3184//1609 3172//1609 3208//1609
f 3195//1610 3196//1610 3172//1610 3184//1610
f 3207//1611 3208//1611 3172//1611 3196//1611
f 51//1612 431//1612 3173//1612 410//1612
f 431//1613 432//1613 3174//1613 3173//1613
f 432//1614 433//1614 3175//1614 3174//1614
f 433//1615 434//1615 3176//1615 3175//1615
f 410//1616 3173//1616 3177//1616 411//1616
f 411//1617 3177//1617 3181//1617 412//1617
f 412//1618 3181//1618 3200//1618 413//1618
f 10//1619 381//1619 3185//1619 437//1619
f 381//1620 380//1620 3186//1620 3185//1620
f 380//1621 379//1621 3187//1621 3186//1621
f 379//1622 378//1622 3188//1622 3187//1622
f 437//1623 3185//1623 3189//1623 436//1623
f 436//1624 3189//1624 3193//1624 435//1624
f 435//1625 3193//1625 3176//1625 434//1625
f 11//1626 416//1626 3197//1626 375//1626
f 416//1627 415//1627 3198//1627 3197//1627
f 415//1628 414//1628 3199//1628 3198//1628
f 414//1629 413//1629 3200//1629 3199//1629
f 375//1630 3197//1630 3201//1630 376//1630
f 376//1631 3201//1631 3205//1631 377//1631
f 377//1632 3205//1632 3188//1632 378//1632
f 3209//1633 3210//1633 3217//1633 3216//1633
f 3210//1634 3211//1634 3218//1634 3217//1634
f 3211//1635 3212//1635 3219//1635 3218//1635
f 3212//1636 3213//1636 3220//1636 3219//1636
f 3213//1637 3214//1637 3221//1637 3220//1637
f 3214//1638 3215//1638 3222//1638 3221//1638
f 3216//1639 3217//1639 3224//1639 3223//1639
f 3217//1640 3218//1640 3225//1640 3224//1640
f 3218//1641 3219//1641 3226//1641 3225//1641
f 3219//1642 3220//1642 3227//1642 3226//1642
f 3220//1643 3221//1643 3228//1643 3227//1643
f 3221//1644 3222//1644 3229//1644 3228//1644
f 3223//1645 3224//1645 3231//1645 3230//1645
f 3224//1646 3225//1646 3232//1646 3231//1646
f 3225//1647 3226//1647 3233//1647 3232//1647
f 3226//1648 3227//1648 3234//1648 3233//1648
f 3227//1649 3228//1649 3235//1649 3234//1649
f 3228//1650 3229//1650 3236//1650 3235//1650
f 3230//1651 3231//1651 3238//1651 3237//1651
f 3231//1652 3232//1652 3239//1652 3238//1652
f 3232//1653 3233//1653 3240//1653 3239//1653
f 3233//1654 3234//1654 3241//1654 3240//1654
f 3234//1655 3235//1655 3242//1655 3241//1655
f 3235//1656 3236//1656 3243//1656 3242//1656
f 3237//1657 3238//1657 3245//1657 3244//1657
f 3238//1658 3239//1658 3246//1658 3245//1658
f 3239//1659 3240//1659 3247//1659 3246//1659
f 3240//1660 3241//1660 3248//1660 3247//1660
f 3241//1661 3242//1661 3249//1661 3248//1661
f 3242//1662 3243//1662 3250//1662 3249//1662
f 3244//1663 3245//1663 3252//1663 3251//1663
f 3245//1664 3246//1664 3253//1664 3252//1664
f 3246//1665 3247//1665 3254//1665 3253//1665
f 3247//1666 3248//1666 3255//1666 3254//1666
f 3248//1667 3249//1667 3256//1667 3255//1667
f 3249//1668 3250//1668 3257//1668 3256//1668
f 20//1669 249//1669 3209//1669 235//1669
f 249//1670 250//1670 3210//1670 3209//1670
f 250//1671 251//1671 3211//1671 3210//1671
f 251//1672 252//1672 3212//1672 3211//1672
f 252//1673 253//1673 3213//1673 3212//1673
f 253//1674 254//1674 3214//1674 3213//1674
f 254//1675 255//1675 3215//1675 3214//1675
f 255//1676 23//1676 256//1676 3215//1676
f 3215//1677 256//1677 257//1677 3222//1677
f 3222//1678 257//1678 258//1678 3229//1678
f 3229//1679 258//1679 259//1679 3236//1679
f 3236//1680 259//1680 260//1680 3243//1680
f 3243//1681 260//1681 261//1681 3250//1681
f 3250//1682 261//1682 262//1682 3257//1682
f 3257//1683 262//1683 22//1683 157//1683
f 3256//1684 3257//1684 157//1684 156//1684
f 3255//1685 3256//1685 156//1685 155//1685
f 3254//1686 3255//1686 155//1686 154//1686
f 3253//1687 3254//1687 154//1687 153//1687
f 3252//1688 3253//1688 153//1688 152//1688
f 3251//1689 3252//1689 152//1689 151//1689
f 241//1690 3251//1690 151//1690 19//1690
f 240//1691 3244//1691 3251//1691 241//1691
f 239//1692 3237//1692 3244//1692 240//1692
f 238//1693 3230//1693 3237//1693 239//1693
f 237//1694 3223//1694 3230//1694 238//1694
f 236//1695 3216//1695 3223//1695 237//1695
f 235//1696 3209//1696 3216//1696 236//1696
f 3258//1697 3259//1697 3266//1697 3265//1697
f 3259//1698 3260//1698 3267//1698 3266//1698
f 3260//1699 3261//1699 3268//1699 3267//1699
f 3261//1700 3262//1700 3269//1700 3268//1700
f 3262//1701 3263//1701 3270//1701 3269//1701
f 3263//1702 3264//1702 3271//1702 3270//1702
f 3265//1703 3266//1703 3273//1703 3272//1703
f 3266//1704 3267//1704 3274//1704 3273//1704
f 3267//1705 3268//1705 3275//1705 3274//1705
f 3268//1706 3269//1706 3276//1706 3275//1706
f 3269//1707 3270//1707 3277//1707 3276//1707
f 3270//1708 3271//1708 3278//1708 3277//1708
f 3272//1709 3273//1709 3280//1709 3279//1709
f 3273//1710 3274//1710 3281//1710 3280//1710
f 3274//1711 3275//1711 3282//1711 3281//1711
f 3275//1712 3276//1712 3283//1712 3282//1712
f 3276//1713 3277//1713 3284//1713 3283//1713
f 3277//1714 3278//1714 3285//1714 3284//1714
f 3279//1715 3280//1715 3287//1715 3286//1715
f 3280//1716 3281//1716 3288//1716 3287//1716
f 3281//1717 3282//1717 3289//1717 3288//1717
f 3282//1718 3283//1718 3290//1718 3289//1718
f 3283//1719 3284//1719 3291//1719 3290//1719
f 3284//1720 3285//1720 3292//1720 3291//1720
f 3286//1721 3287//1721 3294//1721 3293//1721
f 3287//1722 3288//1722 3295//1722 3294//1722
f 3288//1723 3289//1723 3296//1723 3295//1723
f 3289//1724 3290//1724 3297//1724 3296//1724
f 3290//1725 3291//1725 3298//1725 3297//1725
f 3291//1726 3292//1726 3299//1726 3298//1726
f 3293//1727 3294//1727 3301//1727 3300//1727
f 3294//1728 3295//1728 3302//1728 3301//1728
f 3295//1729 3296//1729 3303//1729 3302//1729
f 3296//1730 3297//1730 3304//1730 3303//1730
f 3297//1731 3298//1731 3305//1731 3304//1731
f 3298//1732 3299//1732 3306//1732 3305//1732
f 23//1733 403//1733 3258//1733 256//1733
f 403//1734 404//1734 3259//1734 3258//1734
f 404//1735 405//1735 3260//1735 3259//1735
f 405//1736 406//1736 3261//1736 3260//1736
f 406//1737 407//1737 3262//1737 3261//1737
f 407//1738 408//1738 3263//1738 3262//1738
f 408//1739 409//1739 3264//1739 3263//1739
f 409//1740 51//1740 410//1740 3264//1740
f 3264//1741 410//1741 411//1741 3271//1741
f 3271//1742 411//1742 412//1742 3278//1742
f 3278//1743 412//1743 413//1743 3285//1743
f 3285//1744 413//1744 414//1744 3292//1744
f 3292//1745 414//1745 415//1745 3299//1745
f 3299//1746 415//1746 416//1746 3306//1746
f 3306//1747 416//1747 11//1747 424//1747
f 3305//1748 3306//1748 424//1748 425//1748
f 3304//1749 3305//1749 425//1749 426//1749
f 3303//1750 3304//1750 426//1750 427//1750
f 3302//1751 3303//1751 427//1751 428//1751
f 3301//1752 3302//1752 428//1752 429//1752
f 3300//1753 3301//1753 429//1753 430//1753
f 262//1754 3300//1754 430//1754 22//1754
f 261//1755 3293//1755 3300//1755 262//1755
f 260//1756 3286//1756 3293//1756 261//1756
f 259//1757 3279//1757 3286//1757 260//1757
f 258//1758 3272//1758 3279//1758 259//1758
f 257//1759 3265//1759 3272//1759 258//1759
f 256//1760 3258//1760 3265//1760 257//1760
f 3307//1761 3308//1761 3315//1761 3314//1761
f 3308//1762 3309//1762 3316//1762 3315//1762
f 3309//1763 3310//1763 3317//1763 3316//1763
f 3310//1764 3311//1764 3318//1764 3317//1764
f 3311//1765 3312//1765 3319//1765 3318//1765
f 3312//1766 3313//1766 3320//1766 3319//1766
f 3314//1767 3315//1767 3322//1767 3321//1767
f 3315//1768 3316//1768 3323//1768 3322//1768
f 3316//1769 3317//1769 3324//1769 3323//1769
f 3317//1770 3318//1770 3325//1770 3324//1770
f 3318//1771 3319//1771 3326//1771 3325//1771
f 3319//1772 3320//1772 3327//1772 3326//1772
f 3321//1773 3322//1773 3329//1773 3328//1773
f 3322//1774 3323//1774 3330//1774 3329//1774
f 3323//1775 3324//1775 3331//1775 3330//1775
f 3324//1776 3325//1776 3332//1776 3331//1776
f 3325//1777 3326//1777 3333//1777 3332//1777
f 3326//1778 3327//1778 3334//1778 3333//1778
f 3328//1779 3329//1779 3336//1779 3335//1779
f 3329//1780 3330//1780 3337//1780 3336//1780
f 3330//1781 3331//1781 3338//1781 3337//1781
f 3331//1782 3332//1782 3339//1782 3338//1782
f 3332//1783 3333//1783 3340//1783 3339//1783
f 3333//1784 3334//1784 3341//1784 3340//1784
f 3335//1785 3336//1785 3343//1785 3342//1785
f 3336//1786 3337//1786 3344//1786 3343//1786
f 3337//1787 3338//1787 3345//1787 3344//1787
f 3338//1788 3339//1788 3346//1788 3345//1788
f 3339//1789 3340//1789 3347//1789 3346//1789
f 3340//1790 3341//1790 3348//1790 3347//1790
f 3342//1791 3343//1791 3350//1791 3349//1791
f 3343//1792 3344//1792 3351//1792 3350//1792
f 3344//1793 3345//1793 3352//1793 3351//1793
f 3345//1794 3346//1794 3353//1794 3352//1794
f 3346//1795 3347//1795 3354//1795 3353//1795
f 3347//1796 3348//1796 3355//1796 3354//1796
f 3//1797 466//1797 3307//1797 340//1797
f 466//1798 467//1798 3308//1798 3307//1798
f 467//1799 468//1799 3309//1799 3308//1799
f 468//1800 469//1800 3310//1800 3309//1800
f 469//1801 470//1801 3311//1801 3310//1801
f 470//1802 471//1802 3312//1802 3311//1802
f 471//1803 472//1803 3313//1803 3312//1803
f 472//1804 125//1804 494//1804 3313//1804
f 3313//1805 494//1805 495//1805 3320//1805
f 3320//1806 495//1806 496//1806 3327//1806
f 3327//1807 496//1807 497//1807 3334//1807
f 3334//1808 497//1808 498//1808 3341//1808
f 3341//1809 498//1809 499//1809 3348//1809
f 3348//1810 499//1810 500//1810 3355//1810
f 3355//1811 500//1811 126//1811 368//1811
f 3354//1812 3355//1812 368//1812 369//1812
f 3353//1813 3354//1813 369//1813 370//1813
f 3352//1814 3353//1814 370//1814 371//1814
f 3351//1815 3352//1815 371//1815 372//1815
f 3350//1816 3351//1816 372//1816 373//1816
f 3349//1817 3350//1817 373//1817 374//1817
f 346//1818 3349//1818 374//1818 4//1818
f 345//1819 3342//1819 3349//1819 346//1819
f 344//1820 3335//1820 3342//1820 345//1820
f 343//1821 3328//1821 3335//1821 344//1821
f 342//1822 3321//1822 3328//1822 343//1822
f 341//1823 3314//1823 3321//1823 342//1823
f 340//1824 3307//1824 3314//1824 341//1824
f 3356//1825 3357//1825 3364//1825 3363//1825
f 3357//1826 3358//1826 3365//1826 3364//1826
f 3358//1827 3359//1827 3366//1827 3365//1827
f 3359//1828 3360//1828 3367//1828 3366//1828
f 3360//1829 3361//1829 3368//1829 3367//1829
f 3361//1830 3362//1830 3369//1830 3368//1830
f 3363//1831 3364//1831 3371//1831 3370//1831
f 3364//1832 3365//1832 3372//1832 3371//1832
f 3365//1833 3366//1833 3373//1833 3372//1833
f 3366//1834 3367//1834 3374//1834 3373//1834
f 3367//1835 3368//1835 3375//1835 3374//1835
f 3368//1836 3369//1836 3376//1836 3375//1836
f 3370//1837 3371//1837 3378//1837 3377//1837
f 3371//1838 3372//1838 3379//1838 3378//1838
f 3372//1839 3373//1839 3380//1839 3379//1839
f 3373//1840 3374//1840 3381//1840 3380//1840
f 3374//1841 3375//1841 3382//1841 3381//1841
f 3375//1842 3376//1842 3383//1842 3382//1842
f 3377//1843 3378//1843 3385//1843 3384//1843
f 3378//1844 3379//1844 3386//1844 3385//1844
f 3379//1845 3380//1845 3387//1845 3386//1845
f 3380//1846 3381//1846 3388//1846 3387//1846
f 3381//1847 3382//1847 3389//1847 3388//1847
f 3382//1848 3383//1848 3390//1848 3389//1848
f 3384//1849 3385//1849 3392//1849 3391//1849
f 3385//1850 3386//1850 3393//1850 3392//1850
f 3386//1851 3387//1851 3394//1851 3393//1851
f 3387//1852 3388//1852 3395//1852 3394//1852
f 3388//1853 3389//1853 3396//1853 3395//1853
f 3389//1854 3390//1854 3397//1854 3396//1854
f 3391//1855 3392//1855 3399//1855 3398//1855
f 3392//1856 3393//1856 3400//1856 3399//1856
f 3393//1857 3394//1857 3401//1857 3400//1857
f 3394//1858 3395//1858 3402//1858 3401//1858
f 3395//1859 3396//1859 3403//1859 3402//1859
f 3396//1860 3397//1860 3404//1860 3403//1860
f 27//1861 417//1861 3356//1861 465//1861
f 417//1862 418//1862 3357//1862 3356//1862
f 418//1863 419//1863 3358//1863 3357//1863
f 419//1864 420//1864 3359//1864 3358//1864
f 420//1865 421//1865 3360//1865 3359//1865
f 421//1866 422//1866 3361//1866 3360//1866
f 422//1867 423//1867 3362//1867 3361//1867
f 423//1868 26//1868 333//1868 3362//1868
f 3362//1869 333//1869 334//1869 3369//1869
f 3369//1870 334//1870 335//1870 3376//1870
f 3376//1871 335//1871 336//1871 3383//1871
f 3383//1872 336//1872 337//1872 3390//1872
f 3390//1873 337//1873 338//1873 3397//1873
f 3397//1874 338//1874 339//1874 3404//1874
f 3404//1875 339//1875 25//1875 305//1875
f 3403//1876 3404//1876 305//1876 306//1876
f 3402//1877 3403//1877 306//1877 307//1877
f 3401//1878 3402//1878 307//1878 308//1878
f 3400//1879 3401//1879 308//1879 309//1879
f 3399//1880 3400//1880 309//1880 310//1880
f 3398//1881 3399//1881 310//1881 311//1881
f 459//1882 3398//1882 311//1882 24//1882
f 460//1883 3391//1883 3398//1883 459//1883
f 461//1884 3384//1884 3391//1884 460//1884
f 462//1885 3377//1885 3384//1885 461//1885
f 463//1886 3370//1886 3377//1886 462//1886
f 464//1887 3363//1887 3370//1887 463//1887
f 465//1888 3356//1888 3363//1888 464//1888
f 3405//1889 3406//1889 3413//1889 3412//1889
f 3406//1890 3407//1890 3414//1890 3413//1890
f 3407//1891 3408//1891 3415//1891 3414//1891
f 3408//1892 3409//1892 3416//1892 3415//1892
f 3409//1893 3410//1893 3417//1893 3416//1893
f 3410//1894 3411//1894 3418//1894 3417//1894
f 3412//1895 3413//1895 3420//1895 3419//1895
f 3413//1896 3414//1896 3421//1896 3420//1896
f 3414//1897 3415//1897 3422//1897 3421//1897
f 3415//1898 3416//1898 3423//1898 3422//1898
f 3416//1899 3417//1899 3424//1899 3423//1899
f 3417//1900 3418//1900 3425//1900 3424//1900
f 3419//1901 3420//1901 3427//1901 3426//1901
f 3420//1902 3421//1902 3428//1902 3427//1902
f 3421//1903 3422//1903 3429//1903 3428//1903
f 3422//1904 3423//1904 3430//1904 3429//1904
f 3423//1905 3424//1905 3431//1905 3430//1905
f 3424//1906 3425//1906 3432//1906 3431//1906
f 3426//1907 3427//1907 3434//1907 3433//1907
f 3427//1908 3428//1908 3435//1908 3434//1908
f 3428//1909 3429//1909 3436//1909 3435//1909
f 3429//1910 3430//1910 3437//1910 3436//1910
f 3430//1911 3431//1911 3438//1911 3437//1911
f 3431//1912 3432//1912 3439//1912 3438//1912
f 3433//1913 3434//1913 3441//1913 3440//1913
f 3434//1914 3435//1914 3442//1914 3441//1914
f 3435//1915 3436//1915 3443//1915 3442//1915
f 3436//1916 3437//1916 3444//1916 3443//1916
f 3437//1917 3438//1917 3445//1917 3444//1917
f 3438//1918 3439//1918 3446//1918 3445//1918
f 3440//1919 3441//1919 3448//1919 3447//1919
f 3441//1920 3442//1920 3449//1920 3448//1920
f 3442//1921 3443//1921 3450//1921 3449//1921
f 3443//1922 3444//1922 3451//1922 3450//1922
f 3444//1923 3445//1923 3452//1923 3451//1923
f 3445//1924 3446//1924 3453//1924 3452//1924
f 11//1925 367//1925 3405//1925 424//1925
f 367//1926 366//1926 3406//1926 3405//1926
f 366//1927 365//1927 3407//1927 3406//1927
f 365//1928 364//1928 3408//1928 3407//1928
f 364//1929 363//1929 3409//1929 3408//1929
f 363//1930 362//1930 3410//1930 3409//1930
f 362//1931 361//1931 3411//1931 3410//1931
f 361//1932 12//1932 242//1932 3411//1932
f 3411//1933 242//1933 243//1933 3418//1933
f 3418//1934 243//1934 244//1934 3425//1934
f 3425//1935 244//1935 245//1935 3432//1935
f 3432//1936 245//1936 246//1936 3439//1936
f 3439//1937 246//1937 247//1937 3446//1937
f 3446//1938 247//1938 248//1938 3453//1938
f 3453//1939 248//1939 9//1939 291//1939
f 3452//1940 3453//1940 291//1940 292//1940
f 3451//1941 3452//1941 292//1941 293//1941
f 3450//1942 3451//1942 293//1942 294//1942
f 3449//1943 3450//1943 294//1943 295//1943
f 3448//1944 3449//1944 295//1944 296//1944
f 3447//1945 3448//1945 296//1945 297//1945
f 430//1946 3447//1946 297//1946 22//1946
f 429//1947 3440//1947 3447//1947 430//1947
f 428//1948 3433//1948 3440//1948 429//1948
f 427//1949 3426//1949 3433//1949 428//1949
f 426//1950 3419//1950 3426//1950 427//1950
f 425//1951 3412//1951 3419//1951 426//1951
f 424//1952 3405//1952 3412//1952 425//1952
f 3454//1953 3455//1953 3462//1953 3461//1953
f 3455//1954 3456//1954 3463//1954 3462//1954
f 3456//1955 3457//1955 3464//1955 3463//1955
f 3457//1956 3458//1956 3465//1956 3464//1956
f 3458//1957 3459//1957 3466//1957 3465//1957
f 3459//1958 3460//1958 3467//1958 3466//1958
f 3461//1959 3462//1959 3469//1959 3468//1959
f 3462//1960 3463//1960 3470//1960 3469//1960
f 3463//1961 3464//1961 3471//1961 3470//1961
f 3464//1962 3465//1962 3472//1962 3471//1962
f 3465//1963 3466//1963 3473//1963 3472//1963
f 3466//1964 3467//1964 3474//1964 3473//1964
f 3468//1965 3469//1965 3476//1965 3475//1965
f 3469//1966 3470//1966 3477//1966 3476//1966
f 3470//1967 3471//1967 3478//1967 3477//1967
f 3471//1968 3472//1968 3479//1968 3478//1968
f 3472//1969 3473//1969 3480//1969 3479//1969
f 3473//1970 3474//1970 3481//1970 3480//1970
f 3475//1971 3476//1971 3483//1971 3482//1971
f 3476//1972 3477//1972 3484//1972 3483//1972
f 3477//1973 3478//1973 3485//1973 3484//1973
f 3478//1974 3479//1974 3486//1974 3485//1974
f 3479//1975 3480//1975 3487//1975 3486//1975
f 3480//1976 3481//1976 3488//1976 3487//1976
f 3482//1977 3483//1977 3490//1977 3489//1977
f 3483//1978 3484//1978 3491//1978 3490//1978
f 3484//1979 3485//1979 3492//1979 3491//1979
f 3485//1980 3486//1980 3493//1980 3492//1980
f 3486//1981 3487//1981 3494//1981 3493//1981
f 3487//1982 3488//1982 3495//1982 3494//1982
f 3489//1983 3490//1983 3497//1983 3496//1983
f 3490//1984 3491//1984 3498//1984 3497//1984
f 3491//1985 3492//1985 3499//1985 3498//1985
f 3492//1986 3493//1986 3500//1986 3499//1986
f 3493//1987 3494//1987 3501//1987 3500//1987
f 3494//1988 3495//1988 3502//1988 3501//1988
f 50//1989 451//1989 3454//1989 452//1989
f 451//1990 450//1990 3455//1990 3454//1990
f 450//1991 449//1991 3456//1991 3455//1991
f 449//1992 448//1992 3457//1992 3456//1992
f 448//1993 447//1993 3458//1993 3457//1993
f 447//1994 446//1994 3459//1994 3458//1994
f 446//1995 445//1995 3460//1995 3459//1995
f 445//1996 51//1996 409//1996 3460//1996
f 3460//1997 409//1997 408//1997 3467//1997
f 3467//1998 408//1998 407//1998 3474//1998
f 3474//1999 407//1999 406//1999 3481//1999
f 3481//2000 406//2000 405//2000 3488//2000
f 3488//2001 405//2001 404//2001 3495//2001
f 3495//2002 404//2002 403//2002 3502//2002
f 3502//2003 403//2003 23//2003 270//2003
f 3501//2004 3502//2004 270//2004 271//2004
f 3500//2005 3501//2005 271//2005 272//2005
f 3499//2006 3500//2006 272//2006 273//2006
f 3498//2007 3499//2007 273//2007 274//2007
f 3497//2008 3498//2008 274//2008 275//2008
f 3496//2009 3497//2009 275//2009 276//2009
f 458//2010 3496//2010 276//2010 21//2010
f 457//2011 3489//2011 3496//2011 458//2011
f 456//2012 3482//2012 3489//2012 457//2012
f 455//2013 3475//2013 3482//2013 456//2013
f 454//2014 3468//2014 3475//2014 455//2014
f 453//2015 3461//2015 3468//2015 454//2015
f 452//2016 3454//2016 3461//2016 453//2016
f 3503//2017 3504//2017 3511//2017 3510//2017
f 3504//2018 3505//2018 3512//2018 3511//2018
f 3505//2019 3506//2019 3513//2019 3512//2019
f 3506//2020 3507//2020 3514//2020 3513//2020
f 3507//2021 3508//2021 3515//2021 3514//2021
f 3508//2022 3509//2022 3516//2022 3515//2022
f 3510//2023 3511//2023 3518//2023 3517//2023
f 3511//2024 3512//2024 3519//2024 3518//2024
f 3512//2025 3513//2025 3520//2025 3519//2025
f 3513//2026 3514//2026 3521//2026 3520//2026
f 3514//2027 3515//2027 3522//2027 3521//2027
f 3515//2028 3516//2028 3523//2028 3522//2028
f 3517//2029 3518//2029 3525//2029 3524//2029
f 3518//2030 3519//2030 3526//2030 3525//2030
f 3519//2031 3520//2031 3527//2031 3526//2031
f 3520//2032 3521//2032 3528//2032 3527//2032
f 3521//2033 3522//2033 3529//2033 3528//2033
f 3522//2034 3523//2034 3530//2034 3529//2034
f 3524//2035 3525//2035 3532//2035 3531//2035
f 3525//2036 3526//2036 3533//2036 3532//2036
f 3526//2037 3527//2037 3534//2037 3533//2037
f 3527//2038 3528//2038 3535//2038 3534//2038
f 3528//2039 3529//2039 3536//2039 3535//2039
f 3529//2040 3530//2040 3537//2040 3536//2040
f 3531//2041 3532//2041 3539//2041 3538//2041
f 3532//2042 3533//2042 3540//2042 3539//2042
f 3533//2043 3534//2043 3541//2043 3540//2043
f 3534//2044 3535//2044 3542//2044 3541//2044
f 3535//2045 3536//2045 3543//2045 3542//2045
f 3536//2046 3537//2046 3544//2046 3543//2046
f 3538//2047 3539//2047 3546//2047 3545//2047
f 3539//2048 3540//2048 3547//2048 3546//2048
f 3540//2049 3541//2049 3548//2049 3547//2049
f 3541//2050 3542//2050 3549//2050 3548//2050
f 3542//2051 3543//2051 3550//2051 3549//2051
f 3543//2052 3544//2052 3551//2052 3550//2052
f 6//2053 718//2053 3503//2053 711//2053
f 718//2054 719//2054 3504//2054 3503//2054
f 719//2055 720//2055 3505//2055 3504//2055
f 720//2056 721//2056 3506//2056 3505//2056
f 721//2057 722//2057 3507//2057 3506//2057
f 722//2058 723//2058 3508//2058 3507//2058
f 723//2059 724//2059 3509//2059 3508//2059
f 724//2060 7//2060 725//2060 3509//2060
f 3509//2061 725//2061 726//2061 3516//2061
f 3516//2062 726//2062 727//2062 3523//2062
f 3523//2063 727//2063 728//2063 3530//2063
f 3530//2064 728//2064 729//2064 3537//2064
f 3537//2065 729//2065 730//2065 3544//2065
f 3544//2066 730//2066 731//2066 3551//2066
f 3551//2067 731//2067 66//2067 668//2067
f 3550//2068 3551//2068 668//2068 667//2068
f 3549//2069 3550//2069 667//2069 666//2069
f 3548//2070 3549//2070 666//2070 665//2070
f 3547//2071 3548//2071 665//2071 664//2071
f 3546//2072 3547//2072 664//2072 663//2072
f 3545//2073 3546//2073 663//2073 662//2073
f 717//2074 3545//2074 662//2074 65//2074
f 716//2075 3538//2075 3545//2075 717//2075
f 715//2076 3531//2076 3538//2076 716//2076
f 714//2077 3524//2077 3531//2077 715//2077
f 713//2078 3517//2078 3524//2078 714//2078
f 712//2079 3510//2079 3517//2079 713//2079
f 711//2080 3503//2080 3510//2080 712//2080
f 3552//2081 3553//2081 3560//2081 3559//2081
f 3553//2082 3554//2082 3561//2082 3560//2082
f 3554//2083 3555//2083 3562//2083 3561//2083
f 3555//2084 3556//2084 3563//2084 3562//2084
f 3556//2085 3557//2085 3564//2085 3563//2085
f 3557//2086 3558//2086 3565//2086 3564//2086
f 3559//2087 3560//2087 3567//2087 3566//2087
f 3560//2088 3561//2088 3568//2088 3567//2088
f 3561//2089 3562//2089 3569//2089 3568//2089
f 3562//2090 3563//2090 3570//2090 3569//2090
f 3563//2091 3564//2091 3571//2091 3570//2091
f 3564//2092 3565//2092 3572//2092 3571//2092
f 3566//2093 3567//2093 3574//2093 3573//2093
f 3567//2094 3568//2094 3575//2094 3574//2094
f 3568//2095 3569//2095 3576//2095 3575//2095
f 3569//2096 3570//2096 3577//2096 3576//2096
f 3570//2097 3571//2097 3578//2097 3577//2097
f 3571//2098 3572//2098 3579//2098 3578//2098
f 3573//2099 3574//2099 3581//2099 3580//2099
f 3574//2100 3575//2100 3582//2100 3581//2100
f 3575//2101 3576//2101 3583//2101 3582//2101
f 3576//2102 3577//2102 3584//2102 3583//2102
f 3577//2103 3578//2103 3585//2103 3584//2103
f 3578//2104 3579//2104 3586//2104 3585//2104
f 3580//2105 3581//2105 3588//2105 3587//2105
f 3581//2106 3582//2106 3589//2106 3588//2106
f 3582//2107 3583//2107 3590//2107 3589//2107
f 3583//2108 3584//2108 3591//2108 3590//2108
f 3584//2109 3585//2109 3592//2109 3591//2109
f 3585//2110 3586//2110 3593//2110 3592//2110
f 3587//2111 3588//2111 3595//2111 3594//2111
f 3588//2112 3589//2112 3596//2112 3595//2112
f 3589//2113 3590//2113 3597//2113 3596//2113
f 3590//2114 3591//2114 3598//2114 3597//2114
f 3591//2115 3592//2115 3599//2115 3598//2115
f 3592//2116 3593//2116 3600//2116 3599//2116
f 7//2117 732//2117 3552//2117 725//2117
f 732//2118 733//2118 3553//2118 3552//2118
f 733//2119 734//2119 3554//2119 3553//2119
f 734//2120 735//2120 3555//2120 3554//2120
f 735//2121 736//2121 3556//2121 3555//2121
f 736//2122 737//2122 3557//2122 3556//2122
f 737//2123 738//2123 3558//2123 3557//2123
f 738//2124 8//2124 739//2124 3558//2124
f 3558//2125 739//2125 740//2125 3565//2125
f 3565//2126 740//2126 741//2126 3572//2126
f 3572//2127 741//2127 742//2127 3579//2127
f 3579//2128 742//2128 743//2128 3586//2128
f 3586//2129 743//2129 744//2129 3593//2129
f 3593//2130 744//2130 745//2130 3600//2130
f 3600//2131 745//2131 67//2131 682//2131
f 3599//2132 3600//2132 682//2132 681//2132
f 3598//2133 3599//2133 681//2133 680//2133
f 3597//2134 3598//2134 680//2134 679//2134
f 3596//2135 3597//2135 679//2135 678//2135
f 3595//2136 3596//2136 678//2136 677//2136
f 3594//2137 3595//2137 677//2137 676//2137
f 731//2138 3594//2138 676//2138 66//2138
f 730//2139 3587//2139 3594//2139 731//2139
f 729//2140 3580//2140 3587//2140 730//2140
f 728//2141 3573//2141 3580//2141 729//2141
f 727//2142 3566//2142 3573//2142 728//2142
f 726//2143 3559//2143 3566//2143 727//2143
f 725//2144 3552//2144 3559//2144 726//2144
f 3601//2145 3602//2145 3609//2145 3608//2145
f 3602//2146 3603//2146 3610//2146 3609//2146
f 3603//2147 3604//2147 3611//2147 3610//2147
f 3604//2148 3605//2148 3612//2148 3611//2148
f 3605//2149 3606//2149 3613//2149 3612//2149
f 3606//2150 3607//2150 3614//2150 3613//2150
f 3608//2151 3609//2151 3616//2151 3615//2151
f 3609//2152 3610//2152 3617//2152 3616//2152
f 3610//2153 3611//2153 3618//2153 3617//2153
f 3611//2154 3612//2154 3619//2154 3618//2154
f 3612//2155 3613//2155 3620//2155 3619//2155
f 3613//2156 3614//2156 3621//2156 3620//2156
f 3615//2157 3616//2157 3623//2157 3622//2157
f 3616//2158 3617//2158 3624//2158 3623//2158
f 3617//2159 3618//2159 3625//2159 3624//2159
f 3618//2160 3619//2160 3626//2160 3625//2160
f 3619//2161 3620//2161 3627//2161 3626//2161
f 3620//2162 3621//2162 3628//2162 3627//2162
f 3622//2163 3623//2163 3630//2163 3629//2163
f 3623//2164 3624//2164 3631//2164 3630//2164
f 3624//2165 3625//2165 3632//2165 3631//2165
f 3625//2166 3626//2166 3633//2166 3632//2166
f 3626//2167 3627//2167 3634//2167 3633//2167
f 3627//2168 3628//2168 3635//2168 3634//2168
f 3629//2169 3630//2169 3637//2169 3636//2169
f 3630//2170 3631//2170 3638//2170 3637//2170
f 3631//2171 3632//2171 3639//2171 3638//2171
f 3632//2172 3633//2172 3640//2172 3639//2172
f 3633//2173 3634//2173 3641//2173 3640//2173
f 3634//2174 3635//2174 3642//2174 3641//2174
f 3636//2175 3637//2175 3644//2175 3643//2175
f 3637//2176 3638//2176 3645//2176 3644//2176
f 3638//2177 3639//2177 3646//2177 3645//2177
f 3639//2178 3640//2178 3647//2178 3646//2178
f 3640//2179 3641//2179 3648//2179 3647//2179
f 3641//2180 3642//2180 3649//2180 3648//2180
f 8//2181 746//2181 3601//2181 739//2181
f 746//2182 747//2182 3602//2182 3601//2182
f 747//2183 748//2183 3603//2183 3602//2183
f 748//2184 749//2184 3604//2184 3603//2184
f 749//2185 750//2185 3605//2185 3604//2185
f 750//2186 751//2186 3606//2186 3605//2186
f 751//2187 752//2187 3607//2187 3606//2187
f 752//2188 5//2188 703//2188 3607//2188
f 3607//2189 703//2189 702//2189 3614//2189
f 3614//2190 702//2190 701//2190 3621//2190
f 3621//2191 701//2191 700//2191 3628//2191
f 3628//2192 700//2192 699//2192 3635//2192
f 3635//2193 699//2193 698//2193 3642//2193
f 3642//2194 698//2194 697//2194 3649//2194
f 3649//2195 697//2195 64//2195 696//2195
f 3648//2196 3649//2196 696//2196 695//2196
f 3647//2197 3648//2197 695//2197 694//2197
f 3646//2198 3647//2198 694//2198 693//2198
f 3645//2199 3646//2199 693//2199 692//2199
f 3644//2200 3645//2200 692//2200 691//2200
f 3643//2201 3644//2201 691//2201 690//2201
f 745//2202 3643//2202 690//2202 67//2202
f 744//2203 3636//2203 3643//2203 745//2203
f 743//2204 3629//2204 3636//2204 744//2204
f 742//2205 3622//2205 3629//2205 743//2205
f 741//2206 3615//2206 3622//2206 742//2206
f 740//2207 3608//2207 3615//2207 741//2207
f 739//2208 3601//2208 3608//2208 740//2208
f 3650//2209 3651//2209 3658//2209 3657//2209
f 3651//2210 3652//2210 3659//2210 3658//2210
f 3652//2211 3653//2211 3660//2211 3659//2211
f 3653//2212 3654//2212 3661//2212 3660//2212
f 3654//2213 3655//2213 3662//2213 3661//2213
f 3655//2214 3656//2214 3663//2214 3662//2214
f 3657//2215 3658//2215 3665//2215 3664//2215
f 3658//2216 3659//2216 3666//2216 3665//2216
f 3659//2217 3660//2217 3667//2217 3666//2217
f 3660//2218 3661//2218 3668//2218 3667//2218
f 3661//2219 3662//2219 3669//2219 3668//2219
f 3662//2220 3663//2220 3670//2220 3669//2220
f 3664//2221 3665//2221 3672//2221 3671//2221
f 3665//2222 3666//2222 3673//2222 3672//2222
f 3666//2223 3667//2223 3674//2223 3673//2223
f 3667//2224 3668//2224 3675//2224 3674//2224
f 3668//2225 3669//2225 3676//2225 3675//2225
f 3669//2226 3670//2226 3677//2226 3676//2226
f 3671//2227 3672//2227 3679//2227 3678//2227
f 3672//2228 3673//2228 3680//2228 3679//2228
f 3673//2229 3674//2229 3681//2229 3680//2229
f 3674//2230 3675//2230 3682//2230 3681//2230
f 3675//2231 3676//2231 3683//2231 3682//2231
f 3676//2232 3677//2232 3684//2232 3683//2232
f 3678//2233 3679//2233 3686//2233 3685//2233
f 3679//2234 3680//2234 3687//2234 3686//2234
f 3680//2235 3681//2235 3688//2235 3687//2235
f 3681//2236 3682//2236 3689//2236 3688//2236
f 3682//2237 3683//2237 3690//2237 3689//2237
f 3683//2238 3684//2238 3691//2238 3690//2238
f 3685//2239 3686//2239 3693//2239 3692//2239
f 3686//2240 3687//2240 3694//2240 3693//2240
f 3687//2241 3688//2241 3695//2241 3694//2241
f 3688//2242 3689//2242 3696//2242 3695//2242
f 3689//2243 3690//2243 3697//2243 3696//2243
f 3690//2244 3691//2244 3698//2244 3697//2244
f 13//2245 760//2245 3650//2245 759//2245
f 760//2246 761//2246 3651//2246 3650//2246
f 761//2247 762//2247 3652//2247 3651//2247
f 762//2248 763//2248 3653//2248 3652//2248
f 763//2249 764//2249 3654//2249 3653//2249
f 764//2250 765//2250 3655//2250 3654//2250
f 765//2251 766//2251 3656//2251 3655//2251
f 766//2252 14//2252 767//2252 3656//2252
f 3656//2253 767//2253 768//2253 3663//2253
f 3663//2254 768//2254 769//2254 3670//2254
f 3670//2255 769//2255 770//2255 3677//2255
f 3677//2256 770//2256 771//2256 3684//2256
f 3684//2257 771//2257 772//2257 3691//2257
f 3691//2258 772//2258 773//2258 3698//2258
f 3698//2259 773//2259 69//2259 774//2259
f 3697//2260 3698//2260 774//2260 775//2260
f 3696//2261 3697//2261 775//2261 776//2261
f 3695//2262 3696//2262 776//2262 777//2262
f 3694//2263 3695//2263 777//2263 778//2263
f 3693//2264 3694//2264 778//2264 779//2264
f 3692//2265 3693//2265 779//2265 780//2265
f 753//2266 3692//2266 780//2266 68//2266
f 754//2267 3685//2267 3692//2267 753//2267
f 755//2268 3678//2268 3685//2268 754//2268
f 756//2269 3671//2269 3678//2269 755//2269
f 757//2270 3664//2270 3671//2270 756//2270
f 758//2271 3657//2271 3664//2271 757//2271
f 759//2272 3650//2272 3657//2272 758//2272
f 3699//2273 3700//2273 3707//2273 3706//2273
f 3700//2274 3701//2274 3708//2274 3707//2274
f 3701//2275 3702//2275 3709//2275 3708//2275
f 3702//2276 3703//2276 3710//2276 3709//2276
f 3703//2277 3704//2277 3711//2277 3710//2277
f 3704//2278 3705//2278 3712//2278 3711//2278
f 3706//2279 3707//2279 3714//2279 3713//2279
f 3707//2280 3708//2280 3715//2280 3714//2280
f 3708//2281 3709//2281 3716//2281 3715//2281
f 3709//2282 3710//2282 3717//2282 3716//2282
f 3710//2283 3711//2283 3718//2283 3717//2283
f 3711//2284 3712//2284 3719//2284 3718//2284
f 3713//2285 3714//2285 3721//2285 3720//2285
f 3714//2286 3715//2286 3722//2286 3721//2286
f 3715//2287 3716//2287 3723//2287 3722//2287
f 3716//2288 3717//2288 3724//2288 3723//2288
f 3717//2289 3718//2289 3725//2289 3724//2289
f 3718//2290 3719//2290 3726//2290 3725//2290
f 3720//2291 3721//2291 3728//2291 3727//2291
f 3721//2292 3722//2292 3729//2292 3728//2292
f 3722//2293 3723//2293 3730//2293 3729//2293
f 3723//2294 3724//2294 3731//2294 3730//2294
f 3724//2295 3725//2295 3732//2295 3731//2295
f 3725//2296 3726//2296 3733//2296 3732//2296
f 3727//2297 3728//2297 3735//2297 3734//2297
f 3728//2298 3729//2298 3736//2298 3735//2298
f 3729//2299 3730//2299 3737//2299 3736//2299
f 3730//2300 3731//2300 3738//2300 3737//2300
f 3731//2301 3732//2301 3739//2301 3738//2301
f 3732//2302 3733//2302 3740//2302 3739//2302
f 3734//2303 3735//2303 3742//2303 3741//2303
f 3735//2304 3736//2304 3743//2304 3742//2304
f 3736//2305 3737//2305 3744//2305 3743//2305
f 3737//2306 3738//2306 3745//2306 3744//2306
f 3738//2307 3739//2307 3746//2307 3745//2307
f 3739//2308 3740//2308 3747//2308 3746//2308
f 14//2309 781//2309 3699//2309 767//2309
f 781//2310 782//2310 3700//2310 3699//2310
f 782//2311 783//2311 3701//2311 3700//2311
f 783//2312 784//2312 3702//2312 3701//2312
f 784//2313 785//2313 3703//2313 3702//2313
f 785//2314 786//2314 3704//2314 3703//2314
f 786//2315 787//2315 3705//2315 3704//2315
f 787//2316 15//2316 788//2316 3705//2316
f 3705//2317 788//2317 789//2317 3712//2317
f 3712//2318 789//2318 790//2318 3719//2318
f 3719//2319 790//2319 791//2319 3726//2319
f 3726//2320 791//2320 792//2320 3733//2320
f 3733//2321 792//2321 793//2321 3740//2321
f 3740//2322 793//2322 794//2322 3747//2322
f 3747//2323 794//2323 70//2323 795//2323
f 3746//2324 3747//2324 795//2324 796//2324
f 3745//2325 3746//2325 796//2325 797//2325
f 3744//2326 3745//2326 797//2326 798//2326
f 3743//2327 3744//2327 798//2327 799//2327
f 3742//2328 3743//2328 799//2328 800//2328
f 3741//2329 3742//2329 800//2329 801//2329
f 773//2330 3741//2330 801//2330 69//2330
f 772//2331 3734//2331 3741//2331 773//2331
f 771//2332 3727//2332 3734//2332 772//2332
f 770//2333 3720//2333 3727//2333 771//2333
f 769//2334 3713//2334 3720//2334 770//2334
f 768//2335 3706//2335 3713//2335 769//2335
f 767//2336 3699//2336 3706//2336 768//2336
f 3748//2337 3749//2337 3756//2337 3755//2337
f 3749//2338 3750//2338 3757//2338 3756//2338
f 3750//2339 3751//2339 3758//2339 3757//2339
f 3751//2340 3752//2340 3759//2340 3758//2340
f 3752//2341 3753//2341 3760//2341 3759//2341
f 3753//2342 3754//2342 3761//2342 3760//2342
f 3755//2343 3756//2343 3763//2343 3762//2343
f 3756//2344 3757//2344 3764//2344 3763//2344
f 3757//2345 3758//2345 3765//2345 3764//2345
f 3758//2346 3759//2346 3766//2346 3765//2346
f 3759//2347 3760//2347 3767//2347 3766//2347
f 3760//2348 3761//2348 3768//2348 3767//2348
f 3762//2349 3763//2349 3770//2349 3769//2349
f 3763//2350 3764//2350 3771//2350 3770//2350
f 3764//2351 3765//2351 3772//2351 3771//2351
f 3765//2352 3766//2352 3773//2352 3772//2352
f 3766//2353 3767//2353 3774//2353 3773//2353
f 3767//2354 3768//2354 3775//2354 3774//2354
f 3769//2355 3770//2355 3777//2355 3776//2355
f 3770//2356 3771//2356 3778//2356 3777//2356
f 3771//2357 3772//2357 3779//2357 3778//2357
f 3772//2358 3773//2358 3780//2358 3779//2358
f 3773//2359 3774//2359 3781//2359 3780//2359
f 3774//2360 3775//2360 3782//2360 3781//2360
f 3776//2361 3777//2361 3784//2361 3783//2361
f 3777//2362 3778//2362 3785//2362 3784//2362
f 3778//2363 3779//2363 3786//2363 3785//2363
f 3779//2364 3780//2364 3787//2364 3786//2364
f 3780//2365 3781//2365 3788//2365 3787//2365
f 3781//2366 3782//2366 3789//2366 3788//2366
f 3783//2367 3784//2367 3791//2367 3790//2367
f 3784//2368 3785//2368 3792//2368 3791//2368
f 3785//2369 3786//2369 3793//2369 3792//2369
f 3786//2370 3787//2370 3794//2370 3793//2370
f 3787//2371 3788//2371 3795//2371 3794//2371
f 3788//2372 3789//2372 3796//2372 3795//2372
f 15//2373 802//2373 3748//2373 788//2373
f 802//2374 803//2374 3749//2374 3748//2374
f 803//2375 804//2375 3750//2375 3749//2375
f 804//2376 805//2376 3751//2376 3750//2376
f 805//2377 806//2377 3752//2377 3751//2377
f 806//2378 807//2378 3753//2378 3752//2378
f 807//2379 808//2379 3754//2379 3753//2379
f 808//2380 16//2380 809//2380 3754//2380
f 3754//2381 809//2381 810//2381 3761//2381
f 3761//2382 810//2382 811//2382 3768//2382
f 3768//2383 811//2383 812//2383 3775//2383
f 3775//2384 812//2384 813//2384 3782//2384
f 3782//2385 813//2385 814//2385 3789//2385
f 3789//2386 814//2386 815//2386 3796//2386
f 3796//2387 815//2387 71//2387 816//2387
f 3795//2388 3796//2388 816//2388 817//2388
f 3794//2389 3795//2389 817//2389 818//2389
f 3793//2390 3794//2390 818//2390 819//2390
f 3792//2391 3793//2391 819//2391 820//2391
f 3791//2392 3792//2392 820//2392 821//2392
f 3790//2393 3791//2393 821//2393 822//2393
f 794//2394 3790//2394 822//2394 70//2394
f 793//2395 3783//2395 3790//2395 794//2395
f 792//2396 3776//2396 3783//2396 793//2396
f 791//2397 3769//2397 3776//2397 792//2397
f 790//2398 3762//2398 3769//2398 791//2398
f 789//2399 3755//2399 3762//2399 790//2399
f 788//2400 3748//2400 3755//2400 789//2400
f 3797//2401 3798//2401 3805//2401 3804//2401
f 3798//2402 3799//2402 3806//2402 3805//2402
f 3799//2403 3800//2403 3807//2403 3806//2403
f 3800//2404 3801//2404 3808//2404 3807//2404
f 3801//2405 3802//2405 3809//2405 3808//2405
f 3802//2406 3803//2406 3810//2406 3809//2406
f 3804//2407 3805//2407 3812//2407 3811//2407
f 3805//2408 3806//2408 3813//2408 3812//2408
f 3806//2409 3807//2409 3814//2409 3813//2409
f 3807//2410 3808//2410 3815//2410 3814//2410
f 3808//2411 3809//2411 3816//2411 3815//2411
f 3809//2412 3810//2412 3817//2412 3816//2412
f 3811//2413 3812//2413 3819//2413 3818//2413
f 3812//2414 3813//2414 3820//2414 3819//2414
f 3813//2415 3814//2415 3821//2415 3820//2415
f 3814//2416 3815//2416 3822//2416 3821//2416
f 3815//2417 3816//2417 3823//2417 3822//2417
f 3816//2418 3817//2418 3824//2418 3823//2418
f 3818//2419 3819//2419 3826//2419 3825//2419
f 3819//2420 3820//2420 3827//2420 3826//2420
f 3820//2421 3821//2421 3828//2421 3827//2421
f 3821//2422 3822//2422 3829//2422 3828//2422
f 3822//2423 3823//2423 3830//2423 3829//2423
f 3823//2424 3824//2424 3831//2424 3830//2424
f 3825//2425 3826//2425 3833//2425 3832//2425
f 3826//2426 3827//2426 3834//2426 3833//2426
f 3827//2427 3828//2427 3835//2427 3834//2427
f 3828//2428 3829//2428 3836//2428 3835//2428
f 3829//2429 3830//2429 3837//2429 3836//2429
f 3830//2430 3831//2430 3838//2430 3837//2430
f 3832//2431 3833//2431 3840//2431 3839//2431
f 3833//2432 3834//2432 3841//2432 3840//2432
f 3834//2433 3835//2433 3842//2433 3841//2433
f 3835//2434 3836//2434 3843//2434 3842//2434
f 3836//2435 3837//2435 3844//2435 3843//2435
f 3837//2436 3838//2436 3845//2436 3844//2436
f 16//2437 823//2437 3797//2437 809//2437
f 823//2438 824//2438 3798//2438 3797//2438
f 824//2439 825//2439 3799//2439 3798//2439
f 825//2440 826//2440 3800//2440 3799//2440
f 826//2441 827//2441 3801//2441 3800//2441
f 827//2442 828//2442 3802//2442 3801//2442
f 828//2443 829//2443 3803//2443 3802//2443
f 829//2444 13//2444 759//2444 3803//2444
f 3803//2445 759//2445 758//2445 3810//2445
f 3810//2446 758//2446 757//2446 3817//2446
f 3817//2447 757//2447 756//2447 3824//2447
f 3824//2448 756//2448 755//2448 3831//2448
f 3831//2449 755//2449 754//2449 3838//2449
f 3838//2450 754//2450 753//2450 3845//2450
f 3845//2451 753//2451 68//2451 830//2451
f 3844//2452 3845//2452 830//2452 831//2452
f 3843//2453 3844//2453 831//2453 832//2453
f 3842//2454 3843//2454 832//2454 833//2454
f 3841//2455 3842//2455 833//2455 834//2455
f 3840//2456 3841//2456 834//2456 835//2456
f 3839//2457 3840//2457 835//2457 836//2457
f 815//2458 3839//2458 836//2458 71//2458
f 814//2459 3832//2459 3839//2459 815//2459
f 813//2460 3825//2460 3832//2460 814//2460
f 812//2461 3818//2461 3825//2461 813//2461
f 811//2462 3811//2462 3818//2462 812//2462
f 810//2463 3804//2463 3811//2463 811//2463
f 809//2464 3797//2464 3804//2464 810//2464
f 3846//2465 3847//2465 3854//2465 3853//2465
f 3847//2466 3848//2466 3855//2466 3854//2466
f 3848//2467 3849//2467 3856//2467 3855//2467
f 3849//2468 3850//2468 3857//2468 3856//2468
f 3850//2469 3851//2469 3858//2469 3857//2469
f 3851//2470 3852//2470 3859//2470 3858//2470
f 3853//2471 3854//2471 3861//2471 3860//2471
f 3854//2472 3855//2472 3862//2472 3861//2472
f 3855//2473 3856//2473 3863//2473 3862//2473
f 3856//2474 3857//2474 3864//2474 3863//2474
f 3857//2475 3858//2475 3865//2475 3864//2475
f 3858//2476 3859//2476 3866//2476 3865//2476
f 3860//2477 3861//2477 3868//2477 3867//2477
f 3861//2478 3862//2478 3869//2478 3868//2478
f 3862//2479 3863//2479 3870//2479 3869//2479
f 3863//2480 3864//2480 3871//2480 3870//2480
f 3864//2481 3865//2481 3872//2481 3871//2481
f 3865//2482 3866//2482 3873//2482 3872//2482
f 3867//2483 3868//2483 3875//2483 3874//2483
f 3868//2484 3869//2484 3876//2484 3875//2484
f 3869//2485 3870//2485 3877//2485 3876//2485
f 3870//2486 3871//2486 3878//2486 3877//2486
f 3871//2487 3872//2487 3879//2487 3878//2487
f 3872//2488 3873//2488 3880//2488 3879//2488
f 3874//2489 3875//2489 3882//2489 3881//2489
f 3875//2490 3876//2490 3883//2490 3882//2490
f 3876//2491 3877//2491 3884//2491 3883//2491
f 3877//2492 3878//2492 3885//2492 3884//2492
f 3878//2493 3879//2493 3886//2493 3885//2493
f 3879//2494 3880//2494 3887//2494 3886//2494
f 3881//2495 3882//2495 3889//2495 3888//2495
f 3882//2496 3883//2496 3890//2496 3889//2496
f 3883//2497 3884//2497 3891//2497 3890//2497
f 3884//2498 3885//2498 3892//2498 3891//2498
f 3885//2499 3886//2499 3893//2499 3892//2499
f 3886//2500 3887//2500 3894//2500 3893//2500
f 68//2501 780//2501 3846//2501 843//2501
f 780//2502 779//2502 3847//2502 3846//2502
f 779//2503 778//2503 3848//2503 3847//2503
f 778//2504 777//2504 3849//2504 3848//2504
f 777//2505 776//2505 3850//2505 3849//2505
f 776//2506 775//2506 3851//2506 3850//2506
f 775//2507 774//2507 3852//2507 3851//2507
f 774//2508 69//2508 844//2508 3852//2508
f 3852//2509 844//2509 845//2509 3859//2509
f 3859//2510 845//2510 846//2510 3866//2510
f 3866//2511 846//2511 847//2511 3873//2511
f 3873//2512 847//2512 848//2512 3880//2512
f 3880//2513 848//2513 849//2513 3887//2513
f 3887//2514 849//2514 850//2514 3894//2514
f 3894//2515 850//2515 10//2515 382//2515
f 3893//2516 3894//2516 382//2516 383//2516
f 3892//2517 3893//2517 383//2517 384//2517
f 3891//2518 3892//2518 384//2518 385//2518
f 3890//2519 3891//2519 385//2519 386//2519
f 3889//2520 3890//2520 386//2520 387//2520
f 3888//2521 3889//2521 387//2521 388//2521
f 837//2522 3888//2522 388//2522 9//2522
f 838//2523 3881//2523 3888//2523 837//2523
f 839//2524 3874//2524 3881//2524 838//2524
f 840//2525 3867//2525 3874//2525 839//2525
f 841//2526 3860//2526 3867//2526 840//2526
f 842//2527 3853//2527 3860//2527 841//2527
f 843//2528 3846//2528 3853//2528 842//2528
f 3895//2529 3896//2529 3903//2529 3902//2529
f 3896//2530 3897//2530 3904//2530 3903//2530
f 3897//2531 3898//2531 3905//2531 3904//2531
f 3898//2532 3899//2532 3906//2532 3905//2532
f 3899//2533 3900//2533 3907//2533 3906//2533
f 3900//2534 3901//2534 3908//2534 3907//2534
f 3902//2535 3903//2535 3910//2535 3909//2535
f 3903//2536 3904//2536 3911//2536 3910//2536
f 3904//2537 3905//2537 3912//2537 3911//2537
f 3905//2538 3906//2538 3913//2538 3912//2538
f 3906//2539 3907//2539 3914//2539 3913//2539
f 3907//2540 3908//2540 3915//2540 3914//2540
f 3909//2541 3910//2541 3917//2541 3916//2541
f 3910//2542 3911//2542 3918//2542 3917//2542
f 3911//2543 3912//2543 3919//2543 3918//2543
f 3912//2544 3913//2544 3920//2544 3919//2544
f 3913//2545 3914//2545 3921//2545 3920//2545
f 3914//2546 3915//2546 3922//2546 3921//2546
f 3916//2547 3917//2547 3924//2547 3923//2547
f 3917//2548 3918//2548 3925//2548 3924//2548
f 3918//2549 3919//2549 3926//2549 3925//2549
f 3919//2550 3920//2550 3927//2550 3926//2550
f 3920//2551 3921//2551 3928//2551 3927//2551
f 3921//2552 3922//2552 3929//2552 3928//2552
f 3923//2553 3924//2553 3931//2553 3930//2553
f 3924//2554 3925//2554 3932//2554 3931//2554
f 3925//2555 3926//2555 3933//2555 3932//2555
f 3926//2556 3927//2556 3934//2556 3933//2556
f 3927//2557 3928//2557 3935//2557 3934//2557
f 3928//2558 3929//2558 3936//2558 3935//2558
f 3930//2559 3931//2559 3938//2559 3937//2559
f 3931//2560 3932//2560 3939//2560 3938//2560
f 3932//2561 3933//2561 3940//2561 3939//2561
f 3933//2562 3934//2562 3941//2562 3940//2562
f 3934//2563 3935//2563 3942//2563 3941//2563
f 3935//2564 3936//2564 3943//2564 3942//2564
f 69//2565 801//2565 3895//2565 844//2565
f 801//2566 800//2566 3896//2566 3895//2566
f 800//2567 799//2567 3897//2567 3896//2567
f 799//2568 798//2568 3898//2568 3897//2568
f 798//2569 797//2569 3899//2569 3898//2569
f 797//2570 796//2570 3900//2570 3899//2570
f 796//2571 795//2571 3901//2571 3900//2571
f 795//2572 70//2572 851//2572 3901//2572
f 3901//2573 851//2573 852//2573 3908//2573
f 3908//2574 852//2574 853//2574 3915//2574
f 3915//2575 853//2575 854//2575 3922//2575
f 3922//2576 854//2576 855//2576 3929//2576
f 3929//2577 855//2577 856//2577 3936//2577
f 3936//2578 856//2578 857//2578 3943//2578
f 3943//2579 857//2579 11//2579 375//2579
f 3942//2580 3943//2580 375//2580 376//2580
f 3941//2581 3942//2581 376//2581 377//2581
f 3940//2582 3941//2582 377//2582 378//2582
f 3939//2583 3940//2583 378//2583 379//2583
f 3938//2584 3939//2584 379//2584 380//2584
f 3937//2585 3938//2585 380//2585 381//2585
f 850//2586 3937//2586 381//2586 10//2586
f 849//2587 3930//2587 3937//2587 850//2587
f 848//2588 3923//2588 3930//2588 849//2588
f 847//2589 3916//2589 3923//2589 848//2589
f 846//2590 3909//2590 3916//2590 847//2590
f 845//2591 3902//2591 3909//2591 846//2591
f 844//2592 3895//2592 3902//2592 845//2592
f 3944//2593 3945//2593 3952//2593 3951//2593
f 3945//2594 3946//2594 3953//2594 3952//2594
f 3946//2595 3947//2595 3954//2595 3953//2595
f 3947//2596 3948//2596 3955//2596 3954//2596
f 3948//2597 3949//2597 3956//2597 3955//2597
f 3949//2598 3950//2598 3957//2598 3956//2598
f 3951//2599 3952//2599 3959//2599 3958//2599
f 3952//2600 3953//2600 3960//2600 3959//2600
f 3953//2601 3954//2601 3961//2601 3960//2601
f 3954//2602 3955//2602 3962//2602 3961//2602
f 3955//2603 3956//2603 3963//2603 3962//2603
f 3956//2604 3957//2604 3964//2604 3963//2604
f 3958//2605 3959//2605 3966//2605 3965//2605
f 3959//2606 3960//2606 3967//2606 3966//2606
f 3960//2607 3961//2607 3968//2607 3967//2607
f 3961//2608 3962//2608 3969//2608 3968//2608
f 3962//2609 3963//2609 3970//2609 3969//2609
f 3963//2610 3964//2610 3971//2610 3970//2610
f 3965//2611 3966//2611 3973//2611 3972//2611
f 3966//2612 3967//2612 3974//2612 3973//2612
f 3967//2613 3968//2613 3975//2613 3974//2613
f 3968//2614 3969//2614 3976//2614 3975//2614
f 3969//2615 3970//2615 3977//2615 3976//2615
f 3970//2616 3971//2616 3978//2616 3977//2616
f 3972//2617 3973//2617 3980//2617 3979//2617
f 3973//2618 3974//2618 3981//2618 3980//2618
f 3974//2619 3975//2619 3982//2619 3981//2619
f 3975//2620 3976//2620 3983//2620 3982//2620
f 3976//2621 3977//2621 3984//2621 3983//2621
f 3977//2622 3978//2622 3985//2622 3984//2622
f 3979//2623 3980//2623 3987//2623 3986//2623
f 3980//2624 3981//2624 3988//2624 3987//2624
f 3981//2625 3982//2625 3989//2625 3988//2625
f 3982//2626 3983//2626 3990//2626 3989//2626
f 3983//2627 3984//2627 3991//2627 3990//2627
f 3984//2628 3985//2628 3992//2628 3991//2628
f 70//2629 822//2629 3944//2629 851//2629
f 822//2630 821//2630 3945//2630 3944//2630
f 821//2631 820//2631 3946//2631 3945//2631
f 820//2632 819//2632 3947//2632 3946//2632
f 819//2633 818//2633 3948//2633 3947//2633
f 818//2634 817//2634 3949//2634 3948//2634
f 817//2635 816//2635 3950//2635 3949//2635
f 816//2636 71//2636 858//2636 3950//2636
f 3950//2637 858//2637 859//2637 3957//2637
f 3957//2638 859//2638 860//2638 3964//2638
f 3964//2639 860//2639 861//2639 3971//2639
f 3971//2640 861//2640 862//2640 3978//2640
f 3978//2641 862//2641 863//2641 3985//2641
f 3985//2642 863//2642 864//2642 3992//2642
f 3992//2643 864//2643 12//2643 361//2643
f 3991//2644 3992//2644 361//2644 362//2644
f 3990//2645 3991//2645 362//2645 363//2645
f 3989//2646 3990//2646 363//2646 364//2646
f 3988//2647 3989//2647 364//2647 365//2647
f 3987//2648 3988//2648 365//2648 366//2648
f 3986//2649 3987//2649 366//2649 367//2649
f 857//2650 3986//2650 367//2650 11//2650
f 856//2651 3979//2651 3986//2651 857//2651
f 855//2652 3972//2652 3979//2652 856//2652
f 854//2653 3965//2653 3972//2653 855//2653
f 853//2654 3958//2654 3965//2654 854//2654
f 852//2655 3951//2655 3958//2655 853//2655
f 851//2656 3944//2656 3951//2656 852//2656
f 3993//2657 3994//2657 4001//2657 4000//2657
f 3994//2658 3995//2658 4002//2658 4001//2658
f 3995//2659 3996//2659 4003//2659 4002//2659
f 3996//2660 3997//2660 4004//2660 4003//2660
f 3997//2661 3998//2661 4005//2661 4004//2661
f 3998//2662 3999//2662 4006//2662 4005//2662
f 4000//2663 4001//2663 4008//2663 4007//2663
f 4001//2664 4002//2664 4009//2664 4008//2664
f 4002//2665 4003//2665 4010//2665 4009//2665
f 4003//2666 4004//2666 4011//2666 4010//2666
f 4004//2667 4005//2667 4012//2667 4011//2667
f 4005//2668 4006//2668 4013//2668 4012//2668
f 4007//2669 4008//2669 4015//2669 4014//2669
f 4008//2670 4009//2670 4016//2670 4015//2670
f 4009//2671 4010//2671 4017//2671 4016//2671
f 4010//2672 4011//2672 4018//2672 4017//2672
f 4011//2673 4012//2673 4019//2673 4018//2673
f 4012//2674 4013//2674 4020//2674 4019//2674
f 4014//2675 4015//2675 4022//2675 4021//2675
f 4015//2676 4016//2676 4023//2676 4022//2676
f 4016//2677 4017//2677 4024//2677 4023//2677
f 4017//2678 4018//2678 4025//2678 4024//2678
f 4018//2679 4019//2679 4026//2679 4025//2679
f 4019//2680 4020//2680 4027//2680 4026//2680
f 4021//2681 4022//2681 4029//2681 4028//2681
f 4022//2682 4023//2682 4030//2682 4029//2682
f 4023//2683 4024//2683 4031//2683 4030//2683
f 4024//2684 4025//2684 4032//2684 4031//2684
f 4025//2685 4026//2685 4033//2685 4032//2685
f 4026//2686 4027//2686 4034//2686 4033//2686
f 4028//2687 4029//2687 4036//2687 4035//2687
f 4029//2688 4030//2688 4037//2688 4036//2688
f 4030//2689 4031//2689 4038//2689 4037//2689
f 4031//2690 4032//2690 4039//2690 4038//2690
f 4032//2691 4033//2691 4040//2691 4039//2691
f 4033//2692 4034//2692 4041//2692 4040//2692
f 71//2693 836//2693 3993//2693 858//2693
f 836//2694 835//2694 3994//2694 3993//2694
f 835//2695 834//2695 3995//2695 3994//2695
f 834//2696 833//2696 3996//2696 3995//2696
f 833//2697 832//2697 3997//2697 3996//2697
f 832//2698 831//2698 3998//2698 3997//2698
f 831//2699 830//2699 3999//2699 3998//2699
f 830//2700 68//2700 843//2700 3999//2700
f 3999//2701 843//2701 842//2701 4006//2701
f 4006//2702 842//2702 841//2702 4013//2702
f 4013//2703 841//2703 840//2703 4020//2703
f 4020//2704 840//2704 839//2704 4027//2704
f 4027//2705 839//2705 838//2705 4034//2705
f 4034//2706 838//2706 837//2706 4041//2706
f 4041//2707 837//2707 9//2707 248//2707
f 4040//2708 4041//2708 248//2708 247//2708
f 4039//2709 4040//2709 247//2709 246//2709
f 4038//2710 4039//2710 246//2710 245//2710
f 4037//2711 4038//2711 245//2711 244//2711
f 4036//2712 4037//2712 244//2712 243//2712
f 4035//2713 4036//2713 243//2713 242//2713
f 864//2714 4035//2714 242//2714 12//2714
f 863//2715 4028//2715 4035//2715 864//2715
f 862//2716 4021//2716 4028//2716 863//2716
f 861//2717 4014//2717 4021//2717 862//2717
f 860//2718 4007//2718 4014//2718 861//2718
f 859//2719 4000//2719 4007//2719 860//2719
f 858//2720 3993//2720 4000//2720 859//2720
f 4042//2721 4043//2721 4050//2721 4049//2721
f 4043//2722 4044//2722 4051//2722 4050//2722
f 4044//2723 4045//2723 4052//2723 4051//2723
f 4045//2724 4046//2724 4053//2724 4052//2724
f 4046//2725 4047//2725 4054//2725 4053//2725
f 4047//2726 4048//2726 4055//2726 4054//2726
f 4049//2727 4050//2727 4057//2727 4056//2727
f 4050//2728 4051//2728 4058//2728 4057//2728
f 4051//2729 4052//2729 4059//2729 4058//2729
f 4052//2730 4053//2730 4060//2730 4059//2730
f 4053//2731 4054//2731 4061//2731 4060//2731
f 4054//2732 4055//2732 4062//2732 4061//2732
f 4056//2733 4057//2733 4064//2733 4063//2733
f 4057//2734 4058//2734 4065//2734 4064//2734
f 4058//2735 4059//2735 4066//2735 4065//2735
f 4059//2736 4060//2736 4067//2736 4066//2736
f 4060//2737 4061//2737 4068//2737 4067//2737
f 4061//2738 4062//2738 4069//2738 4068//2738
f 4063//2739 4064//2739 4071//2739 4070//2739
f 4064//2740 4065//2740 4072//2740 4071//2740
f 4065//2741 4066//2741 4073//2741 4072//2741
f 4066//2742 4067//2742 4074//2742 4073//2742
f 4067//2743 4068//2743 4075//2743 4074//2743
f 4068//2744 4069//2744 4076//2744 4075//2744
f 4070//2745 4071//2745 4078//2745 4077//2745
f 4071//2746 4072//2746 4079//2746 4078//2746
f 4072//2747 4073//2747 4080//2747 4079//2747
f 4073//2748 4074//2748 4081//2748 4080//2748
f 4074//2749 4075//2749 4082//2749 4081//2749
f 4075//2750 4076//2750 4083//2750 4082//2750
f 4077//2751 4078//2751 4085//2751 4084//2751
f 4078//2752 4079//2752 4086//2752 4085//2752
f 4079//2753 4080//2753 4087//2753 4086//2753
f 4080//2754 4081//2754 4088//2754 4087//2754
f 4081//2755 4082//2755 4089//2755 4088//2755
f 4082//2756 4083//2756 4090//2756 4089//2756
f 72//2757 872//2757 4042//2757 871//2757
f 872//2758 873//2758 4043//2758 4042//2758
f 873//2759 874//2759 4044//2759 4043//2759
f 874//2760 875//2760 4045//2760 4044//2760
f 875//2761 876//2761 4046//2761 4045//2761
f 876//2762 877//2762 4047//2762 4046//2762
f 877//2763 878//2763 4048//2763 4047//2763
f 878//2764 73//2764 879//2764 4048//2764
f 4048//2765 879//2765 880//2765 4055//2765
f 4055//2766 880//2766 881//2766 4062//2766
f 4062//2767 881//2767 882//2767 4069//2767
f 4069//2768 882//2768 883//2768 4076//2768
f 4076//2769 883//2769 884//2769 4083//2769
f 4083//2770 884//2770 885//2770 4090//2770
f 4090//2771 885//2771 6//2771 710//2771
f 4089//2772 4090//2772 710//2772 709//2772
f 4088//2773 4089//2773 709//2773 708//2773
f 4087//2774 4088//2774 708//2774 707//2774
f 4086//2775 4087//2775 707//2775 706//2775
f 4085//2776 4086//2776 706//2776 705//2776
f 4084//2777 4085//2777 705//2777 704//2777
f 865//2778 4084//2778 704//2778 5//2778
f 866//2779 4077//2779 4084//2779 865//2779
f 867//2780 4070//2780 4077//2780 866//2780
f 868//2781 4063//2781 4070//2781 867//2781
f 869//2782 4056//2782 4063//2782 868//2782
f 870//2783 4049//2783 4056//2783 869//2783
f 871//2784 4042//2784 4049//2784 870//2784
f 4091//2785 4092//2785 4099//2785 4098//2785
f 4092//2786 4093//2786 4100//2786 4099//2786
f 4093//2787 4094//2787 4101//2787 4100//2787
f 4094//2788 4095//2788 4102//2788 4101//2788
f 4095//2789 4096//2789 4103//2789 4102//2789
f 4096//2790 4097//2790 4104//2790 4103//2790
f 4098//2791 4099//2791 4106//2791 4105//2791
f 4099//2792 4100//2792 4107//2792 4106//2792
f 4100//2793 4101//2793 4108//2793 4107//2793
f 4101//2794 4102//2794 4109//2794 4108//2794
f 4102//2795 4103//2795 4110//2795 4109//2795
f 4103//2796 4104//2796 4111//2796 4110//2796
f 4105//2797 4106//2797 4113//2797 4112//2797
f 4106//2798 4107//2798 4114//2798 4113//2798
f 4107//2799 4108//2799 4115//2799 4114//2799
f 4108//2800 4109//2800 4116//2800 4115//2800
f 4109//2801 4110//2801 4117//2801 4116//2801
f 4110//2802 4111//2802 4118//2802 4117//2802
f 4112//2803 4113//2803 4120//2803 4119//2803
f 4113//2804 4114//2804 4121//2804 4120//2804
f 4114//2805 4115//2805 4122//2805 4121//2805
f 4115//2806 4116//2806 4123//2806 4122//2806
f 4116//2807 4117//2807 4124//2807 4123//2807
f 4117//2808 4118//2808 4125//2808 4124//2808
f 4119//2809 4120//2809 4127//2809 4126//2809
f 4120//2810 4121//2810 4128//2810 4127//2810
f 4121//2811 4122//2811 4129//2811 4128//2811
f 4122//2812 4123//2812 4130//2812 4129//2812
f 4123//2813 4124//2813 4131//2813 4130//2813
f 4124//2814 4125//2814 4132//2814 4131//2814
f 4126//2815 4127//2815 4134//2815 4133//2815
f 4127//2816 4128//2816 4135//2816 4134//2816
f 4128//2817 4129//2817 4136//2817 4135//2817
f 4129//2818 4130//2818 4137//2818 4136//2818
f 4130//2819 4131//2819 4138//2819 4137//2819
f 4131//2820 4132//2820 4139//2820 4138//2820
f 73//2821 886//2821 4091//2821 879//2821
f 886//2822 887//2822 4092//2822 4091//2822
f 887//2823 888//2823 4093//2823 4092//2823
f 888//2824 889//2824 4094//2824 4093//2824
f 889//2825 890//2825 4095//2825 4094//2825
f 890//2826 891//2826 4096//2826 4095//2826
f 891//2827 892//2827 4097//2827 4096//2827
f 892//2828 74//2828 893//2828 4097//2828
f 4097//2829 893//2829 894//2829 4104//2829
f 4104//2830 894//2830 895//2830 4111//2830
f 4111//2831 895//2831 896//2831 4118//2831
f 4118//2832 896//2832 897//2832 4125//2832
f 4125//2833 897//2833 898//2833 4132//2833
f 4132//2834 898//2834 899//2834 4139//2834
f 4139//2835 899//2835 7//2835 724//2835
f 4138//2836 4139//2836 724//2836 723//2836
f 4137//2837 4138//2837 723//2837 722//2837
f 4136//2838 4137//2838 722//2838 721//2838
f 4135//2839 4136//2839 721//2839 720//2839
f 4134//2840 4135//2840 720//2840 719//2840
f 4133//2841 4134//2841 719//2841 718//2841
f 885//2842 4133//2842 718//2842 6//2842
f 884//2843 4126//2843 4133//2843 885//2843
f 883//2844 4119//2844 4126//2844 884//2844
f 882//2845 4112//2845 4119//2845 883//2845
f 881//2846 4105//2846 4112//2846 882//2846
f 880//2847 4098//2847 4105//2847 881//2847
f 879//2848 4091//2848 4098//2848 880//2848
f 4140//2849 4141//2849 4148//2849 4147//2849
f 4141//2850 4142//2850 4149//2850 4148//2850
f 4142//2851 4143//2851 4150//2851 4149//2851
f 4143//2852 4144//2852 4151//2852 4150//2852
f 4144//2853 4145//2853 4152//2853 4151//2853
f 4145//2854 4146//2854 4153//2854 4152//2854
f 4147//2855 4148//2855 4155//2855 4154//2855
f 4148//2856 4149//2856 4156//2856 4155//2856
f 4149//2857 4150//2857 4157//2857 4156//2857
f 4150//2858 4151//2858 4158//2858 4157//2858
f 4151//2859 4152//2859 4159//2859 4158//2859
f 4152//2860 4153//2860 4160//2860 4159//2860
f 4154//2861 4155//2861 4162//2861 4161//2861
f 4155//2862 4156//2862 4163//2862 4162//2862
f 4156//2863 4157//2863 4164//2863 4163//2863
f 4157//2864 4158//2864 4165//2864 4164//2864
f 4158//2865 4159//2865 4166//2865 4165//2865
f 4159//2866 4160//2866 4167//2866 4166//2866
f 4161//2867 4162//2867 4169//2867 4168//2867
f 4162//2868 4163//2868 4170//2868 4169//2868
f 4163//2869 4164//2869 4171//2869 4170//2869
f 4164//2870 4165//2870 4172//2870 4171//2870
f 4165//2871 4166//2871 4173//2871 4172//2871
f 4166//2872 4167//2872 4174//2872 4173//2872
f 4168//2873 4169//2873 4176//2873 4175//2873
f 4169//2874 4170//2874 4177//2874 4176//2874
f 4170//2875 4171//2875 4178//2875 4177//2875
f 4171//2876 4172//2876 4179//2876 4178//2876
f 4172//2877 4173//2877 4180//2877 4179//2877
f 4173//2878 4174//2878 4181//2878 4180//2878
f 4175//2879 4176//2879 4183//2879 4182//2879
f 4176//2880 4177//2880 4184//2880 4183//2880
f 4177//2881 4178//2881 4185//2881 4184//2881
f 4178//2882 4179//2882 4186//2882 4185//2882
f 4179//2883 4180//2883 4187//2883 4186//2883
f 4180//2884 4181//2884 4188//2884 4187//2884
f 74//2885 900//2885 4140//2885 893//2885
f 900//2886 901//2886 4141//2886 4140//2886
f 901//2887 902//2887 4142//2887 4141//2887
f 902//2888 903//2888 4143//2888 4142//2888
f 903//2889 904//2889 4144//2889 4143//2889
f 904//2890 905//2890 4145//2890 4144//2890
f 905//2891 906//2891 4146//2891 4145//2891
f 906//2892 75//2892 907//2892 4146//2892
f 4146//2893 907//2893 908//2893 4153//2893
f 4153//2894 908//2894 909//2894 4160//2894
f 4160//2895 909//2895 910//2895 4167//2895
f 4167//2896 910//2896 911//2896 4174//2896
f 4174//2897 911//2897 912//2897 4181//2897
f 4181//2898 912//2898 913//2898 4188//2898
f 4188//2899 913//2899 8//2899 738//2899
f 4187//2900 4188//2900 738//2900 737//2900
f 4186//2901 4187//2901 737//2901 736//2901
f 4185//2902 4186//2902 736//2902 735//2902
f 4184//2903 4185//2903 735//2903 734//2903
f 4183//2904 4184//2904 734//2904 733//2904
f 4182//2905 4183//2905 733//2905 732//2905
f 899//2906 4182//2906 732//2906 7//2906
f 898//2907 4175//2907 4182//2907 899//2907
f 897//2908 4168//2908 4175//2908 898//2908
f 896//2909 4161//2909 4168//2909 897//2909
f 895//2910 4154//2910 4161//2910 896//2910
f 894//2911 4147//2911 4154//2911 895//2911
f 893//2912 4140//2912 4147//2912 894//2912
f 4189//2913 4190//2913 4197//2913 4196//2913
f 4190//2914 4191//2914 4198//2914 4197//2914
f 4191//2915 4192//2915 4199//2915 4198//2915
f 4192//2916 4193//2916 4200//2916 4199//2916
f 4193//2917 4194//2917 4201//2917 4200//2917
f 4194//2918 4195//2918 4202//2918 4201//2918
f 4196//2919 4197//2919 4204//2919 4203//2919
f 4197//2920 4198//2920 4205//2920 4204//2920
f 4198//2921 4199//2921 4206//2921 4205//2921
f 4199//2922 4200//2922 4207//2922 4206//2922
f 4200//2923 4201//2923 4208//2923 4207//2923
f 4201//2924 4202//2924 4209//2924 4208//2924
f 4203//2925 4204//2925 4211//2925 4210//2925
f 4204//2926 4205//2926 4212//2926 4211//2926
f 4205//2927 4206//2927 4213//2927 4212//2927
f 4206//2928 4207//2928 4214//2928 4213//2928
f 4207//2929 4208//2929 4215//2929 4214//2929
f 4208//2930 4209//2930 4216//2930 4215//2930
f 4210//2931 4211//2931 4218//2931 4217//2931
f 4211//2932 4212//2932 4219//2932 4218//2932
f 4212//2933 4213//2933 4220//2933 4219//2933
f 4213//2934 4214//2934 4221//2934 4220//2934
f 4214//2935 4215//2935 4222//2935 4221//2935
f 4215//2936 4216//2936 4223//2936 4222//2936
f 4217//2937 4218//2937 4225//2937 4224//2937
f 4218//2938 4219//2938 4226//2938 4225//2938
f 4219//2939 4220//2939 4227//2939 4226//2939
f 4220//2940 4221//2940 4228//2940 4227//2940
f 4221//2941 4222//2941 4229//2941 4228//2941
f 4222//2942 4223//2942 4230//2942 4229//2942
f 4224//2943 4225//2943 4232//2943 4231//2943
f 4225//2944 4226//2944 4233//2944 4232//2944
f 4226//2945 4227//2945 4234//2945 4233//2945
f 4227//2946 4228//2946 4235//2946 4234//2946
f 4228//2947 4229//2947 4236//2947 4235//2947
f 4229//2948 4230//2948 4237//2948 4236//2948
f 75//2949 914//2949 4189//2949 907//2949
f 914//2950 915//2950 4190//2950 4189//2950
f 915//2951 916//2951 4191//2951 4190//2951
f 916//2952 917//2952 4192//2952 4191//2952
f 917//2953 918//2953 4193//2953 4192//2953
f 918//2954 919//2954 4194//2954 4193//2954
f 919//2955 920//2955 4195//2955 4194//2955
f 920//2956 72//2956 871//2956 4195//2956
f 4195//2957 871//2957 870//2957 4202//2957
f 4202//2958 870//2958 869//2958 4209//2958
f 4209//2959 869//2959 868//2959 4216//2959
f 4216//2960 868//2960 867//2960 4223//2960
f 4223//2961 867//2961 866//2961 4230//2961
f 4230//2962 866//2962 865//2962 4237//2962
f 4237//2963 865//2963 5//2963 752//2963
f 4236//2964 4237//2964 752//2964 751//2964
f 4235//2965 4236//2965 751//2965 750//2965
f 4234//2966 4235//2966 750//2966 749//2966
f 4233//2967 4234//2967 749//2967 748//2967
f 4232//2968 4233//2968 748//2968 747//2968
f 4231//2969 4232//2969 747//2969 746//2969
f 913//2970 4231//2970 746//2970 8//2970
f 912//2971 4224//2971 4231//2971 913//2971
f 911//2972 4217//2972 4224//2972 912//2972
f 910//2973 4210//2973 4217//2973 911//2973
f 909//2974 4203//2974 4210//2974 910//2974
f 908//2975 4196//2975 4203//2975 909//2975
f 907//2976 4189//2976 4196//2976 908//2976
f 4238//2977 4239//2977 4246//2977 4245//2977
f 4239//2978 4240//2978 4247//2978 4246//2978
f 4240//2979 4241//2979 4248//2979 4247//2979
f 4241//2980 4242//2980 4249//2980 4248//2980
f 4242//2981 4243//2981 4250//2981 4249//2981
f 4243//2982 4244//2982 4251//2982 4250//2982
f 4245//2983 4246//2983 4253//2983 4252//2983
f 4246//2984 4247//2984 4254//2984 4253//2984
f 4247//2985 4248//2985 4255//2985 4254//2985
f 4248//2986 4249//2986 4256//2986 4255//2986
f 4249//2987 4250//2987 4257//2987 4256//2987
f 4250//2988 4251//2988 4258//2988 4257//2988
f 4252//2989 4253//2989 4260//2989 4259//2989
f 4253//2990 4254//2990 4261//2990 4260//2990
f 4254//2991 4255//2991 4262//2991 4261//2991
f 4255//2992 4256//2992 4263//2992 4262//2992
f 4256//2993 4257//2993 4264//2993 4263//2993
f 4257//2994 4258//2994 4265//2994 4264//2994
f 4259//2995 4260//2995 4267//2995 4266//2995
f 4260//2996 4261//2996 4268//2996 4267//2996
f 4261//2997 4262//2997 4269//2997 4268//2997
f 4262//2998 4263//2998 4270//2998 4269//2998
f 4263//2999 4264//2999 4271//2999 4270//2999
f 4264//3000 4265//3000 4272//3000 4271//3000
f 4266//3001 4267//3001 4274//3001 4273//3001
f 4267//3002 4268//3002 4275//3002 4274//3002
f 4268//3003 4269//3003 4276//3003 4275//3003
f 4269//3004 4270//3004 4277//3004 4276//3004
f 4270//3005 4271//3005 4278//3005 4277//3005
f 4271//3006 4272//3006 4279//3006 4278//3006
f 4273//3007 4274//3007 4281//3007 4280//3007
f 4274//3008 4275//3008 4282//3008 4281//3008
f 4275//3009 4276//3009 4283//3009 4282//3009
f 4276//3010 4277//3010 4284//3010 4283//3010
f 4277//3011 4278//3011 4285//3011 4284//3011
f 4278//3012 4279//3012 4286//3012 4285//3012
f 24//3013 311//3013 4238//3013 927//3013
f 311//3014 310//3014 4239//3014 4238//3014
f 310//3015 309//3015 4240//3015 4239//3015
f 309//3016 308//3016 4241//3016 4240//3016
f 308//3017 307//3017 4242//3017 4241//3017
f 307//3018 306//3018 4243//3018 4242//3018
f 306//3019 305//3019 4244//3019 4243//3019
f 305//3020 25//3020 928//3020 4244//3020
f 4244//3021 928//3021 929//3021 4251//3021
f 4251//3022 929//3022 930//3022 4258//3022
f 4258//3023 930//3023 931//3023 4265//3023
f 4265//3024 931//3024 932//3024 4272//3024
f 4272//3025 932//3025 933//3025 4279//3025
f 4279//3026 933//3026 934//3026 4286//3026
f 4286//3027 934//3027 73//3027 878//3027
f 4285//3028 4286//3028 878//3028 877//3028
f 4284//3029 4285//3029 877//3029 876//3029
f 4283//3030 4284//3030 876//3030 875//3030
f 4282//3031 4283//3031 875//3031 874//3031
f 4281//3032 4282//3032 874//3032 873//3032
f 4280//3033 4281//3033 873//3033 872//3033
f 921//3034 4280//3034 872//3034 72//3034
f 922//3035 4273//3035 4280//3035 921//3035
f 923//3036 4266//3036 4273//3036 922//3036
f 924//3037 4259//3037 4266//3037 923//3037
f 925//3038 4252//3038 4259//3038 924//3038
f 926//3039 4245//3039 4252//3039 925//3039
f 927//3040 4238//3040 4245//3040 926//3040
f 4287//3041 4288//3041 4295//3041 4294//3041
f 4288//3042 4289//3042 4296//3042 4295//3042
f 4289//3043 4290//3043 4297//3043 4296//3043
f 4290//3044 4291//3044 4298//3044 4297//3044
f 4291//3045 4292//3045 4299//3045 4298//3045
f 4292//3046 4293//3046 4300//3046 4299//3046
f 4294//3047 4295//3047 4302//3047 4301//3047
f 4295//3048 4296//3048 4303//3048 4302//3048
f 4296//3049 4297//3049 4304//3049 4303//3049
f 4297//3050 4298//3050 4305//3050 4304//3050
f 4298//3051 4299//3051 4306//3051 4305//3051
f 4299//3052 4300//3052 4307//3052 4306//3052
f 4301//3053 4302//3053 4309//3053 4308//3053
f 4302//3054 4303//3054 4310//3054 4309//3054
f 4303//3055 4304//3055 4311//3055 4310//3055
f 4304//3056 4305//3056 4312//3056 4311//3056
f 4305//3057 4306//3057 4313//3057 4312//3057
f 4306//3058 4307//3058 4314//3058 4313//3058
f 4308//3059 4309//3059 4316//3059 4315//3059
f 4309//3060 4310//3060 4317//3060 4316//3060
f 4310//3061 4311//3061 4318//3061 4317//3061
f 4311//3062 4312//3062 4319//3062 4318//3062
f 4312//3063 4313//3063 4320//3063 4319//3063
f 4313//3064 4314//3064 4321//3064 4320//3064
f 4315//3065 4316//3065 4323//3065 4322//3065
f 4316//3066 4317//3066 4324//3066 4323//3066
f 4317//3067 4318//3067 4325//3067 4324//3067
f 4318//3068 4319//3068 4326//3068 4325//3068
f 4319//3069 4320//3069 4327//3069 4326//3069
f 4320//3070 4321//3070 4328//3070 4327//3070
f 4322//3071 4323//3071 4330//3071 4329//3071
f 4323//3072 4324//3072 4331//3072 4330//3072
f 4324//3073 4325//3073 4332//3073 4331//3073
f 4325//3074 4326//3074 4333//3074 4332//3074
f 4326//3075 4327//3075 4334//3075 4333//3075
f 4327//3076 4328//3076 4335//3076 4334//3076
f 25//3077 339//3077 4287//3077 928//3077
f 339//3078 338//3078 4288//3078 4287//3078
f 338//3079 337//3079 4289//3079 4288//3079
f 337//3080 336//3080 4290//3080 4289//3080
f 336//3081 335//3081 4291//3081 4290//3081
f 335//3082 334//3082 4292//3082 4291//3082
f 334//3083 333//3083 4293//3083 4292//3083
f 333//3084 26//3084 935//3084 4293//3084
f 4293//3085 935//3085 936//3085 4300//3085
f 4300//3086 936//3086 937//3086 4307//3086
f 4307//3087 937//3087 938//3087 4314//3087
f 4314//3088 938//3088 939//3088 4321//3088
f 4321//3089 939//3089 940//3089 4328//3089
f 4328//3090 940//3090 941//3090 4335//3090
f 4335//3091 941//3091 74//3091 892//3091
f 4334//3092 4335//3092 892//3092 891//3092
f 4333//3093 4334//3093 891//3093 890//3093
f 4332//3094 4333//3094 890//3094 889//3094
f 4331//3095 4332//3095 889//3095 888//3095
f 4330//3096 4331//3096 888//3096 887//3096
f 4329//3097 4330//3097 887//3097 886//3097
f 934//3098 4329//3098 886//3098 73//3098
f 933//3099 4322//3099 4329//3099 934//3099
f 932//3100 4315//3100 4322//3100 933//3100
f 931//3101 4308//3101 4315//3101 932//3101
f 930//3102 4301//3102 4308//3102 931//3102
f 929//3103 4294//3103 4301//3103 930//3103
f 928//3104 4287//3104 4294//3104 929//3104
f 4336//3105 4337//3105 4344//3105 4343//3105
f 4337//3106 4338//3106 4345//3106 4344//3106
f 4338//3107 4339//3107 4346//3107 4345//3107
f 4339//3108 4340//3108 4347//3108 4346//3108
f 4340//3109 4341//3109 4348//3109 4347//3109
f 4341//3110 4342//3110 4349//3110 4348//3110
f 4343//3111 4344//3111 4351//3111 4350//3111
f 4344//3112 4345//3112 4352//3112 4351//3112
f 4345//3113 4346//3113 4353//3113 4352//3113
f 4346//3114 4347//3114 4354//3114 4353//3114
f 4347//3115 4348//3115 4355//3115 4354//3115
f 4348//3116 4349//3116 4356//3116 4355//3116
f 4350//3117 4351//3117 4358//3117 4357//3117
f 4351//3118 4352//3118 4359//3118 4358//3118
f 4352//3119 4353//3119 4360//3119 4359//3119
f 4353//3120 4354//3120 4361//3120 4360//3120
f 4354//3121 4355//3121 4362//3121 4361//3121
f 4355//3122 4356//3122 4363//3122 4362//3122
f 4357//3123 4358//3123 4365//3123 4364//3123
f 4358//3124 4359//3124 4366//3124 4365//3124
f 4359//3125 4360//3125 4367//3125 4366//3125
f 4360//3126 4361//3126 4368//3126 4367//3126
f 4361//3127 4362//3127 4369//3127 4368//3127
f 4362//3128 4363//3128 4370//3128 4369//3128
f 4364//3129 4365//3129 4372//3129 4371//3129
f 4365//3130 4366//3130 4373//3130 4372//3130
f 4366//3131 4367//3131 4374//3131 4373//3131
f 4367//3132 4368//3132 4375//3132 4374//3132
f 4368//3133 4369//3133 4376//3133 4375//3133
f 4369//3134 4370//3134 4377//3134 4376//3134
f 4371//3135 4372//3135 4379//3135 4378//3135
f 4372//3136 4373//3136 4380//3136 4379//3136
f 4373//3137 4374//3137 4381//3137 4380//3137
f 4374//3138 4375//3138 4382//3138 4381//3138
f 4375//3139 4376//3139 4383//3139 4382//3139
f 4376//3140 4377//3140 4384//3140 4383//3140
f 26//3141 423//3141 4336//3141 935//3141
f 423//3142 422//3142 4337//3142 4336//3142
f 422//3143 421//3143 4338//3143 4337//3143
f 421//3144 420//3144 4339//3144 4338//3144
f 420//3145 419//3145 4340//3145 4339//3145
f 419//3146 418//3146 4341//3146 4340//3146
f 418//3147 417//3147 4342//3147 4341//3147
f 417//3148 27//3148 942//3148 4342//3148
f 4342//3149 942//3149 943//3149 4349//3149
f 4349//3150 943//3150 944//3150 4356//3150
f 4356//3151 944//3151 945//3151 4363//3151
f 4363//3152 945//3152 946//3152 4370//3152
f 4370//3153 946//3153 947//3153 4377//3153
f 4377//3154 947//3154 948//3154 4384//3154
f 4384//3155 948//3155 75//3155 906//3155
f 4383//3156 4384//3156 906//3156 905//3156
f 4382//3157 4383//3157 905//3157 904//3157
f 4381//3158 4382//3158 904//3158 903//3158
f 4380//3159 4381//3159 903//3159 902//3159
f 4379//3160 4380//3160 902//3160 901//3160
f 4378//3161 4379//3161 901//3161 900//3161
f 941//3162 4378//3162 900//3162 74//3162
f 940//3163 4371//3163 4378//3163 941//3163
f 939//3164 4364//3164 4371//3164 940//3164
f 938//3165 4357//3165 4364//3165 939//3165
f 937//3166 4350//3166 4357//3166 938//3166
f 936//3167 4343//3167 4350//3167 937//3167
f 935//3168 4336//3168 4343//3168 936//3168
f 4385//3169 4386//3169 4393//3169 4392//3169
f 4386//3170 4387//3170 4394//3170 4393//3170
f 4387//3171 4388//3171 4395//3171 4394//3171
f 4388//3172 4389//3172 4396//3172 4395//3172
f 4389//3173 4390//3173 4397//3173 4396//3173
f 4390//3174 4391//3174 4398//3174 4397//3174
f 4392//3175 4393//3175 4400//3175 4399//3175
f 4393//3176 4394//3176 4401//3176 4400//3176
f 4394//3177 4395//3177 4402//3177 4401//3177
f 4395//3178 4396//3178 4403//3178 4402//3178
f 4396//3179 4397//3179 4404//3179 4403//3179
f 4397//3180 4398//3180 4405//3180 4404//3180
f 4399//3181 4400//3181 4407//3181 4406//3181
f 4400//3182 4401//3182 4408//3182 4407//3182
f 4401//3183 4402//3183 4409//3183 4408//3183
f 4402//3184 4403//3184 4410//3184 4409//3184
f 4403//3185 4404//3185 4411//3185 4410//3185
f 4404//3186 4405//3186 4412//3186 4411//3186
f 4406//3187 4407//3187 4414//3187 4413//3187
f 4407//3188 4408//3188 4415//3188 4414//3188
f 4408//3189 4409//3189 4416//3189 4415//3189
f 4409//3190 4410//3190 4417//3190 4416//3190
f 4410//3191 4411//3191 4418//3191 4417//3191
f 4411//3192 4412//3192 4419//3192 4418//3192
f 4413//3193 4414//3193 4421//3193 4420//3193
f 4414//3194 4415//3194 4422//3194 4421//3194
f 4415//3195 4416//3195 4423//3195 4422//3195
f 4416//3196 4417//3196 4424//3196 4423//3196
f 4417//3197 4418//3197 4425//3197 4424//3197
f 4418//3198 4419//3198 4426//3198 4425//3198
f 4420//3199 4421//3199 4428//3199 4427//3199
f 4421//3200 4422//3200 4429//3200 4428//3200
f 4422//3201 4423//3201 4430//3201 4429//3201
f 4423//3202 4424//3202 4431//3202 4430//3202
f 4424//3203 4425//3203 4432//3203 4431//3203
f 4425//3204 4426//3204 4433//3204 4432//3204
f 27//3205 465//3205 4385//3205 942//3205
f 465//3206 464//3206 4386//3206 4385//3206
f 464//3207 463//3207 4387//3207 4386//3207
f 463//3208 462//3208 4388//3208 4387//3208
f 462//3209 461//3209 4389//3209 4388//3209
f 461//3210 460//3210 4390//3210 4389//3210
f 460//3211 459//3211 4391//3211 4390//3211
f 459//3212 24//3212 927//3212 4391//3212
f 4391//3213 927//3213 926//3213 4398//3213
f 4398//3214 926//3214 925//3214 4405//3214
f 4405//3215 925//3215 924//3215 4412//3215
f 4412//3216 924//3216 923//3216 4419//3216
f 4419//3217 923//3217 922//3217 4426//3217
f 4426//3218 922//3218 921//3218 4433//3218
f 4433//3219 921//3219 72//3219 920//3219
f 4432//3220 4433//3220 920//3220 919//3220
f 4431//3221 4432//3221 919//3221 918//3221
f 4430//3222 4431//3222 918//3222 917//3222
f 4429//3223 4430//3223 917//3223 916//3223
f 4428//3224 4429//3224 916//3224 915//3224
f 4427//3225 4428//3225 915//3225 914//3225
f 948//3226 4427//3226 914//3226 75//3226
f 947//3227 4420//3227 4427//3227 948//3227
f 946//3228 4413//3228 4420//3228 947//3228
f 945//3229 4406//3229 4413//3229 946//3229
f 944//3230 4399//3230 4406//3230 945//3230
f 943//3231 4392//3231 4399//3231 944//3231
f 942//3232 4385//3232 4392//3232 943//3232
f 4434//3233 4435//3233 4442//3233 4441//3233
f 4435//3234 4436//3234 4443//3234 4442//3234
f 4436//3235 4437//3235 4444//3235 4443//3235
f 4437//3236 4438//3236 4445//3236 4444//3236
f 4438//3237 4439//3237 4446//3237 4445//3237
f 4439//3238 4440//3238 4447//3238 4446//3238
f 4441//3239 4442//3239 4449//3239 4448//3239
f 4442//3240 4443//3240 4450//3240 4449//3240
f 4443//3241 4444//3241 4451//3241 4450//3241
f 4444//3242 4445//3242 4452//3242 4451//3242
f 4445//3243 4446//3243 4453//3243 4452//3243
f 4446//3244 4447//3244 4454//3244 4453//3244
f 4448//3245 4449//3245 4456//3245 4455//3245
f 4449//3246 4450//3246 4457//3246 4456//3246
f 4450//3247 4451//3247 4458//3247 4457//3247
f 4451//3248 4452//3248 4459//3248 4458//3248
f 4452//3249 4453//3249 4460//3249 4459//3249
f 4453//3250 4454//3250 4461//3250 4460//3250
f 4455//3251 4456//3251 4463//3251 4462//3251
f 4456//3252 4457//3252 4464//3252 4463//3252
f 4457//3253 4458//3253 4465//3253 4464//3253
f 4458//3254 4459//3254 4466//3254 4465//3254
f 4459//3255 4460//3255 4467//3255 4466//3255
f 4460//3256 4461//3256 4468//3256 4467//3256
f 4462//3257 4463//3257 4470//3257 4469//3257
f 4463//3258 4464//3258 4471//3258 4470//3258
f 4464//3259 4465//3259 4472//3259 4471//3259
f 4465//3260 4466//3260 4473//3260 4472//3260
f 4466//3261 4467//3261 4474//3261 4473//3261
f 4467//3262 4468//3262 4475//3262 4474//3262
f 4469//3263 4470//3263 4477//3263 4476//3263
f 4470//3264 4471//3264 4478//3264 4477//3264
f 4471//3265 4472//3265 4479//3265 4478//3265
f 4472//3266 4473//3266 4480//3266 4479//3266
f 4473//3267 4474//3267 4481//3267 4480//3267
f 4474//3268 4475//3268 4482//3268 4481//3268
f 28//3269 164//3269 4434//3269 955//3269
f 164//3270 163//3270 4435//3270 4434//3270
f 163//3271 162//3271 4436//3271 4435//3271
f 162//3272 161//3272 4437//3272 4436//3272
f 161//3273 160//3273 4438//3273 4437//3273
f 160//3274 159//3274 4439//3274 4438//3274
f 159//3275 158//3275 4440//3275 4439//3275
f 158//3276 29//3276 956//3276 4440//3276
f 4440//3277 956//3277 957//3277 4447//3277
f 4447//3278 957//3278 958//3278 4454//3278
f 4454//3279 958//3279 959//3279 4461//3279
f 4461//3280 959//3280 960//3280 4468//3280
f 4468//3281 960//3281 961//3281 4475//3281
f 4475//3282 961//3282 962//3282 4482//3282
f 4482//3283 962//3283 77//3283 963//3283
f 4481//3284 4482//3284 963//3284 964//3284
f 4480//3285 4481//3285 964//3285 965//3285
f 4479//3286 4480//3286 965//3286 966//3286
f 4478//3287 4479//3287 966//3287 967//3287
f 4477//3288 4478//3288 967//3288 968//3288
f 4476//3289 4477//3289 968//3289 969//3289
f 949//3290 4476//3290 969//3290 76//3290
f 950//3291 4469//3291 4476//3291 949//3291
f 951//3292 4462//3292 4469//3292 950//3292
f 952//3293 4455//3293 4462//3293 951//3293
f 953//3294 4448//3294 4455//3294 952//3294
f 954//3295 4441//3295 4448//3295 953//3295
f 955//3296 4434//3296 4441//3296 954//3296
f 4483//3297 4484//3297 4491//3297 4490//3297
f 4484//3298 4485//3298 4492//3298 4491//3298
f 4485//3299 4486//3299 4493//3299 4492//3299
f 4486//3300 4487//3300 4494//3300 4493//3300
f 4487//3301 4488//3301 4495//3301 4494//3301
f 4488//3302 4489//3302 4496//3302 4495//3302
f 4490//3303 4491//3303 4498//3303 4497//3303
f 4491//3304 4492//3304 4499//3304 4498//3304
f 4492//3305 4493//3305 4500//3305 4499//3305
f 4493//3306 4494//3306 4501//3306 4500//3306
f 4494//3307 4495//3307 4502//3307 4501//3307
f 4495//3308 4496//3308 4503//3308 4502//3308
f 4497//3309 4498//3309 4505//3309 4504//3309
f 4498//3310 4499//3310 4506//3310 4505//3310
f 4499//3311 4500//3311 4507//3311 4506//3311
f 4500//3312 4501//3312 4508//3312 4507//3312
f 4501//3313 4502//3313 4509//3313 4508//3313
f 4502//3314 4503//3314 4510//3314 4509//3314
f 4504//3315 4505//3315 4512//3315 4511//3315
f 4505//3316 4506//3316 4513//3316 4512//3316
f 4506//3317 4507//3317 4514//3317 4513//3317
f 4507//3318 4508//3318 4515//3318 4514//3318
f 4508//3319 4509//3319 4516//3319 4515//3319
f 4509//3320 4510//3320 4517//3320 4516//3320
f 4511//3321 4512//3321 4519//3321 4518//3321
f 4512//3322 4513//3322 4520//3322 4519//3322
f 4513//3323 4514//3323 4521//3323 4520//3323
f 4514//3324 4515//3324 4522//3324 4521//3324
f 4515//3325 4516//3325 4523//3325 4522//3325
f 4516//3326 4517//3326 4524//3326 4523//3326
f 4518//3327 4519//3327 4526//3327 4525//3327
f 4519//3328 4520//3328 4527//3328 4526//3328
f 4520//3329 4521//3329 4528//3329 4527//3329
f 4521//3330 4522//3330 4529//3330 4528//3330
f 4522//3331 4523//3331 4530//3331 4529//3331
f 4523//3332 4524//3332 4531//3332 4530//3332
f 29//3333 192//3333 4483//3333 956//3333
f 192//3334 191//3334 4484//3334 4483//3334
f 191//3335 190//3335 4485//3335 4484//3335
f 190//3336 189//3336 4486//3336 4485//3336
f 189//3337 188//3337 4487//3337 4486//3337
f 188//3338 187//3338 4488//3338 4487//3338
f 187//3339 186//3339 4489//3339 4488//3339
f 186//3340 30//3340 970//3340 4489//3340
f 4489//3341 970//3341 971//3341 4496//3341
f 4496//3342 971//3342 972//3342 4503//3342
f 4503//3343 972//3343 973//3343 4510//3343
f 4510//3344 973//3344 974//3344 4517//3344
f 4517//3345 974//3345 975//3345 4524//3345
f 4524//3346 975//3346 976//3346 4531//3346
f 4531//3347 976//3347 78//3347 977//3347
f 4530//3348 4531//3348 977//3348 978//3348
f 4529//3349 4530//3349 978//3349 979//3349
f 4528//3350 4529//3350 979//3350 980//3350
f 4527//3351 4528//3351 980//3351 981//3351
f 4526//3352 4527//3352 981//3352 982//3352
f 4525//3353 4526//3353 982//3353 983//3353
f 962//3354 4525//3354 983//3354 77//3354
f 961//3355 4518//3355 4525//3355 962//3355
f 960//3356 4511//3356 4518//3356 961//3356
f 959//3357 4504//3357 4511//3357 960//3357
f 958//3358 4497//3358 4504//3358 959//3358
f 957//3359 4490//3359 4497//3359 958//3359
f 956//3360 4483//3360 4490//3360 957//3360
f 4532//3361 4533//3361 4540//3361 4539//3361
f 4533//3362 4534//3362 4541//3362 4540//3362
f 4534//3363 4535//3363 4542//3363 4541//3363
f 4535//3364 4536//3364 4543//3364 4542//3364
f 4536//3365 4537//3365 4544//3365 4543//3365
f 4537//3366 4538//3366 4545//3366 4544//3366
f 4539//3367 4540//3367 4547//3367 4546//3367
f 4540//3368 4541//3368 4548//3368 4547//3368
f 4541//3369 4542//3369 4549//3369 4548//3369
f 4542//3370 4543//3370 4550//3370 4549//3370
f 4543//3371 4544//3371 4551//3371 4550//3371
f 4544//3372 4545//3372 4552//3372 4551//3372
f 4546//3373 4547//3373 4554//3373 4553//3373
f 4547//3374 4548//3374 4555//3374 4554//3374
f 4548//3375 4549//3375 4556//3375 4555//3375
f 4549//3376 4550//3376 4557//3376 4556//3376
f 4550//3377 4551//3377 4558//3377 4557//3377
f 4551//3378 4552//3378 4559//3378 4558//3378
f 4553//3379 4554//3379 4561//3379 4560//3379
f 4554//3380 4555//3380 4562//3380 4561//3380
f 4555//3381 4556//3381 4563//3381 4562//3381
f 4556//3382 4557//3382 4564//3382 4563//3382
f 4557//3383 4558//3383 4565//3383 4564//3383
f 4558//3384 4559//3384 4566//3384 4565//3384
f 4560//3385 4561//3385 4568//3385 4567//3385
f 4561//3386 4562//3386 4569//3386 4568//3386
f 4562//3387 4563//3387 4570//3387 4569//3387
f 4563//3388 4564//3388 4571//3388 4570//3388
f 4564//3389 4565//3389 4572//3389 4571//3389
f 4565//3390 4566//3390 4573//3390 4572//3390
f 4567//3391 4568//3391 4575//3391 4574//3391
f 4568//3392 4569//3392 4576//3392 4575//3392
f 4569//3393 4570//3393 4577//3393 4576//3393
f 4570//3394 4571//3394 4578//3394 4577//3394
f 4571//3395 4572//3395 4579//3395 4578//3395
f 4572//3396 4573//3396 4580//3396 4579//3396
f 30//3397 269//3397 4532//3397 970//3397
f 269//3398 268//3398 4533//3398 4532//3398
f 268//3399 267//3399 4534//3399 4533//3399
f 267//3400 266//3400 4535//3400 4534//3400
f 266//3401 265//3401 4536//3401 4535//3401
f 265//3402 264//3402 4537//3402 4536//3402
f 264//3403 263//3403 4538//3403 4537//3403
f 263//3404 31//3404 984//3404 4538//3404
f 4538//3405 984//3405 985//3405 4545//3405
f 4545//3406 985//3406 986//3406 4552//3406
f 4552//3407 986//3407 987//3407 4559//3407
f 4559//3408 987//3408 988//3408 4566//3408
f 4566//3409 988//3409 989//3409 4573//3409
f 4573//3410 989//3410 990//3410 4580//3410
f 4580//3411 990//3411 79//3411 991//3411
f 4579//3412 4580//3412 991//3412 992//3412
f 4578//3413 4579//3413 992//3413 993//3413
f 4577//3414 4578//3414 993//3414 994//3414
f 4576//3415 4577//3415 994//3415 995//3415
f 4575//3416 4576//3416 995//3416 996//3416
f 4574//3417 4575//3417 996//3417 997//3417
f 976//3418 4574//3418 997//3418 78//3418
f 975//3419 4567//3419 4574//3419 976//3419
f 974//3420 4560//3420 4567//3420 975//3420
f 973//3421 4553//3421 4560//3421 974//3421
f 972//3422 4546//3422 4553//3422 973//3422
f 971//3423 4539//3423 4546//3423 972//3423
f 970//3424 4532//3424 4539//3424 971//3424
f 4581//3425 4582//3425 4589//3425 4588//3425
f 4582//3426 4583//3426 4590//3426 4589//3426
f 4583//3427 4584//3427 4591//3427 4590//3427
f 4584//3428 4585//3428 4592//3428 4591//3428
f 4585//3429 4586//3429 4593//3429 4592//3429
f 4586//3430 4587//3430 4594//3430 4593//3430
f 4588//3431 4589//3431 4596//3431 4595//3431
f 4589//3432 4590//3432 4597//3432 4596//3432
f 4590//3433 4591//3433 4598//3433 4597//3433
f 4591//3434 4592//3434 4599//3434 4598//3434
f 4592//3435 4593//3435 4600//3435 4599//3435
f 4593//3436 4594//3436 4601//3436 4600//3436
f 4595//3437 4596//3437 4603//3437 4602//3437
f 4596//3438 4597//3438 4604//3438 4603//3438
f 4597//3439 4598//3439 4605//3439 4604//3439
f 4598//3440 4599//3440 4606//3440 4605//3440
f 4599//3441 4600//3441 4607//3441 4606//3441
f 4600//3442 4601//3442 4608//3442 4607//3442
f 4602//3443 4603//3443 4610//3443 4609//3443
f 4603//3444 4604//3444 4611//3444 4610//3444
f 4604//3445 4605//3445 4612//3445 4611//3445
f 4605//3446 4606//3446 4613//3446 4612//3446
f 4606//3447 4607//3447 4614//3447 4613//3447
f 4607//3448 4608//3448 4615//3448 4614//3448
f 4609//3449 4610//3449 4617//3449 4616//3449
f 4610//3450 4611//3450 4618//3450 4617//3450
f 4611//3451 4612//3451 4619//3451 4618//3451
f 4612//3452 4613//3452 4620//3452 4619//3452
f 4613//3453 4614//3453 4621//3453 4620//3453
f 4614//3454 4615//3454 4622//3454 4621//3454
f 4616//3455 4617//3455 4624//3455 4623//3455
f 4617//3456 4618//3456 4625//3456 4624//3456
f 4618//3457 4619//3457 4626//3457 4625//3457
f 4619//3458 4620//3458 4627//3458 4626//3458
f 4620//3459 4621//3459 4628//3459 4627//3459
f 4621//3460 4622//3460 4629//3460 4628//3460
f 31//3461 290//3461 4581//3461 984//3461
f 290//3462 289//3462 4582//3462 4581//3462
f 289//3463 288//3463 4583//3463 4582//3463
f 288//3464 287//3464 4584//3464 4583//3464
f 287//3465 286//3465 4585//3465 4584//3465
f 286//3466 285//3466 4586//3466 4585//3466
f 285//3467 284//3467 4587//3467 4586//3467
f 284//3468 28//3468 955//3468 4587//3468
f 4587//3469 955//3469 954//3469 4594//3469
f 4594//3470 954//3470 953//3470 4601//3470
f 4601//3471 953//3471 952//3471 4608//3471
f 4608//3472 952//3472 951//3472 4615//3472
f 4615//3473 951//3473 950//3473 4622//3473
f 4622//3474 950//3474 949//3474 4629//3474
f 4629//3475 949//3475 76//3475 998//3475
f 4628//3476 4629//3476 998//3476 999//3476
f 4627//3477 4628//3477 999//3477 1000//3477
f 4626//3478 4627//3478 1000//3478 1001//3478
f 4625//3479 4626//3479 1001//3479 1002//3479
f 4624//3480 4625//3480 1002//3480 1003//3480
f 4623//3481 4624//3481 1003//3481 1004//3481
f 990//3482 4623//3482 1004//3482 79//3482
f 989//3483 4616//3483 4623//3483 990//3483
f 988//3484 4609//3484 4616//3484 989//3484
f 987//3485 4602//3485 4609//3485 988//3485
f 986//3486 4595//3486 4602//3486 987//3486
f 985//3487 4588//3487 4595//3487 986//3487
f 984//3488 4581//3488 4588//3488 985//3488
f 4630//3489 4631//3489 4638//3489 4637//3489
f 4631//3490 4632//3490 4639//3490 4638//3490
f 4632//3491 4633//3491 4640//3491 4639//3491
f 4633//3492 4634//3492 4641//3492 4640//3492
f 4634//3493 4635//3493 4642//3493 4641//3493
f 4635//3494 4636//3494 4643//3494 4642//3494
f 4637//3495 4638//3495 4645//3495 4644//3495
f 4638//3496 4639//3496 4646//3496 4645//3496
f 4639//3497 4640//3497 4647//3497 4646//3497
f 4640//3498 4641//3498 4648//3498 4647//3498
f 4641//3499 4642//3499 4649//3499 4648//3499
f 4642//3500 4643//3500 4650//3500 4649//3500
f 4644//3501 4645//3501 4652//3501 4651//3501
f 4645//3502 4646//3502 4653//3502 4652//3502
f 4646//3503 4647//3503 4654//3503 4653//3503
f 4647//3504 4648//3504 4655//3504 4654//3504
f 4648//3505 4649//3505 4656//3505 4655//3505
f 4649//3506 4650//3506 4657//3506 4656//3506
f 4651//3507 4652//3507 4659//3507 4658//3507
f 4652//3508 4653//3508 4660//3508 4659//3508
f 4653//3509 4654//3509 4661//3509 4660//3509
f 4654//3510 4655//3510 4662//3510 4661//3510
f 4655//3511 4656//3511 4663//3511 4662//3511
f 4656//3512 4657//3512 4664//3512 4663//3512
f 4658//3513 4659//3513 4666//3513 4665//3513
f 4659//3514 4660//3514 4667//3514 4666//3514
f 4660//3515 4661//3515 4668//3515 4667//3515
f 4661//3516 4662//3516 4669//3516 4668//3516
f 4662//3517 4663//3517 4670//3517 4669//3517
f 4663//3518 4664//3518 4671//3518 4670//3518
f 4665//3519 4666//3519 4673//3519 4672//3519
f 4666//3520 4667//3520 4674//3520 4673//3520
f 4667//3521 4668//3521 4675//3521 4674//3521
f 4668//3522 4669//3522 4676//3522 4675//3522
f 4669//3523 4670//3523 4677//3523 4676//3523
f 4670//3524 4671//3524 4678//3524 4677//3524
f 76//3525 969//3525 4630//3525 1011//3525
f 969//3526 968//3526 4631//3526 4630//3526
f 968//3527 967//3527 4632//3527 4631//3527
f 967//3528 966//3528 4633//3528 4632//3528
f 966//3529 965//3529 4634//3529 4633//3529
f 965//3530 964//3530 4635//3530 4634//3530
f 964//3531 963//3531 4636//3531 4635//3531
f 963//3532 77//3532 1012//3532 4636//3532
f 4636//3533 1012//3533 1013//3533 4643//3533
f 4643//3534 1013//3534 1014//3534 4650//3534
f 4650//3535 1014//3535 1015//3535 4657//3535
f 4657//3536 1015//3536 1016//3536 4664//3536
f 4664//3537 1016//3537 1017//3537 4671//3537
f 4671//3538 1017//3538 1018//3538 4678//3538
f 4678//3539 1018//3539 14//3539 766//3539
f 4677//3540 4678//3540 766//3540 765//3540
f 4676//3541 4677//3541 765//3541 764//3541
f 4675//3542 4676//3542 764//3542 763//3542
f 4674//3543 4675//3543 763//3543 762//3543
f 4673//3544 4674//3544 762//3544 761//3544
f 4672//3545 4673//3545 761//3545 760//3545
f 1005//3546 4672//3546 760//3546 13//3546
f 1006//3547 4665//3547 4672//3547 1005//3547
f 1007//3548 4658//3548 4665//3548 1006//3548
f 1008//3549 4651//3549 4658//3549 1007//3549
f 1009//3550 4644//3550 4651//3550 1008//3550
f 1010//3551 4637//3551 4644//3551 1009//3551
f 1011//3552 4630//3552 4637//3552 1010//3552
f 4679//3553 4680//3553 4687//3553 4686//3553
f 4680//3554 4681//3554 4688//3554 4687//3554
f 4681//3555 4682//3555 4689//3555 4688//3555
f 4682//3556 4683//3556 4690//3556 4689//3556
f 4683//3557 4684//3557 4691//3557 4690//3557
f 4684//3558 4685//3558 4692//3558 4691//3558
f 4686//3559 4687//3559 4694//3559 4693//3559
f 4687//3560 4688//3560 4695//3560 4694//3560
f 4688//3561 4689//3561 4696//3561 4695//3561
f 4689//3562 4690//3562 4697//3562 4696//3562
f 4690//3563 4691//3563 4698//3563 4697//3563
f 4691//3564 4692//3564 4699//3564 4698//3564
f 4693//3565 4694//3565 4701//3565 4700//3565
f 4694//3566 4695//3566 4702//3566 4701//3566
f 4695//3567 4696//3567 4703//3567 4702//3567
f 4696//3568 4697//3568 4704//3568 4703//3568
f 4697//3569 4698//3569 4705//3569 4704//3569
f 4698//3570 4699//3570 4706//3570 4705//3570
f 4700//3571 4701//3571 4708//3571 4707//3571
f 4701//3572 4702//3572 4709//3572 4708//3572
f 4702//3573 4703//3573 4710//3573 4709//3573
f 4703//3574 4704//3574 4711//3574 4710//3574
f 4704//3575 4705//3575 4712//3575 4711//3575
f 4705//3576 4706//3576 4713//3576 4712//3576
f 4707//3577 4708//3577 4715//3577 4714//3577
f 4708//3578 4709//3578 4716//3578 4715//3578
f 4709//3579 4710//3579 4717//3579 4716//3579
f 4710//3580 4711//3580 4718//3580 4717//3580
f 4711//3581 4712//3581 4719//3581 4718//3581
f 4712//3582 4713//3582 4720//3582 4719//3582
f 4714//3583 4715//3583 4722//3583 4721//3583
f 4715//3584 4716//3584 4723//3584 4722//3584
f 4716//3585 4717//3585 4724//3585 4723//3585
f 4717//3586 4718//3586 4725//3586 4724//3586
f 4718//3587 4719//3587 4726//3587 4725//3587
f 4719//3588 4720//3588 4727//3588 4726//3588
f 77//3589 983//3589 4679//3589 1012//3589
f 983//3590 982//3590 4680//3590 4679//3590
f 982//3591 981//3591 4681//3591 4680//3591
f 981//3592 980//3592 4682//3592 4681//3592
f 980//3593 979//3593 4683//3593 4682//3593
f 979//3594 978//3594 4684//3594 4683//3594
f 978//3595 977//3595 4685//3595 4684//3595
f 977//3596 78//3596 1019//3596 4685//3596
f 4685//3597 1019//3597 1020//3597 4692//3597
f 4692//3598 1020//3598 1021//3598 4699//3598
f 4699//3599 1021//3599 1022//3599 4706//3599
f 4706//3600 1022//3600 1023//3600 4713//3600
f 4713//3601 1023//3601 1024//3601 4720//3601
f 4720//3602 1024//3602 1025//3602 4727//3602
f 4727//3603 1025//3603 15//3603 787//3603
f 4726//3604 4727//3604 787//3604 786//3604
f 4725//3605 4726//3605 786//3605 785//3605
f 4724//3606 4725//3606 785//3606 784//3606
f 4723//3607 4724//3607 784//3607 783//3607
f 4722//3608 4723//3608 783//3608 782//3608
f 4721//3609 4722//3609 782//3609 781//3609
f 1018//3610 4721//3610 781//3610 14//3610
f 1017//3611 4714//3611 4721//3611 1018//3611
f 1016//3612 4707//3612 4714//3612 1017//3612
f 1015//3613 4700//3613 4707//3613 1016//3613
f 1014//3614 4693//3614 4700//3614 1015//3614
f 1013//3615 4686//3615 4693//3615 1014//3615
f 1012//3616 4679//3616 4686//3616 1013//3616
f 4728//3617 4729//3617 4736//3617 4735//3617
f 4729//3618 4730//3618 4737//3618 4736//3618
f 4730//3619 4731//3619 4738//3619 4737//3619
f 4731//3620 4732//3620 4739//3620 4738//3620
f 4732//3621 4733//3621 4740//3621 4739//3621
f 4733//3622 4734//3622 4741//3622 4740//3622
f 4735//3623 4736//3623 4743//3623 4742//3623
f 4736//3624 4737//3624 4744//3624 4743//3624
f 4737//3625 4738//3625 4745//3625 4744//3625
f 4738//3626 4739//3626 4746//3626 4745//3626
f 4739//3627 4740//3627 4747//3627 4746//3627
f 4740//3628 4741//3628 4748//3628 4747//3628
f 4742//3629 4743//3629 4750//3629 4749//3629
f 4743//3630 4744//3630 4751//3630 4750//3630
f 4744//3631 4745//3631 4752//3631 4751//3631
f 4745//3632 4746//3632 4753//3632 4752//3632
f 4746//3633 4747//3633 4754//3633 4753//3633
f 4747//3634 4748//3634 4755//3634 4754//3634
f 4749//3635 4750//3635 4757//3635 4756//3635
f 4750//3636 4751//3636 4758//3636 4757//3636
f 4751//3637 4752//3637 4759//3637 4758//3637
f 4752//3638 4753//3638 4760//3638 4759//3638
f 4753//3639 4754//3639 4761//3639 4760//3639
f 4754//3640 4755//3640 4762//3640 4761//3640
f 4756//3641 4757//3641 4764//3641 4763//3641
f 4757//3642 4758//3642 4765//3642 4764//3642
f 4758//3643 4759//3643 4766//3643 4765//3643
f 4759//3644 4760//3644 4767//3644 4766//3644
f 4760//3645 4761//3645 4768//3645 4767//3645
f 4761//3646 4762//3646 4769//3646 4768//3646
f 4763//3647 4764//3647 4771//3647 4770//3647
f 4764//3648 4765//3648 4772//3648 4771//3648
f 4765//3649 4766//3649 4773//3649 4772//3649
f 4766//3650 4767//3650 4774//3650 4773//3650
f 4767//3651 4768//3651 4775//3651 4774//3651
f 4768//3652 4769//3652 4776//3652 4775//3652
f 78//3653 997//3653 4728//3653 1019//3653
f 997//3654 996//3654 4729//3654 4728//3654
f 996//3655 995//3655 4730//3655 4729//3655
f 995//3656 994//3656 4731//3656 4730//3656
f 994//3657 993//3657 4732//3657 4731//3657
f 993//3658 992//3658 4733//3658 4732//3658
f 992//3659 991//3659 4734//3659 4733//3659
f 991//3660 79//3660 1026//3660 4734//3660
f 4734//3661 1026//3661 1027//3661 4741//3661
f 4741//3662 1027//3662 1028//3662 4748//3662
f 4748//3663 1028//3663 1029//3663 4755//3663
f 4755//3664 1029//3664 1030//3664 4762//3664
f 4762//3665 1030//3665 1031//3665 4769//3665
f 4769//3666 1031//3666 1032//3666 4776//3666
f 4776//3667 1032//3667 16//3667 808//3667
f 4775//3668 4776//3668 808//3668 807//3668
f 4774//3669 4775//3669 807//3669 806//3669
f 4773//3670 4774//3670 806//3670 805//3670
f 4772//3671 4773//3671 805//3671 804//3671
f 4771//3672 4772//3672 804//3672 803//3672
f 4770//3673 4771//3673 803//3673 802//3673
f 1025//3674 4770//3674 802//3674 15//3674
f 1024//3675 4763//3675 4770//3675 1025//3675
f 1023//3676 4756//3676 4763//3676 1024//3676
f 1022//3677 4749//3677 4756//3677 1023//3677
f 1021//3678 4742//3678 4749//3678 1022//3678
f 1020//3679 4735//3679 4742//3679 1021//3679
f 1019//3680 4728//3680 4735//3680 1020//3680
f 4777//3681 4778//3681 4785//3681 4784//3681
f 4778//3682 4779//3682 4786//3682 4785//3682
f 4779//3683 4780//3683 4787//3683 4786//3683
f 4780//3684 4781//3684 4788//3684 4787//3684
f 4781//3685 4782//3685 4789//3685 4788//3685
f 4782//3686 4783//3686 4790//3686 4789//3686
f 4784//3687 4785//3687 4792//3687 4791//3687
f 4785//3688 4786//3688 4793//3688 4792//3688
f 4786//3689 4787//3689 4794//3689 4793//3689
f 4787//3690 4788//3690 4795//3690 4794//3690
f 4788//3691 4789//3691 4796//3691 4795//3691
f 4789//3692 4790//3692 4797//3692 4796//3692
f 4791//3693 4792//3693 4799//3693 4798//3693
f 4792//3694 4793//3694 4800//3694 4799//3694
f 4793//3695 4794//3695 4801//3695 4800//3695
f 4794//3696 4795//3696 4802//3696 4801//3696
f 4795//3697 4796//3697 4803//3697 4802//3697
f 4796//3698 4797//3698 4804//3698 4803//3698
f 4798//3699 4799//3699 4806//3699 4805//3699
f 4799//3700 4800//3700 4807//3700 4806//3700
f 4800//3701 4801//3701 4808//3701 4807//3701
f 4801//3702 4802//3702 4809//3702 4808//3702
f 4802//3703 4803//3703 4810//3703 4809//3703
f 4803//3704 4804//3704 4811//3704 4810//3704
f 4805//3705 4806//3705 4813//3705 4812//3705
f 4806//3706 4807//3706 4814//3706 4813//3706
f 4807//3707 4808//3707 4815//3707 4814//3707
f 4808//3708 4809//3708 4816//3708 4815//3708
f 4809//3709 4810//3709 4817//3709 4816//3709
f 4810//3710 4811//3710 4818//3710 4817//3710
f 4812//3711 4813//3711 4820//3711 4819//3711
f 4813//3712 4814//3712 4821//3712 4820//3712
f 4814//3713 4815//3713 4822//3713 4821//3713
f 4815//3714 4816//3714 4823//3714 4822//3714
f 4816//3715 4817//3715 4824//3715 4823//3715
f 4817//3716 4818//3716 4825//3716 4824//3716
f 79//3717 1004//3717 4777//3717 1026//3717
f 1004//3718 1003//3718 4778//3718 4777//3718
f 1003//3719 1002//3719 4779//3719 4778//3719
f 1002//3720 1001//3720 4780//3720 4779//3720
f 1001//3721 1000//3721 4781//3721 4780//3721
f 1000//3722 999//3722 4782//3722 4781//3722
f 999//3723 998//3723 4783//3723 4782//3723
f 998//3724 76//3724 1011//3724 4783//3724
f 4783//3725 1011//3725 1010//3725 4790//3725
f 4790//3726 1010//3726 1009//3726 4797//3726
f 4797//3727 1009//3727 1008//3727 4804//3727
f 4804//3728 1008//3728 1007//3728 4811//3728
f 4811//3729 1007//3729 1006//3729 4818//3729
f 4818//3730 1006//3730 1005//3730 4825//3730
f 4825//3731 1005//3731 13//3731 829//3731
f 4824//3732 4825//3732 829//3732 828//3732
f 4823//3733 4824//3733 828//3733 827//3733
f 4822//3734 4823//3734 827//3734 826//3734
f 4821//3735 4822//3735 826//3735 825//3735
f 4820//3736 4821//3736 825//3736 824//3736
f 4819//3737 4820//3737 824//3737 823//3737
f 1032//3738 4819//3738 823//3738 16//3738
f 1031//3739 4812//3739 4819//3739 1032//3739
f 1030//3740 4805//3740 4812//3740 1031//3740
f 1029//3741 4798//3741 4805//3741 1030//3741
f 1028//3742 4791//3742 4798//3742 1029//3742
f 1027//3743 4784//3743 4791//3743 1028//3743
f 1026//3744 4777//3744 4784//3744 1027//3744
f 4826//3745 4827//3745 4834//3745 4833//3745
f 4827//3746 4828//3746 4835//3746 4834//3746
f 4828//3747 4829//3747 4836//3747 4835//3747
f 4829//3748 4830//3748 4837//3748 4836//3748
f 4830//3749 4831//3749 4838//3749 4837//3749
f 4831//3750 4832//3750 4839//3750 4838//3750
f 4833//3751 4834//3751 4841//3751 4840//3751
f 4834//3752 4835//3752 4842//3752 4841//3752
f 4835//3753 4836//3753 4843//3753 4842//3753
f 4836//3754 4837//3754 4844//3754 4843//3754
f 4837//3755 4838//3755 4845//3755 4844//3755
f 4838//3756 4839//3756 4846//3756 4845//3756
f 4840//3757 4841//3757 4848//3757 4847//3757
f 4841//3758 4842//3758 4849//3758 4848//3758
f 4842//3759 4843//3759 4850//3759 4849//3759
f 4843//3760 4844//3760 4851//3760 4850//3760
f 4844//3761 4845//3761 4852//3761 4851//3761
f 4845//3762 4846//3762 4853//3762 4852//3762
f 4847//3763 4848//3763 4855//3763 4854//3763
f 4848//3764 4849//3764 4856//3764 4855//3764
f 4849//3765 4850//3765 4857//3765 4856//3765
f 4850//3766 4851//3766 4858//3766 4857//3766
f 4851//3767 4852//3767 4859//3767 4858//3767
f 4852//3768 4853//3768 4860//3768 4859//3768
f 4854//3769 4855//3769 4862//3769 4861//3769
f 4855//3770 4856//3770 4863//3770 4862//3770
f 4856//3771 4857//3771 4864//3771 4863//3771
f 4857//3772 4858//3772 4865//3772 4864//3772
f 4858//3773 4859//3773 4866//3773 4865//3773
f 4859//3774 4860//3774 4867//3774 4866//3774
f 4861//3775 4862//3775 4869//3775 4868//3775
f 4862//3776 4863//3776 4870//3776 4869//3776
f 4863//3777 4864//3777 4871//3777 4870//3777
f 4864//3778 4865//3778 4872//3778 4871//3778
f 4865//3779 4866//3779 4873//3779 4872//3779
f 4866//3780 4867//3780 4874//3780 4873//3780
f 32//3781 1040//3781 4826//3781 1039//3781
f 1040//3782 1041//3782 4827//3782 4826//3782
f 1041//3783 1042//3783 4828//3783 4827//3783
f 1042//3784 1043//3784 4829//3784 4828//3784
f 1043//3785 1044//3785 4830//3785 4829//3785
f 1044//3786 1045//3786 4831//3786 4830//3786
f 1045//3787 1046//3787 4832//3787 4831//3787
f 1046//3788 33//3788 1047//3788 4832//3788
f 4832//3789 1047//3789 1048//3789 4839//3789
f 4839//3790 1048//3790 1049//3790 4846//3790
f 4846//3791 1049//3791 1050//3791 4853//3791
f 4853//3792 1050//3792 1051//3792 4860//3792
f 4860//3793 1051//3793 1052//3793 4867//3793
f 4867//3794 1052//3794 1053//3794 4874//3794
f 4874//3795 1053//3795 18//3795 227//3795
f 4873//3796 4874//3796 227//3796 226//3796
f 4872//3797 4873//3797 226//3797 225//3797
f 4871//3798 4872//3798 225//3798 224//3798
f 4870//3799 4871//3799 224//3799 223//3799
f 4869//3800 4870//3800 223//3800 222//3800
f 4868//3801 4869//3801 222//3801 221//3801
f 1033//3802 4868//3802 221//3802 17//3802
f 1034//3803 4861//3803 4868//3803 1033//3803
f 1035//3804 4854//3804 4861//3804 1034//3804
f 1036//3805 4847//3805 4854//3805 1035//3805
f 1037//3806 4840//3806 4847//3806 1036//3806
f 1038//3807 4833//3807 4840//3807 1037//3807
f 1039//3808 4826//3808 4833//3808 1038//3808
f 4875//3809 4876//3809 4883//3809 4882//3809
f 4876//3810 4877//3810 4884//3810 4883//3810
f 4877//3811 4878//3811 4885//3811 4884//3811
f 4878//3812 4879//3812 4886//3812 4885//3812
f 4879//3813 4880//3813 4887//3813 4886//3813
f 4880//3814 4881//3814 4888//3814 4887//3814
f 4882//3815 4883//3815 4890//3815 4889//3815
f 4883//3816 4884//3816 4891//3816 4890//3816
f 4884//3817 4885//3817 4892//3817 4891//3817
f 4885//3818 4886//3818 4893//3818 4892//3818
f 4886//3819 4887//3819 4894//3819 4893//3819
f 4887//3820 4888//3820 4895//3820 4894//3820
f 4889//3821 4890//3821 4897//3821 4896//3821
f 4890//3822 4891//3822 4898//3822 4897//3822
f 4891//3823 4892//3823 4899//3823 4898//3823
f 4892//3824 4893//3824 4900//3824 4899//3824
f 4893//3825 4894//3825 4901//3825 4900//3825
f 4894//3826 4895//3826 4902//3826 4901//3826
f 4896//3827 4897//3827 4904//3827 4903//3827
f 4897//3828 4898//3828 4905//3828 4904//3828
f 4898//3829 4899//3829 4906//3829 4905//3829
f 4899//3830 4900//3830 4907//3830 4906//3830
f 4900//3831 4901//3831 4908//3831 4907//3831
f 4901//3832 4902//3832 4909//3832 4908//3832
f 4903//3833 4904//3833 4911//3833 4910//3833
f 4904//3834 4905//3834 4912//3834 4911//3834
f 4905//3835 4906//3835 4913//3835 4912//3835
f 4906//3836 4907//3836 4914//3836 4913//3836
f 4907//3837 4908//3837 4915//3837 4914//3837
f 4908//3838 4909//3838 4916//3838 4915//3838
f 4910//3839 4911//3839 4918//3839 4917//3839
f 4911//3840 4912//3840 4919//3840 4918//3840
f 4912//3841 4913//3841 4920//3841 4919//3841
f 4913//3842 4914//3842 4921//3842 4920//3842
f 4914//3843 4915//3843 4922//3843 4921//3843
f 4915//3844 4916//3844 4923//3844 4922//3844
f 33//3845 1054//3845 4875//3845 1047//3845
f 1054//3846 1055//3846 4876//3846 4875//3846
f 1055//3847 1056//3847 4877//3847 4876//3847
f 1056//3848 1057//3848 4878//3848 4877//3848
f 1057//3849 1058//3849 4879//3849 4878//3849
f 1058//3850 1059//3850 4880//3850 4879//3850
f 1059//3851 1060//3851 4881//3851 4880//3851
f 1060//3852 34//3852 1061//3852 4881//3852
f 4881//3853 1061//3853 1062//3853 4888//3853
f 4888//3854 1062//3854 1063//3854 4895//3854
f 4895//3855 1063//3855 1064//3855 4902//3855
f 4902//3856 1064//3856 1065//3856 4909//3856
f 4909//3857 1065//3857 1066//3857 4916//3857
f 4916//3858 1066//3858 1067//3858 4923//3858
f 4923//3859 1067//3859 19//3859 136//3859
f 4922//3860 4923//3860 136//3860 135//3860
f 4921//3861 4922//3861 135//3861 134//3861
f 4920//3862 4921//3862 134//3862 133//3862
f 4919//3863 4920//3863 133//3863 132//3863
f 4918//3864 4919//3864 132//3864 131//3864
f 4917//3865 4918//3865 131//3865 130//3865
f 1053//3866 4917//3866 130//3866 18//3866
f 1052//3867 4910//3867 4917//3867 1053//3867
f 1051//3868 4903//3868 4910//3868 1052//3868
f 1050//3869 4896//3869 4903//3869 1051//3869
f 1049//3870 4889//3870 4896//3870 1050//3870
f 1048//3871 4882//3871 4889//3871 1049//3871
f 1047//3872 4875//3872 4882//3872 1048//3872
f 4924//3873 4925//3873 4932//3873 4931//3873
f 4925//3874 4926//3874 4933//3874 4932//3874
f 4926//3875 4927//3875 4934//3875 4933//3875
f 4927//3876 4928//3876 4935//3876 4934//3876
f 4928//3877 4929//3877 4936//3877 4935//3877
f 4929//3878 4930//3878 4937//3878 4936//3878
f 4931//3879 4932//3879 4939//3879 4938//3879
f 4932//3880 4933//3880 4940//3880 4939//3880
f 4933//3881 4934//3881 4941//3881 4940//3881
f 4934//3882 4935//3882 4942//3882 4941//3882
f 4935//3883 4936//3883 4943//3883 4942//3883
f 4936//3884 4937//3884 4944//3884 4943//3884
f 4938//3885 4939//3885 4946//3885 4945//3885
f 4939//3886 4940//3886 4947//3886 4946//3886
f 4940//3887 4941//3887 4948//3887 4947//3887
f 4941//3888 4942//3888 4949//3888 4948//3888
f 4942//3889 4943//3889 4950//3889 4949//3889
f 4943//3890 4944//3890 4951//3890 4950//3890
f 4945//3891 4946//3891 4953//3891 4952//3891
f 4946//3892 4947//3892 4954//3892 4953//3892
f 4947//3893 4948//3893 4955//3893 4954//3893
f 4948//3894 4949//3894 4956//3894 4955//3894
f 4949//3895 4950//3895 4957//3895 4956//3895
f 4950//3896 4951//3896 4958//3896 4957//3896
f 4952//3897 4953//3897 4960//3897 4959//3897
f 4953//3898 4954//3898 4961//3898 4960//3898
f 4954//3899 4955//3899 4962//3899 4961//3899
f 4955//3900 4956//3900 4963//3900 4962//3900
f 4956//3901 4957//3901 4964//3901 4963//3901
f 4957//3902 4958//3902 4965//3902 4964//3902
f 4959//3903 4960//3903 4967//3903 4966//3903
f 4960//3904 4961//3904 4968//3904 4967//3904
f 4961//3905 4962//3905 4969//3905 4968//3905
f 4962//3906 4963//3906 4970//3906 4969//3906
f 4963//3907 4964//3907 4971//3907 4970//3907
f 4964//3908 4965//3908 4972//3908 4971//3908
f 34//3909 1068//3909 4924//3909 1061//3909
f 1068//3910 1069//3910 4925//3910 4924//3910
f 1069//3911 1070//3911 4926//3911 4925//3911
f 1070//3912 1071//3912 4927//3912 4926//3912
f 1071//3913 1072//3913 4928//3913 4927//3913
f 1072//3914 1073//3914 4929//3914 4928//3914
f 1073//3915 1074//3915 4930//3915 4929//3915
f 1074//3916 35//3916 1075//3916 4930//3916
f 4930//3917 1075//3917 1076//3917 4937//3917
f 4937//3918 1076//3918 1077//3918 4944//3918
f 4944//3919 1077//3919 1078//3919 4951//3919
f 4951//3920 1078//3920 1079//3920 4958//3920
f 4958//3921 1079//3921 1080//3921 4965//3921
f 4965//3922 1080//3922 1081//3922 4972//3922
f 4972//3923 1081//3923 20//3923 235//3923
f 4971//3924 4972//3924 235//3924 236//3924
f 4970//3925 4971//3925 236//3925 237//3925
f 4969//3926 4970//3926 237//3926 238//3926
f 4968//3927 4969//3927 238//3927 239//3927
f 4967//3928 4968//3928 239//3928 240//3928
f 4966//3929 4967//3929 240//3929 241//3929
f 1067//3930 4966//3930 241//3930 19//3930
f 1066//3931 4959//3931 4966//3931 1067//3931
f 1065//3932 4952//3932 4959//3932 1066//3932
f 1064//3933 4945//3933 4952//3933 1065//3933
f 1063//3934 4938//3934 4945//3934 1064//3934
f 1062//3935 4931//3935 4938//3935 1063//3935
f 1061//3936 4924//3936 4931//3936 1062//3936
f 4973//3937 4974//3937 4981//3937 4980//3937
f 4974//3938 4975//3938 4982//3938 4981//3938
f 4975//3939 4976//3939 4983//3939 4982//3939
f 4976//3940 4977//3940 4984//3940 4983//3940
f 4977//3941 4978//3941 4985//3941 4984//3941
f 4978//3942 4979//3942 4986//3942 4985//3942
f 4980//3943 4981//3943 4988//3943 4987//3943
f 4981//3944 4982//3944 4989//3944 4988//3944
f 4982//3945 4983//3945 4990//3945 4989//3945
f 4983//3946 4984//3946 4991//3946 4990//3946
f 4984//3947 4985//3947 4992//3947 4991//3947
f 4985//3948 4986//3948 4993//3948 4992//3948
f 4987//3949 4988//3949 4995//3949 4994//3949
f 4988//3950 4989//3950 4996//3950 4995//3950
f 4989//3951 4990//3951 4997//3951 4996//3951
f 4990//3952 4991//3952 4998//3952 4997//3952
f 4991//3953 4992//3953 4999//3953 4998//3953
f 4992//3954 4993//3954 5000//3954 4999//3954
f 4994//3955 4995//3955 5002//3955 5001//3955
f 4995//3956 4996//3956 5003//3956 5002//3956
f 4996//3957 4997//3957 5004//3957 5003//3957
f 4997//3958 4998//3958 5005//3958 5004//3958
f 4998//3959 4999//3959 5006//3959 5005//3959
f 4999//3960 5000//3960 5007//3960 5006//3960
f 5001//3961 5002//3961 5009//3961 5008//3961
f 5002//3962 5003//3962 5010//3962 5009//3962
f 5003//3963 5004//3963 5011//3963 5010//3963
f 5004//3964 5005//3964 5012//3964 5011//3964
f 5005//3965 5006//3965 5013//3965 5012//3965
f 5006//3966 5007//3966 5014//3966 5013//3966
f 5008//3967 5009//3967 5016//3967 5015//3967
f 5009//3968 5010//3968 5017//3968 5016//3968
f 5010//3969 5011//3969 5018//3969 5017//3969
f 5011//3970 5012//3970 5019//3970 5018//3970
f 5012//3971 5013//3971 5020//3971 5019//3971
f 5013//3972 5014//3972 5021//3972 5020//3972
f 35//3973 1082//3973 4973//3973 1075//3973
f 1082//3974 1083//3974 4974//3974 4973//3974
f 1083//3975 1084//3975 4975//3975 4974//3975
f 1084//3976 1085//3976 4976//3976 4975//3976
f 1085//3977 1086//3977 4977//3977 4976//3977
f 1086//3978 1087//3978 4978//3978 4977//3978
f 1087//3979 1088//3979 4979//3979 4978//3979
f 1088//3980 32//3980 1039//3980 4979//3980
f 4979//3981 1039//3981 1038//3981 4986//3981
f 4986//3982 1038//3982 1037//3982 4993//3982
f 4993//3983 1037//3983 1036//3983 5000//3983
f 5000//3984 1036//3984 1035//3984 5007//3984
f 5007//3985 1035//3985 1034//3985 5014//3985
f 5014//3986 1034//3986 1033//3986 5021//3986
f 5021//3987 1033//3987 17//3987 228//3987
f 5020//3988 5021//3988 228//3988 229//3988
f 5019//3989 5020//3989 229//3989 230//3989
f 5018//3990 5019//3990 230//3990 231//3990
f 5017//3991 5018//3991 231//3991 232//3991
f 5016//3992 5017//3992 232//3992 233//3992
f 5015//3993 5016//3993 233//3993 234//3993
f 1081//3994 5015//3994 234//3994 20//3994
f 1080//3995 5008//3995 5015//3995 1081//3995
f 1079//3996 5001//3996 5008//3996 1080//3996
f 1078//3997 4994//3997 5001//3997 1079//3997
f 1077//3998 4987//3998 4994//3998 1078//3998
f 1076//3999 4980//3999 4987//3999 1077//3999
f 1075//4000 4973//4000 4980//4000 1076//4000
f 5022//4001 5023//4001 5030//4001 5029//4001
f 5023//4002 5024//4002 5031//4002 5030//4002
f 5024//4003 5025//4003 5032//4003 5031//4003
f 5025//4004 5026//4004 5033//4004 5032//4004
f 5026//4005 5027//4005 5034//4005 5033//4005
f 5027//4006 5028//4006 5035//4006 5034//4006
f 5029//4007 5030//4007 5037//4007 5036//4007
f 5030//4008 5031//4008 5038//4008 5037//4008
f 5031//4009 5032//4009 5039//4009 5038//4009
f 5032//4010 5033//4010 5040//4010 5039//4010
f 5033//4011 5034//4011 5041//4011 5040//4011
f 5034//4012 5035//4012 5042//4012 5041//4012
f 5036//4013 5037//4013 5044//4013 5043//4013
f 5037//4014 5038//4014 5045//4014 5044//4014
f 5038//4015 5039//4015 5046//4015 5045//4015
f 5039//4016 5040//4016 5047//4016 5046//4016
f 5040//4017 5041//4017 5048//4017 5047//4017
f 5041//4018 5042//4018 5049//4018 5048//4018
f 5043//4019 5044//4019 5051//4019 5050//4019
f 5044//4020 5045//4020 5052//4020 5051//4020
f 5045//4021 5046//4021 5053//4021 5052//4021
f 5046//4022 5047//4022 5054//4022 5053//4022
f 5047//4023 5048//4023 5055//4023 5054//4023
f 5048//4024 5049//4024 5056//4024 5055//4024
f 5050//4025 5051//4025 5058//4025 5057//4025
f 5051//4026 5052//4026 5059//4026 5058//4026
f 5052//4027 5053//4027 5060//4027 5059//4027
f 5053//4028 5054//4028 5061//4028 5060//4028
f 5054//4029 5055//4029 5062//4029 5061//4029
f 5055//4030 5056//4030 5063//4030 5062//4030
f 5057//4031 5058//4031 5065//4031 5064//4031
f 5058//4032 5059//4032 5066//4032 5065//4032
f 5059//4033 5060//4033 5067//4033 5066//4033
f 5060//4034 5061//4034 5068//4034 5067//4034
f 5061//4035 5062//4035 5069//4035 5068//4035
f 5062//4036 5063//4036 5070//4036 5069//4036
f 80//4037 1096//4037 5022//4037 1095//4037
f 1096//4038 1097//4038 5023//4038 5022//4038
f 1097//4039 1098//4039 5024//4039 5023//4039
f 1098//4040 1099//4040 5025//4040 5024//4040
f 1099//4041 1100//4041 5026//4041 5025//4041
f 1100//4042 1101//4042 5027//4042 5026//4042
f 1101//4043 1102//4043 5028//4043 5027//4043
f 1102//4044 81//4044 1103//4044 5028//4044
f 5028//4045 1103//4045 1104//4045 5035//4045
f 5035//4046 1104//4046 1105//4046 5042//4046
f 5042//4047 1105//4047 1106//4047 5049//4047
f 5049//4048 1106//4048 1107//4048 5056//4048
f 5056//4049 1107//4049 1108//4049 5063//4049
f 5063//4050 1108//4050 1109//4050 5070//4050
f 5070//4051 1109//4051 33//4051 1046//4051
f 5069//4052 5070//4052 1046//4052 1045//4052
f 5068//4053 5069//4053 1045//4053 1044//4053
f 5067//4054 5068//4054 1044//4054 1043//4054
f 5066//4055 5067//4055 1043//4055 1042//4055
f 5065//4056 5066//4056 1042//4056 1041//4056
f 5064//4057 5065//4057 1041//4057 1040//4057
f 1089//4058 5064//4058 1040//4058 32//4058
f 1090//4059 5057//4059 5064//4059 1089//4059
f 1091//4060 5050//4060 5057//4060 1090//4060
f 1092//4061 5043//4061 5050//4061 1091//4061
f 1093//4062 5036//4062 5043//4062 1092//4062
f 1094//4063 5029//4063 5036//4063 1093//4063
f 1095//4064 5022//4064 5029//4064 1094//4064
f 5071//4065 5072//4065 5079//4065 5078//4065
f 5072//4066 5073//4066 5080//4066 5079//4066
f 5073//4067 5074//4067 5081//4067 5080//4067
f 5074//4068 5075//4068 5082//4068 5081//4068
f 5075//4069 5076//4069 5083//4069 5082//4069
f 5076//4070 5077//4070 5084//4070 5083//4070
f 5078//4071 5079//4071 5086//4071 5085//4071
f 5079//4072 5080//4072 5087//4072 5086//4072
f 5080//4073 5081//4073 5088//4073 5087//4073
f 5081//4074 5082//4074 5089//4074 5088//4074
f 5082//4075 5083//4075 5090//4075 5089//4075
f 5083//4076 5084//4076 5091//4076 5090//4076
f 5085//4077 5086//4077 5093//4077 5092//4077
f 5086//4078 5087//4078 5094//4078 5093//4078
f 5087//4079 5088//4079 5095//4079 5094//4079
f 5088//4080 5089//4080 5096//4080 5095//4080
f 5089//4081 5090//4081 5097//4081 5096//4081
f 5090//4082 5091//4082 5098//4082 5097//4082
f 5092//4083 5093//4083 5100//4083 5099//4083
f 5093//4084 5094//4084 5101//4084 5100//4084
f 5094//4085 5095//4085 5102//4085 5101//4085
f 5095//4086 5096//4086 5103//4086 5102//4086
f 5096//4087 5097//4087 5104//4087 5103//4087
f 5097//4088 5098//4088 5105//4088 5104//4088
f 5099//4089 5100//4089 5107//4089 5106//4089
f 5100//4090 5101//4090 5108//4090 5107//4090
f 5101//4091 5102//4091 5109//4091 5108//4091
f 5102//4092 5103//4092 5110//4092 5109//4092
f 5103//4093 5104//4093 5111//4093 5110//4093
f 5104//4094 5105//4094 5112//4094 5111//4094
f 5106//4095 5107//4095 5114//4095 5113//4095
f 5107//4096 5108//4096 5115//4096 5114//4096
f 5108//4097 5109//4097 5116//4097 5115//4097
f 5109//4098 5110//4098 5117//4098 5116//4098
f 5110//4099 5111//4099 5118//4099 5117//4099
f 5111//4100 5112//4100 5119//4100 5118//4100
f 81//4101 1110//4101 5071//4101 1103//4101
f 1110//4102 1111//4102 5072//4102 5071//4102
f 1111//4103 1112//4103 5073//4103 5072//4103
f 1112//4104 1113//4104 5074//4104 5073//4104
f 1113//4105 1114//4105 5075//4105 5074//4105
f 1114//4106 1115//4106 5076//4106 5075//4106
f 1115//4107 1116//4107 5077//4107 5076//4107
f 1116//4108 82//4108 1117//4108 5077//4108
f 5077//4109 1117//4109 1118//4109 5084//4109
f 5084//4110 1118//4110 1119//4110 5091//4110
f 5091//4111 1119//4111 1120//4111 5098//4111
f 5098//4112 1120//4112 1121//4112 5105//4112
f 5105//4113 1121//4113 1122//4113 5112//4113
f 5112//4114 1122//4114 1123//4114 5119//4114
f 5119//4115 1123//4115 34//4115 1060//4115
f 5118//4116 5119//4116 1060//4116 1059//4116
f 5117//4117 5118//4117 1059//4117 1058//4117
f 5116//4118 5117//4118 1058//4118 1057//4118
f 5115//4119 5116//4119 1057//4119 1056//4119
f 5114//4120 5115//4120 1056//4120 1055//4120
f 5113//4121 5114//4121 1055//4121 1054//4121
f 1109//4122 5113//4122 1054//4122 33//4122
f 1108//4123 5106//4123 5113//4123 1109//4123
f 1107//4124 5099//4124 5106//4124 1108//4124
f 1106//4125 5092//4125 5099//4125 1107//4125
f 1105//4126 5085//4126 5092//4126 1106//4126
f 1104//4127 5078//4127 5085//4127 1105//4127
f 1103//4128 5071//4128 5078//4128 1104//4128
f 5120//4129 5121//4129 5128//4129 5127//4129
f 5121//4130 5122//4130 5129//4130 5128//4130
f 5122//4131 5123//4131 5130//4131 5129//4131
f 5123//4132 5124//4132 5131//4132 5130//4132
f 5124//4133 5125//4133 5132//4133 5131//4133
f 5125//4134 5126//4134 5133//4134 5132//4134
f 5127//4135 5128//4135 5135//4135 5134//4135
f 5128//4136 5129//4136 5136//4136 5135//4136
f 5129//4137 5130//4137 5137//4137 5136//4137
f 5130//4138 5131//4138 5138//4138 5137//4138
f 5131//4139 5132//4139 5139//4139 5138//4139
f 5132//4140 5133//4140 5140//4140 5139//4140
f 5134//4141 5135//4141 5142//4141 5141//4141
f 5135//4142 5136//4142 5143//4142 5142//4142
f 5136//4143 5137//4143 5144//4143 5143//4143
f 5137//4144 5138//4144 5145//4144 5144//4144
f 5138//4145 5139//4145 5146//4145 5145//4145
f 5139//4146 5140//4146 5147//4146 5146//4146
f 5141//4147 5142//4147 5149//4147 5148//4147
f 5142//4148 5143//4148 5150//4148 5149//4148
f 5143//4149 5144//4149 5151//4149 5150//4149
f 5144//4150 5145//4150 5152//4150 5151//4150
f 5145//4151 5146//4151 5153//4151 5152//4151
f 5146//4152 5147//4152 5154//4152 5153//4152
f 5148//4153 5149//4153 5156//4153 5155//4153
f 5149//4154 5150//4154 5157//4154 5156//4154
f 5150//4155 5151//4155 5158//4155 5157//4155
f 5151//4156 5152//4156 5159//4156 5158//4156
f 5152//4157 5153//4157 5160//4157 5159//4157
f 5153//4158 5154//4158 5161//4158 5160//4158
f 5155//4159 5156//4159 5163//4159 5162//4159
f 5156//4160 5157//4160 5164//4160 5163//4160
f 5157//4161 5158//4161 5165//4161 5164//4161
f 5158//4162 5159//4162 5166//4162 5165//4162
f 5159//4163 5160//4163 5167//4163 5166//4163
f 5160//4164 5161//4164 5168//4164 5167//4164
f 82//4165 1124//4165 5120//4165 1117//4165
f 1124//4166 1125//4166 5121//4166 5120//4166
f 1125//4167 1126//4167 5122//4167 5121//4167
f 1126//4168 1127//4168 5123//4168 5122//4168
f 1127//4169 1128//4169 5124//4169 5123//4169
f 1128//4170 1129//4170 5125//4170 5124//4170
f 1129//4171 1130//4171 5126//4171 5125//4171
f 1130//4172 83//4172 1131//4172 5126//4172
f 5126//4173 1131//4173 1132//4173 5133//4173
f 5133//4174 1132//4174 1133//4174 5140//4174
f 5140//4175 1133//4175 1134//4175 5147//4175
f 5147//4176 1134//4176 1135//4176 5154//4176
f 5154//4177 1135//4177 1136//4177 5161//4177
f 5161//4178 1136//4178 1137//4178 5168//4178
f 5168//4179 1137//4179 35//4179 1074//4179
f 5167//4180 5168//4180 1074//4180 1073//4180
f 5166//4181 5167//4181 1073//4181 1072//4181
f 5165//4182 5166//4182 1072//4182 1071//4182
f 5164//4183 5165//4183 1071//4183 1070//4183
f 5163//4184 5164//4184 1070//4184 1069//4184
f 5162//4185 5163//4185 1069//4185 1068//4185
f 1123//4186 5162//4186 1068//4186 34//4186
f 1122//4187 5155//4187 5162//4187 1123//4187
f 1121//4188 5148//4188 5155//4188 1122//4188
f 1120//4189 5141//4189 5148//4189 1121//4189
f 1119//4190 5134//4190 5141//4190 1120//4190
f 1118//4191 5127//4191 5134//4191 1119//4191
f 1117//4192 5120//4192 5127//4192 1118//4192
f 5169//4193 5170//4193 5177//4193 5176//4193
f 5170//4194 5171//4194 5178//4194 5177//4194
f 5171//4195 5172//4195 5179//4195 5178//4195
f 5172//4196 5173//4196 5180//4196 5179//4196
f 5173//4197 5174//4197 5181//4197 5180//4197
f 5174//4198 5175//4198 5182//4198 5181//4198
f 5176//4199 5177//4199 5184//4199 5183//4199
f 5177//4200 5178//4200 5185//4200 5184//4200
f 5178//4201 5179//4201 5186//4201 5185//4201
f 5179//4202 5180//4202 5187//4202 5186//4202
f 5180//4203 5181//4203 5188//4203 5187//4203
f 5181//4204 5182//4204 5189//4204 5188//4204
f 5183//4205 5184//4205 5191//4205 5190//4205
f 5184//4206 5185//4206 5192//4206 5191//4206
f 5185//4207 5186//4207 5193//4207 5192//4207
f 5186//4208 5187//4208 5194//4208 5193//4208
f 5187//4209 5188//4209 5195//4209 5194//4209
f 5188//4210 5189//4210 5196//4210 5195//4210
f 5190//4211 5191//4211 5198//4211 5197//4211
f 5191//4212 5192//4212 5199//4212 5198//4212
f 5192//4213 5193//4213 5200//4213 5199//4213
f 5193//4214 5194//4214 5201//4214 5200//4214
f 5194//4215 5195//4215 5202//4215 5201//4215
f 5195//4216 5196//4216 5203//4216 5202//4216
f 5197//4217 5198//4217 5205//4217 5204//4217
f 5198//4218 5199//4218 5206//4218 5205//4218
f 5199//4219 5200//4219 5207//4219 5206//4219
f 5200//4220 5201//4220 5208//4220 5207//4220
f 5201//4221 5202//4221 5209//4221 5208//4221
f 5202//4222 5203//4222 5210//4222 5209//4222
f 5204//4223 5205//4223 5212//4223 5211//4223
f 5205//4224 5206//4224 5213//4224 5212//4224
f 5206//4225 5207//4225 5214//4225 5213//4225
f 5207//4226 5208//4226 5215//4226 5214//4226
f 5208//4227 5209//4227 5216//4227 5215//4227
f 5209//4228 5210//4228 5217//4228 5216//4228
f 83//4229 1138//4229 5169//4229 1131//4229
f 1138//4230 1139//4230 5170//4230 5169//4230
f 1139//4231 1140//4231 5171//4231 5170//4231
f 1140//4232 1141//4232 5172//4232 5171//4232
f 1141//4233 1142//4233 5173//4233 5172//4233
f 1142//4234 1143//4234 5174//4234 5173//4234
f 1143//4235 1144//4235 5175//4235 5174//4235
f 1144//4236 80//4236 1095//4236 5175//4236
f 5175//4237 1095//4237 1094//4237 5182//4237
f 5182//4238 1094//4238 1093//4238 5189//4238
f 5189//4239 1093//4239 1092//4239 5196//4239
f 5196//4240 1092//4240 1091//4240 5203//4240
f 5203//4241 1091//4241 1090//4241 5210//4241
f 5210//4242 1090//4242 1089//4242 5217//4242
f 5217//4243 1089//4243 32//4243 1088//4243
f 5216//4244 5217//4244 1088//4244 1087//4244
f 5215//4245 5216//4245 1087//4245 1086//4245
f 5214//4246 5215//4246 1086//4246 1085//4246
f 5213//4247 5214//4247 1085//4247 1084//4247
f 5212//4248 5213//4248 1084//4248 1083//4248
f 5211//4249 5212//4249 1083//4249 1082//4249
f 1137//4250 5211//4250 1082//4250 35//4250
f 1136//4251 5204//4251 5211//4251 1137//4251
f 1135//4252 5197//4252 5204//4252 1136//4252
f 1134//4253 5190//4253 5197//4253 1135//4253
f 1133//4254 5183//4254 5190//4254 1134//4254
f 1132//4255 5176//4255 5183//4255 1133//4255
f 1131//4256 5169//4256 5176//4256 1132//4256
f 5218//4257 5219//4257 5226//4257 5225//4257
f 5219//4258 5220//4258 5227//4258 5226//4258
f 5220//4259 5221//4259 5228//4259 5227//4259
f 5221//4260 5222//4260 5229//4260 5228//4260
f 5222//4261 5223//4261 5230//4261 5229//4261
f 5223//4262 5224//4262 5231//4262 5230//4262
f 5225//4263 5226//4263 5233//4263 5232//4263
f 5226//4264 5227//4264 5234//4264 5233//4264
f 5227//4265 5228//4265 5235//4265 5234//4265
f 5228//4266 5229//4266 5236//4266 5235//4266
f 5229//4267 5230//4267 5237//4267 5236//4267
f 5230//4268 5231//4268 5238//4268 5237//4268
f 5232//4269 5233//4269 5240//4269 5239//4269
f 5233//4270 5234//4270 5241//4270 5240//4270
f 5234//4271 5235//4271 5242//4271 5241//4271
f 5235//4272 5236//4272 5243//4272 5242//4272
f 5236//4273 5237//4273 5244//4273 5243//4273
f 5237//4274 5238//4274 5245//4274 5244//4274
f 5239//4275 5240//4275 5247//4275 5246//4275
f 5240//4276 5241//4276 5248//4276 5247//4276
f 5241//4277 5242//4277 5249//4277 5248//4277
f 5242//4278 5243//4278 5250//4278 5249//4278
f 5243//4279 5244//4279 5251//4279 5250//4279
f 5244//4280 5245//4280 5252//4280 5251//4280
f 5246//4281 5247//4281 5254//4281 5253//4281
f 5247//4282 5248//4282 5255//4282 5254//4282
f 5248//4283 5249//4283 5256//4283 5255//4283
f 5249//4284 5250//4284 5257//4284 5256//4284
f 5250//4285 5251//4285 5258//4285 5257//4285
f 5251//4286 5252//4286 5259//4286 5258//4286
f 5253//4287 5254//4287 5261//4287 5260//4287
f 5254//4288 5255//4288 5262//4288 5261//4288
f 5255//4289 5256//4289 5263//4289 5262//4289
f 5256//4290 5257//4290 5264//4290 5263//4290
f 5257//4291 5258//4291 5265//4291 5264//4291
f 5258//4292 5259//4292 5266//4292 5265//4292
f 36//4293 1152//4293 5218//4293 1151//4293
f 1152//4294 1153//4294 5219//4294 5218//4294
f 1153//4295 1154//4295 5220//4295 5219//4295
f 1154//4296 1155//4296 5221//4296 5220//4296
f 1155//4297 1156//4297 5222//4297 5221//4297
f 1156//4298 1157//4298 5223//4298 5222//4298
f 1157//4299 1158//4299 5224//4299 5223//4299
f 1158//4300 37//4300 1159//4300 5224//4300
f 5224//4301 1159//4301 1160//4301 5231//4301
f 5231//4302 1160//4302 1161//4302 5238//4302
f 5238//4303 1161//4303 1162//4303 5245//4303
f 5245//4304 1162//4304 1163//4304 5252//4304
f 5252//4305 1163//4305 1164//4305 5259//4305
f 5259//4306 1164//4306 1165//4306 5266//4306
f 5266//4307 1165//4307 81//4307 1102//4307
f 5265//4308 5266//4308 1102//4308 1101//4308
f 5264//4309 5265//4309 1101//4309 1100//4309
f 5263//4310 5264//4310 1100//4310 1099//4310
f 5262//4311 5263//4311 1099//4311 1098//4311
f 5261//4312 5262//4312 1098//4312 1097//4312
f 5260//4313 5261//4313 1097//4313 1096//4313
f 1145//4314 5260//4314 1096//4314 80//4314
f 1146//4315 5253//4315 5260//4315 1145//4315
f 1147//4316 5246//4316 5253//4316 1146//4316
f 1148//4317 5239//4317 5246//4317 1147//4317
f 1149//4318 5232//4318 5239//4318 1148//4318
f 1150//4319 5225//4319 5232//4319 1149//4319
f 1151//4320 5218//4320 5225//4320 1150//4320
f 5267//4321 5268//4321 5275//4321 5274//4321
f 5268//4322 5269//4322 5276//4322 5275//4322
f 5269//4323 5270//4323 5277//4323 5276//4323
f 5270//4324 5271//4324 5278//4324 5277//4324
f 5271//4325 5272//4325 5279//4325 5278//4325
f 5272//4326 5273//4326 5280//4326 5279//4326
f 5274//4327 5275//4327 5282//4327 5281//4327
f 5275//4328 5276//4328 5283//4328 5282//4328
f 5276//4329 5277//4329 5284//4329 5283//4329
f 5277//4330 5278//4330 5285//4330 5284//4330
f 5278//4331 5279//4331 5286//4331 5285//4331
f 5279//4332 5280//4332 5287//4332 5286//4332
f 5281//4333 5282//4333 5289//4333 5288//4333
f 5282//4334 5283//4334 5290//4334 5289//4334
f 5283//4335 5284//4335 5291//4335 5290//4335
f 5284//4336 5285//4336 5292//4336 5291//4336
f 5285//4337 5286//4337 5293//4337 5292//4337
f 5286//4338 5287//4338 5294//4338 5293//4338
f 5288//4339 5289//4339 5296//4339 5295//4339
f 5289//4340 5290//4340 5297//4340 5296//4340
f 5290//4341 5291//4341 5298//4341 5297//4341
f 5291//4342 5292//4342 5299//4342 5298//4342
f 5292//4343 5293//4343 5300//4343 5299//4343
f 5293//4344 5294//4344 5301//4344 5300//4344
f 5295//4345 5296//4345 5303//4345 5302//4345
f 5296//4346 5297//4346 5304//4346 5303//4346
f 5297//4347 5298//4347 5305//4347 5304//4347
f 5298//4348 5299//4348 5306//4348 5305//4348
f 5299//4349 5300//4349 5307//4349 5306//4349
f 5300//4350 5301//4350 5308//4350 5307//4350
f 5302//4351 5303//4351 5310//4351 5309//4351
f 5303//4352 5304//4352 5311//4352 5310//4352
f 5304//4353 5305//4353 5312//4353 5311//4353
f 5305//4354 5306//4354 5313//4354 5312//4354
f 5306//4355 5307//4355 5314//4355 5313//4355
f 5307//4356 5308//4356 5315//4356 5314//4356
f 37//4357 1166//4357 5267//4357 1159//4357
f 1166//4358 1167//4358 5268//4358 5267//4358
f 1167//4359 1168//4359 5269//4359 5268//4359
f 1168//4360 1169//4360 5270//4360 5269//4360
f 1169//4361 1170//4361 5271//4361 5270//4361
f 1170//4362 1171//4362 5272//4362 5271//4362
f 1171//4363 1172//4363 5273//4363 5272//4363
f 1172//4364 38//4364 1173//4364 5273//4364
f 5273//4365 1173//4365 1174//4365 5280//4365
f 5280//4366 1174//4366 1175//4366 5287//4366
f 5287//4367 1175//4367 1176//4367 5294//4367
f 5294//4368 1176//4368 1177//4368 5301//4368
f 5301//4369 1177//4369 1178//4369 5308//4369
f 5308//4370 1178//4370 1179//4370 5315//4370
f 5315//4371 1179//4371 82//4371 1116//4371
f 5314//4372 5315//4372 1116//4372 1115//4372
f 5313//4373 5314//4373 1115//4373 1114//4373
f 5312//4374 5313//4374 1114//4374 1113//4374
f 5311//4375 5312//4375 1113//4375 1112//4375
f 5310//4376 5311//4376 1112//4376 1111//4376
f 5309//4377 5310//4377 1111//4377 1110//4377
f 1165//4378 5309//4378 1110//4378 81//4378
f 1164//4379 5302//4379 5309//4379 1165//4379
f 1163//4380 5295//4380 5302//4380 1164//4380
f 1162//4381 5288//4381 5295//4381 1163//4381
f 1161//4382 5281//4382 5288//4382 1162//4382
f 1160//4383 5274//4383 5281//4383 1161//4383
f 1159//4384 5267//4384 5274//4384 1160//4384
f 5316//4385 5317//4385 5324//4385 5323//4385
f 5317//4386 5318//4386 5325//4386 5324//4386
f 5318//4387 5319//4387 5326//4387 5325//4387
f 5319//4388 5320//4388 5327//4388 5326//4388
f 5320//4389 5321//4389 5328//4389 5327//4389
f 5321//4390 5322//4390 5329//4390 5328//4390
f 5323//4391 5324//4391 5331//4391 5330//4391
f 5324//4392 5325//4392 5332//4392 5331//4392
f 5325//4393 5326//4393 5333//4393 5332//4393
f 5326//4394 5327//4394 5334//4394 5333//4394
f 5327//4395 5328//4395 5335//4395 5334//4395
f 5328//4396 5329//4396 5336//4396 5335//4396
f 5330//4397 5331//4397 5338//4397 5337//4397
f 5331//4398 5332//4398 5339//4398 5338//4398
f 5332//4399 5333//4399 5340//4399 5339//4399
f 5333//4400 5334//4400 5341//4400 5340//4400
f 5334//4401 5335//4401 5342//4401 5341//4401
f 5335//4402 5336//4402 5343//4402 5342//4402
f 5337//4403 5338//4403 5345//4403 5344//4403
f 5338//4404 5339//4404 5346//4404 5345//4404
f 5339//4405 5340//4405 5347//4405 5346//4405
f 5340//4406 5341//4406 5348//4406 5347//4406
f 5341//4407 5342//4407 5349//4407 5348//4407
f 5342//4408 5343//4408 5350//4408 5349//4408
f 5344//4409 5345//4409 5352//4409 5351//4409
f 5345//4410 5346//4410 5353//4410 5352//4410
f 5346//4411 5347//4411 5354//4411 5353//4411
f 5347//4412 5348//4412 5355//4412 5354//4412
f 5348//4413 5349//4413 5356//4413 5355//4413
f 5349//4414 5350//4414 5357//4414 5356//4414
f 5351//4415 5352//4415 5359//4415 5358//4415
f 5352//4416 5353//4416 5360//4416 5359//4416
f 5353//4417 5354//4417 5361//4417 5360//4417
f 5354//4418 5355//4418 5362//4418 5361//4418
f 5355//4419 5356//4419 5363//4419 5362//4419
f 5356//4420 5357//4420 5364//4420 5363//4420
f 38//4421 1180//4421 5316//4421 1173//4421
f 1180//4422 1181//4422 5317//4422 5316//4422
f 1181//4423 1182//4423 5318//4423 5317//4423
f 1182//4424 1183//4424 5319//4424 5318//4424
f 1183//4425 1184//4425 5320//4425 5319//4425
f 1184//4426 1185//4426 5321//4426 5320//4426
f 1185//4427 1186//4427 5322//4427 5321//4427
f 1186//4428 39//4428 1187//4428 5322//4428
f 5322//4429 1187//4429 1188//4429 5329//4429
f 5329//4430 1188//4430 1189//4430 5336//4430
f 5336//4431 1189//4431 1190//4431 5343//4431
f 5343//4432 1190//4432 1191//4432 5350//4432
f 5350//4433 1191//4433 1192//4433 5357//4433
f 5357//4434 1192//4434 1193//4434 5364//4434
f 5364//4435 1193//4435 83//4435 1130//4435
f 5363//4436 5364//4436 1130//4436 1129//4436
f 5362//4437 5363//4437 1129//4437 1128//4437
f 5361//4438 5362//4438 1128//4438 1127//4438
f 5360//4439 5361//4439 1127//4439 1126//4439
f 5359//4440 5360//4440 1126//4440 1125//4440
f 5358//4441 5359//4441 1125//4441 1124//4441
f 1179//4442 5358//4442 1124//4442 82//4442
f 1178//4443 5351//4443 5358//4443 1179//4443
f 1177//4444 5344//4444 5351//4444 1178//4444
f 1176//4445 5337//4445 5344//4445 1177//4445
f 1175//4446 5330//4446 5337//4446 1176//4446
f 1174//4447 5323//4447 5330//4447 1175//4447
f 1173//4448 5316//4448 5323//4448 1174//4448
f 5365//4449 5366//4449 5373//4449 5372//4449
f 5366//4450 5367//4450 5374//4450 5373//4450
f 5367//4451 5368//4451 5375//4451 5374//4451
f 5368//4452 5369//4452 5376//4452 5375//4452
f 5369//4453 5370//4453 5377//4453 5376//4453
f 5370//4454 5371//4454 5378//4454 5377//4454
f 5372//4455 5373//4455 5380//4455 5379//4455
f 5373//4456 5374//4456 5381//4456 5380//4456
f 5374//4457 5375//4457 5382//4457 5381//4457
f 5375//4458 5376//4458 5383//4458 5382//4458
f 5376//4459 5377//4459 5384//4459 5383//4459
f 5377//4460 5378//4460 5385//4460 5384//4460
f 5379//4461 5380//4461 5387//4461 5386//4461
f 5380//4462 5381//4462 5388//4462 5387//4462
f 5381//4463 5382//4463 5389//4463 5388//4463
f 5382//4464 5383//4464 5390//4464 5389//4464
f 5383//4465 5384//4465 5391//4465 5390//4465
f 5384//4466 5385//4466 5392//4466 5391//4466
f 5386//4467 5387//4467 5394//4467 5393//4467
f 5387//4468 5388//4468 5395//4468 5394//4468
f 5388//4469 5389//4469 5396//4469 5395//4469
f 5389//4470 5390//4470 5397//4470 5396//4470
f 5390//4471 5391//4471 5398//4471 5397//4471
f 5391//4472 5392//4472 5399//4472 5398//4472
f 5393//4473 5394//4473 5401//4473 5400//4473
f 5394//4474 5395//4474 5402//4474 5401//4474
f 5395//4475 5396//4475 5403//4475 5402//4475
f 5396//4476 5397//4476 5404//4476 5403//4476
f 5397//4477 5398//4477 5405//4477 5404//4477
f 5398//4478 5399//4478 5406//4478 5405//4478
f 5400//4479 5401//4479 5408//4479 5407//4479
f 5401//4480 5402//4480 5409//4480 5408//4480
f 5402//4481 5403//4481 5410//4481 5409//4481
f 5403//4482 5404//4482 5411//4482 5410//4482
f 5404//4483 5405//4483 5412//4483 5411//4483
f 5405//4484 5406//4484 5413//4484 5412//4484
f 39//4485 1194//4485 5365//4485 1187//4485
f 1194//4486 1195//4486 5366//4486 5365//4486
f 1195//4487 1196//4487 5367//4487 5366//4487
f 1196//4488 1197//4488 5368//4488 5367//4488
f 1197//4489 1198//4489 5369//4489 5368//4489
f 1198//4490 1199//4490 5370//4490 5369//4490
f 1199//4491 1200//4491 5371//4491 5370//4491
f 1200//4492 36//4492 1151//4492 5371//4492
f 5371//4493 1151//4493 1150//4493 5378//4493
f 5378//4494 1150//4494 1149//4494 5385//4494
f 5385//4495 1149//4495 1148//4495 5392//4495
f 5392//4496 1148//4496 1147//4496 5399//4496
f 5399//4497 1147//4497 1146//4497 5406//4497
f 5406//4498 1146//4498 1145//4498 5413//4498
f 5413//4499 1145//4499 80//4499 1144//4499
f 5412//4500 5413//4500 1144//4500 1143//4500
f 5411//4501 5412//4501 1143//4501 1142//4501
f 5410//4502 5411//4502 1142//4502 1141//4502
f 5409//4503 5410//4503 1141//4503 1140//4503
f 5408//4504 5409//4504 1140//4504 1139//4504
f 5407//4505 5408//4505 1139//4505 1138//4505
f 1193//4506 5407//4506 1138//4506 83//4506
f 1192//4507 5400//4507 5407//4507 1193//4507
f 1191//4508 5393//4508 5400//4508 1192//4508
f 1190//4509 5386//4509 5393//4509 1191//4509
f 1189//4510 5379//4510 5386//4510 1190//4510
f 1188//4511 5372//4511 5379//4511 1189//4511
f 1187//4512 5365//4512 5372//4512 1188//4512
f 5414//4513 5415//4513 5422//4513 5421//4513
f 5415//4514 5416//4514 5423//4514 5422//4514
f 5416//4515 5417//4515 5424//4515 5423//4515
f 5417//4516 5418//4516 5425//4516 5424//4516
f 5418//4517 5419//4517 5426//4517 5425//4517
f 5419//4518 5420//4518 5427//4518 5426//4518
f 5421//4519 5422//4519 5429//4519 5428//4519
f 5422//4520 5423//4520 5430//4520 5429//4520
f 5423//4521 5424//4521 5431//4521 5430//4521
f 5424//4522 5425//4522 5432//4522 5431//4522
f 5425//4523 5426//4523 5433//4523 5432//4523
f 5426//4524 5427//4524 5434//4524 5433//4524
f 5428//4525 5429//4525 5436//4525 5435//4525
f 5429//4526 5430//4526 5437//4526 5436//4526
f 5430//4527 5431//4527 5438//4527 5437//4527
f 5431//4528 5432//4528 5439//4528 5438//4528
f 5432//4529 5433//4529 5440//4529 5439//4529
f 5433//4530 5434//4530 5441//4530 5440//4530
f 5435//4531 5436//4531 5443//4531 5442//4531
f 5436//4532 5437//4532 5444//4532 5443//4532
f 5437//4533 5438//4533 5445//4533 5444//4533
f 5438//4534 5439//4534 5446//4534 5445//4534
f 5439//4535 5440//4535 5447//4535 5446//4535
f 5440//4536 5441//4536 5448//4536 5447//4536
f 5442//4537 5443//4537 5450//4537 5449//4537
f 5443//4538 5444//4538 5451//4538 5450//4538
f 5444//4539 5445//4539 5452//4539 5451//4539
f 5445//4540 5446//4540 5453//4540 5452//4540
f 5446//4541 5447//4541 5454//4541 5453//4541
f 5447//4542 5448//4542 5455//4542 5454//4542
f 5449//4543 5450//4543 5457//4543 5456//4543
f 5450//4544 5451//4544 5458//4544 5457//4544
f 5451//4545 5452//4545 5459//4545 5458//4545
f 5452//4546 5453//4546 5460//4546 5459//4546
f 5453//4547 5454//4547 5461//4547 5460//4547
f 5454//4548 5455//4548 5462//4548 5461//4548
f 84//4549 1208//4549 5414//4549 1207//4549
f 1208//4550 1209//4550 5415//4550 5414//4550
f 1209//4551 1210//4551 5416//4551 5415//4551
f 1210//4552 1211//4552 5417//4552 5416//4552
f 1211//4553 1212//4553 5418//4553 5417//4553
f 1212//4554 1213//4554 5419//4554 5418//4554
f 1213//4555 1214//4555 5420//4555 5419//4555
f 1214//4556 85//4556 1215//4556 5420//4556
f 5420//4557 1215//4557 1216//4557 5427//4557
f 5427//4558 1216//4558 1217//4558 5434//4558
f 5434//4559 1217//4559 1218//4559 5441//4559
f 5441//4560 1218//4560 1219//4560 5448//4560
f 5448//4561 1219//4561 1220//4561 5455//4561
f 5455//4562 1220//4562 1221//4562 5462//4562
f 5462//4563 1221//4563 37//4563 1158//4563
f 5461//4564 5462//4564 1158//4564 1157//4564
f 5460//4565 5461//4565 1157//4565 1156//4565
f 5459//4566 5460//4566 1156//4566 1155//4566
f 5458//4567 5459//4567 1155//4567 1154//4567
f 5457//4568 5458//4568 1154//4568 1153//4568
f 5456//4569 5457//4569 1153//4569 1152//4569
f 1201//4570 5456//4570 1152//4570 36//4570
f 1202//4571 5449//4571 5456//4571 1201//4571
f 1203//4572 5442//4572 5449//4572 1202//4572
f 1204//4573 5435//4573 5442//4573 1203//4573
f 1205//4574 5428//4574 5435//4574 1204//4574
f 1206//4575 5421//4575 5428//4575 1205//4575
f 1207//4576 5414//4576 5421//4576 1206//4576
f 5463//4577 5464//4577 5471//4577 5470//4577
f 5464//4578 5465//4578 5472//4578 5471//4578
f 5465//4579 5466//4579 5473//4579 5472//4579
f 5466//4580 5467//4580 5474//4580 5473//4580
f 5467//4581 5468//4581 5475//4581 5474//4581
f 5468//4582 5469//4582 5476//4582 5475//4582
f 5470//4583 5471//4583 5478//4583 5477//4583
f 5471//4584 5472//4584 5479//4584 5478//4584
f 5472//4585 5473//4585 5480//4585 5479//4585
f 5473//4586 5474//4586 5481//4586 5480//4586
f 5474//4587 5475//4587 5482//4587 5481//4587
f 5475//4588 5476//4588 5483//4588 5482//4588
f 5477//4589 5478//4589 5485//4589 5484//4589
f 5478//4590 5479//4590 5486//4590 5485//4590
f 5479//4591 5480//4591 5487//4591 5486//4591
f 5480//4592 5481//4592 5488//4592 5487//4592
f 5481//4593 5482//4593 5489//4593 5488//4593
f 5482//4594 5483//4594 5490//4594 5489//4594
f 5484//4595 5485//4595 5492//4595 5491//4595
f 5485//4596 5486//4596 5493//4596 5492//4596
f 5486//4597 5487//4597 5494//4597 5493//4597
f 5487//4598 5488//4598 5495//4598 5494//4598
f 5488//4599 5489//4599 5496//4599 5495//4599
f 5489//4600 5490//4600 5497//4600 5496//4600
f 5491//4601 5492//4601 5499//4601 5498//4601
f 5492//4602 5493//4602 5500//4602 5499//4602
f 5493//4603 5494//4603 5501//4603 5500//4603
f 5494//4604 5495//4604 5502//4604 5501//4604
f 5495//4605 5496//4605 5503//4605 5502//4605
f 5496//4606 5497//4606 5504//4606 5503//4606
f 5498//4607 5499//4607 5506//4607 5505//4607
f 5499//4608 5500//4608 5507//4608 5506//4608
f 5500//4609 5501//4609 5508//4609 5507//4609
f 5501//4610 5502//4610 5509//4610 5508//4610
f 5502//4611 5503//4611 5510//4611 5509//4611
f 5503//4612 5504//4612 5511//4612 5510//4612
f 85//4613 1222//4613 5463//4613 1215//4613
f 1222//4614 1223//4614 5464//4614 5463//4614
f 1223//4615 1224//4615 5465//4615 5464//4615
f 1224//4616 1225//4616 5466//4616 5465//4616
f 1225//4617 1226//4617 5467//4617 5466//4617
f 1226//4618 1227//4618 5468//4618 5467//4618
f 1227//4619 1228//4619 5469//4619 5468//4619
f 1228//4620 86//4620 1229//4620 5469//4620
f 5469//4621 1229//4621 1230//4621 5476//4621
f 5476//4622 1230//4622 1231//4622 5483//4622
f 5483//4623 1231//4623 1232//4623 5490//4623
f 5490//4624 1232//4624 1233//4624 5497//4624
f 5497//4625 1233//4625 1234//4625 5504//4625
f 5504//4626 1234//4626 1235//4626 5511//4626
f 5511//4627 1235//4627 38//4627 1172//4627
f 5510//4628 5511//4628 1172//4628 1171//4628
f 5509//4629 5510//4629 1171//4629 1170//4629
f 5508//4630 5509//4630 1170//4630 1169//4630
f 5507//4631 5508//4631 1169//4631 1168//4631
f 5506//4632 5507//4632 1168//4632 1167//4632
f 5505//4633 5506//4633 1167//4633 1166//4633
f 1221//4634 5505//4634 1166//4634 37//4634
f 1220//4635 5498//4635 5505//4635 1221//4635
f 1219//4636 5491//4636 5498//4636 1220//4636
f 1218//4637 5484//4637 5491//4637 1219//4637
f 1217//4638 5477//4638 5484//4638 1218//4638
f 1216//4639 5470//4639 5477//4639 1217//4639
f 1215//4640 5463//4640 5470//4640 1216//4640
f 5512//4641 5513//4641 5520//4641 5519//4641
f 5513//4642 5514//4642 5521//4642 5520//4642
f 5514//4643 5515//4643 5522//4643 5521//4643
f 5515//4644 5516//4644 5523//4644 5522//4644
f 5516//4645 5517//4645 5524//4645 5523//4645
f 5517//4646 5518//4646 5525//4646 5524//4646
f 5519//4647 5520//4647 5527//4647 5526//4647
f 5520//4648 5521//4648 5528//4648 5527//4648
f 5521//4649 5522//4649 5529//4649 5528//4649
f 5522//4650 5523//4650 5530//4650 5529//4650
f 5523//4651 5524//4651 5531//4651 5530//4651
f 5524//4652 5525//4652 5532//4652 5531//4652
f 5526//4653 5527//4653 5534//4653 5533//4653
f 5527//4654 5528//4654 5535//4654 5534//4654
f 5528//4655 5529//4655 5536//4655 5535//4655
f 5529//4656 5530//4656 5537//4656 5536//4656
f 5530//4657 5531//4657 5538//4657 5537//4657
f 5531//4658 5532//4658 5539//4658 5538//4658
f 5533//4659 5534//4659 5541//4659 5540//4659
f 5534//4660 5535//4660 5542//4660 5541//4660
f 5535//4661 5536//4661 5543//4661 5542//4661
f 5536//4662 5537//4662 5544//4662 5543//4662
f 5537//4663 5538//4663 5545//4663 5544//4663
f 5538//4664 5539//4664 5546//4664 5545//4664
f 5540//4665 5541//4665 5548//4665 5547//4665
f 5541//4666 5542//4666 5549//4666 5548//4666
f 5542//4667 5543//4667 5550//4667 5549//4667
f 5543//4668 5544//4668 5551//4668 5550//4668
f 5544//4669 5545//4669 5552//4669 5551//4669
f 5545//4670 5546//4670 5553//4670 5552//4670
f 5547//4671 5548//4671 5555//4671 5554//4671
f 5548//4672 5549//4672 5556//4672 5555//4672
f 5549//4673 5550//4673 5557//4673 5556//4673
f 5550//4674 5551//4674 5558//4674 5557//4674
f 5551//4675 5552//4675 5559//4675 5558//4675
f 5552//4676 5553//4676 5560//4676 5559//4676
f 86//4677 1236//4677 5512//4677 1229//4677
f 1236//4678 1237//4678 5513//4678 5512//4678
f 1237//4679 1238//4679 5514//4679 5513//4679
f 1238//4680 1239//4680 5515//4680 5514//4680
f 1239//4681 1240//4681 5516//4681 5515//4681
f 1240//4682 1241//4682 5517//4682 5516//4682
f 1241//4683 1242//4683 5518//4683 5517//4683
f 1242//4684 87//4684 1243//4684 5518//4684
f 5518//4685 1243//4685 1244//4685 5525//4685
f 5525//4686 1244//4686 1245//4686 5532//4686
f 5532//4687 1245//4687 1246//4687 5539//4687
f 5539//4688 1246//4688 1247//4688 5546//4688
f 5546//4689 1247//4689 1248//4689 5553//4689
f 5553//4690 1248//4690 1249//4690 5560//4690
f 5560//4691 1249//4691 39//4691 1186//4691
f 5559//4692 5560//4692 1186//4692 1185//4692
f 5558//4693 5559//4693 1185//4693 1184//4693
f 5557//4694 5558//4694 1184//4694 1183//4694
f 5556//4695 5557//4695 1183//4695 1182//4695
f 5555//4696 5556//4696 1182//4696 1181//4696
f 5554//4697 5555//4697 1181//4697 1180//4697
f 1235//4698 5554//4698 1180//4698 38//4698
f 1234//4699 5547//4699 5554//4699 1235//4699
f 1233//4700 5540//4700 5547//4700 1234//4700
f 1232//4701 5533//4701 5540//4701 1233//4701
f 1231//4702 5526//4702 5533//4702 1232//4702
f 1230//4703 5519//4703 5526//4703 1231//4703
f 1229//4704 5512//4704 5519//4704 1230//4704
f 5561//4705 5562//4705 5569//4705 5568//4705
f 5562//4706 5563//4706 5570//4706 5569//4706
f 5563//4707 5564//4707 5571//4707 5570//4707
f 5564//4708 5565//4708 5572//4708 5571//4708
f 5565//4709 5566//4709 5573//4709 5572//4709
f 5566//4710 5567//4710 5574//4710 5573//4710
f 5568//4711 5569//4711 5576//4711 5575//4711
f 5569//4712 5570//4712 5577//4712 5576//4712
f 5570//4713 5571//4713 5578//4713 5577//4713
f 5571//4714 5572//4714 5579//4714 5578//4714
f 5572//4715 5573//4715 5580//4715 5579//4715
f 5573//4716 5574//4716 5581//4716 5580//4716
f 5575//4717 5576//4717 5583//4717 5582//4717
f 5576//4718 5577//4718 5584//4718 5583//4718
f 5577//4719 5578//4719 5585//4719 5584//4719
f 5578//4720 5579//4720 5586//4720 5585//4720
f 5579//4721 5580//4721 5587//4721 5586//4721
f 5580//4722 5581//4722 5588//4722 5587//4722
f 5582//4723 5583//4723 5590//4723 5589//4723
f 5583//4724 5584//4724 5591//4724 5590//4724
f 5584//4725 5585//4725 5592//4725 5591//4725
f 5585//4726 5586//4726 5593//4726 5592//4726
f 5586//4727 5587//4727 5594//4727 5593//4727
f 5587//4728 5588//4728 5595//4728 5594//4728
f 5589//4729 5590//4729 5597//4729 5596//4729
f 5590//4730 5591//4730 5598//4730 5597//4730
f 5591//4731 5592//4731 5599//4731 5598//4731
f 5592//4732 5593//4732 5600//4732 5599//4732
f 5593//4733 5594//4733 5601//4733 5600//4733
f 5594//4734 5595//4734 5602//4734 5601//4734
f 5596//4735 5597//4735 5604//4735 5603//4735
f 5597//4736 5598//4736 5605//4736 5604//4736
f 5598//4737 5599//4737 5606//4737 5605//4737
f 5599//4738 5600//4738 5607//4738 5606//4738
f 5600//4739 5601//4739 5608//4739 5607//4739
f 5601//4740 5602//4740 5609//4740 5608//4740
f 87//4741 1250//4741 5561//4741 1243//4741
f 1250//4742 1251//4742 5562//4742 5561//4742
f 1251//4743 1252//4743 5563//4743 5562//4743
f 1252//4744 1253//4744 5564//4744 5563//4744
f 1253//4745 1254//4745 5565//4745 5564//4745
f 1254//4746 1255//4746 5566//4746 5565//4746
f 1255//4747 1256//4747 5567//4747 5566//4747
f 1256//4748 84//4748 1207//4748 5567//4748
f 5567//4749 1207//4749 1206//4749 5574//4749
f 5574//4750 1206//4750 1205//4750 5581//4750
f 5581//4751 1205//4751 1204//4751 5588//4751
f 5588//4752 1204//4752 1203//4752 5595//4752
f 5595//4753 1203//4753 1202//4753 5602//4753
f 5602//4754 1202//4754 1201//4754 5609//4754
f 5609//4755 1201//4755 36//4755 1200//4755
f 5608//4756 5609//4756 1200//4756 1199//4756
f 5607//4757 5608//4757 1199//4757 1198//4757
f 5606//4758 5607//4758 1198//4758 1197//4758
f 5605//4759 5606//4759 1197//4759 1196//4759
f 5604//4760 5605//4760 1196//4760 1195//4760
f 5603//4761 5604//4761 1195//4761 1194//4761
f 1249//4762 5603//4762 1194//4762 39//4762
f 1248//4763 5596//4763 5603//4763 1249//4763
f 1247//4764 5589//4764 5596//4764 1248//4764
f 1246//4765 5582//4765 5589//4765 1247//4765
f 1245//4766 5575//4766 5582//4766 1246//4766
f 1244//4767 5568//4767 5575//4767 1245//4767
f 1243//4768 5561//4768 5568//4768 1244//4768
f 5610//4769 5611//4769 5618//4769 5617//4769
f 5611//4770 5612//4770 5619//4770 5618//4770
f 5612//4771 5613//4771 5620//4771 5619//4771
f 5613//4772 5614//4772 5621//4772 5620//4772
f 5614//4773 5615//4773 5622//4773 5621//4773
f 5615//4774 5616//4774 5623//4774 5622//4774
f 5617//4775 5618//4775 5625//4775 5624//4775
f 5618//4776 5619//4776 5626//4776 5625//4776
f 5619//4777 5620//4777 5627//4777 5626//4777
f 5620//4778 5621//4778 5628//4778 5627//4778
f 5621//4779 5622//4779 5629//4779 5628//4779
f 5622//4780 5623//4780 5630//4780 5629//4780
f 5624//4781 5625//4781 5632//4781 5631//4781
f 5625//4782 5626//4782 5633//4782 5632//4782
f 5626//4783 5627//4783 5634//4783 5633//4783
f 5627//4784 5628//4784 5635//4784 5634//4784
f 5628//4785 5629//4785 5636//4785 5635//4785
f 5629//4786 5630//4786 5637//4786 5636//4786
f 5631//4787 5632//4787 5639//4787 5638//4787
f 5632//4788 5633//4788 5640//4788 5639//4788
f 5633//4789 5634//4789 5641//4789 5640//4789
f 5634//4790 5635//4790 5642//4790 5641//4790
f 5635//4791 5636//4791 5643//4791 5642//4791
f 5636//4792 5637//4792 5644//4792 5643//4792
f 5638//4793 5639//4793 5646//4793 5645//4793
f 5639//4794 5640//4794 5647//4794 5646//4794
f 5640//4795 5641//4795 5648//4795 5647//4795
f 5641//4796 5642//4796 5649//4796 5648//4796
f 5642//4797 5643//4797 5650//4797 5649//4797
f 5643//4798 5644//4798 5651//4798 5650//4798
f 5645//4799 5646//4799 5653//4799 5652//4799
f 5646//4800 5647//4800 5654//4800 5653//4800
f 5647//4801 5648//4801 5655//4801 5654//4801
f 5648//4802 5649//4802 5656//4802 5655//4802
f 5649//4803 5650//4803 5657//4803 5656//4803
f 5650//4804 5651//4804 5658//4804 5657//4804
f 88//4805 1264//4805 5610//4805 1263//4805
f 1264//4806 1265//4806 5611//4806 5610//4806
f 1265//4807 1266//4807 5612//4807 5611//4807
f 1266//4808 1267//4808 5613//4808 5612//4808
f 1267//4809 1268//4809 5614//4809 5613//4809
f 1268//4810 1269//4810 5615//4810 5614//4810
f 1269//4811 1270//4811 5616//4811 5615//4811
f 1270//4812 89//4812 1271//4812 5616//4812
f 5616//4813 1271//4813 1272//4813 5623//4813
f 5623//4814 1272//4814 1273//4814 5630//4814
f 5630//4815 1273//4815 1274//4815 5637//4815
f 5637//4816 1274//4816 1275//4816 5644//4816
f 5644//4817 1275//4817 1276//4817 5651//4817
f 5651//4818 1276//4818 1277//4818 5658//4818
f 5658//4819 1277//4819 85//4819 1214//4819
f 5657//4820 5658//4820 1214//4820 1213//4820
f 5656//4821 5657//4821 1213//4821 1212//4821
f 5655//4822 5656//4822 1212//4822 1211//4822
f 5654//4823 5655//4823 1211//4823 1210//4823
f 5653//4824 5654//4824 1210//4824 1209//4824
f 5652//4825 5653//4825 1209//4825 1208//4825
f 1257//4826 5652//4826 1208//4826 84//4826
f 1258//4827 5645//4827 5652//4827 1257//4827
f 1259//4828 5638//4828 5645//4828 1258//4828
f 1260//4829 5631//4829 5638//4829 1259//4829
f 1261//4830 5624//4830 5631//4830 1260//4830
f 1262//4831 5617//4831 5624//4831 1261//4831
f 1263//4832 5610//4832 5617//4832 1262//4832
f 5659//4833 5660//4833 5667//4833 5666//4833
f 5660//4834 5661//4834 5668//4834 5667//4834
f 5661//4835 5662//4835 5669//4835 5668//4835
f 5662//4836 5663//4836 5670//4836 5669//4836
f 5663//4837 5664//4837 5671//4837 5670//4837
f 5664//4838 5665//4838 5672//4838 5671//4838
f 5666//4839 5667//4839 5674//4839 5673//4839
f 5667//4840 5668//4840 5675//4840 5674//4840
f 5668//4841 5669//4841 5676//4841 5675//4841
f 5669//4836 5670//4836 5677//4836 5676//4836
f 5670//4837 5671//4837 5678//4837 5677//4837
f 5671//4842 5672//4842 5679//4842 5678//4842
f 5673//4843 5674//4843 5681//4843 5680//4843
f 5674//4844 5675//4844 5682//4844 5681//4844
f 5675//4841 5676//4841 5683//4841 5682//4841
f 5676//4845 5677//4845 5684//4845 5683//4845
f 5677//4846 5678//4846 5685//4846 5684//4846
f 5678//4847 5679//4847 5686//4847 5685//4847
f 5680//4848 5681//4848 5688//4848 5687//4848
f 5681//4849 5682//4849 5689//4849 5688//4849
f 5682//4850 5683//4850 5690//4850 5689//4850
f 5683//4851 5684//4851 5691//4851 5690//4851
f 5684//4852 5685//4852 5692//4852 5691//4852
f 5685//4853 5686//4853 5693//4853 5692//4853
f 5687//4854 5688//4854 5695//4854 5694//4854
f 5688//4855 5689//4855 5696//4855 5695//4855
f 5689//4856 5690//4856 5697//4856 5696//4856
f 5690//4857 5691//4857 5698//4857 5697//4857
f 5691//4858 5692//4858 5699//4858 5698//4858
f 5692//4859 5693//4859 5700//4859 5699//4859
f 5694//4860 5695//4860 5702//4860 5701//4860
f 5695//4861 5696//4861 5703//4861 5702//4861
f 5696//4862 5697//4862 5704//4862 5703//4862
f 5697//4863 5698//4863 5705//4863 5704//4863
f 5698//4864 5699//4864 5706//4864 5705//4864
f 5699//4865 5700//4865 5707//4865 5706//4865
f 89//4866 1278//4866 5659//4866 1271//4866
f 1278//4867 1279//4867 5660//4867 5659//4867
f 1279//4868 1280//4868 5661//4868 5660//4868
f 1280//4835 1281//4835 5662//4835 5661//4835
f 1281//4836 1282//4836 5663//4836 5662//4836
f 1282//4837 1283//4837 5664//4837 5663//4837
f 1283//4838 1284//4838 5665//4838 5664//4838
f 1284//4869 90//4869 1285//4869 5665//4869
f 5665//4869 1285//4869 1286//4869 5672//4869
f 5672//4869 1286//4869 1287//4869 5679//4869
f 5679//4870 1287//4870 1288//4870 5686//4870
f 5686//4871 1288//4871 1289//4871 5693//4871
f 5693//4872 1289//4872 1290//4872 5700//4872
f 5700//4873 1290//4873 1291//4873 5707//4873
f 5707//4874 1291//4874 86//4874 1228//4874
f 5706//4875 5707//4875 1228//4875 1227//4875
f 5705//4876 5706//4876 1227//4876 1226//4876
f 5704//4877 5705//4877 1226//4877 1225//4877
f 5703//4878 5704//4878 1225//4878 1224//4878
f 5702//4879 5703//4879 1224//4879 1223//4879
f 5701//4880 5702//4880 1223//4880 1222//4880
f 1277//4881 5701//4881 1222//4881 85//4881
f 1276//4882 5694//4882 5701//4882 1277//4882
f 1275//4883 5687//4883 5694//4883 1276//4883
f 1274//4884 5680//4884 5687//4884 1275//4884
f 1273//4885 5673//4885 5680//4885 1274//4885
f 1272//4886 5666//4886 5673//4886 1273//4886
f 1271//4887 5659//4887 5666//4887 1272//4887
f 5708//4888 5709//4888 5716//4888 5715//4888
f 5709//4889 5710//4889 5717//4889 5716//4889
f 5710//4890 5711//4890 5718//4890 5717//4890
f 5711//4891 5712//4891 5719//4891 5718//4891
f 5712//4892 5713//4892 5720//4892 5719//4892
f 5713//4893 5714//4893 5721//4893 5720//4893
f 5715//4894 5716//4894 5723//4894 5722//4894
f 5716//4895 5717//4895 5724//4895 5723//4895
f 5717//4896 5718//4896 5725//4896 5724//4896
f 5718//4897 5719//4897 5726//4897 5725//4897
f 5719//4892 5720//4892 5727//4892 5726//4892
f 5720//4893 5721//4893 5728//4893 5727//4893
f 5722//4898 5723//4898 5730//4898 5729//4898
f 5723//4899 5724//4899 5731//4899 5730//4899
f 5724//4896 5725//4896 5732//4896 5731//4896
f 5725//4897 5726//4897 5733//4897 5732//4897
f 5726//4900 5727//4900 5734//4900 5733//4900
f 5727//4901 5728//4901 5735//4901 5734//4901
f 5729//4902 5730//4902 5737//4902 5736//4902
f 5730//4903 5731//4903 5738//4903 5737//4903
f 5731//4904 5732//4904 5739//4904 5738//4904
f 5732//4905 5733//4905 5740//4905 5739//4905
f 5733//4906 5734//4906 5741//4906 5740//4906
f 5734//4907 5735//4907 5742//4907 5741//4907
f 5736//4908 5737//4908 5744//4908 5743//4908
f 5737//4909 5738//4909 5745//4909 5744//4909
f 5738//4910 5739//4910 5746//4910 5745//4910
f 5739//4911 5740//4911 5747//4911 5746//4911
f 5740//4912 5741//4912 5748//4912 5747//4912
f 5741//4913 5742//4913 5749//4913 5748//4913
f 5743//4914 5744//4914 5751//4914 5750//4914
f 5744//4915 5745//4915 5752//4915 5751//4915
f 5745//4916 5746//4916 5753//4916 5752//4916
f 5746//4917 5747//4917 5754//4917 5753//4917
f 5747//4918 5748//4918 5755//4918 5754//4918
f 5748//4919 5749//4919 5756//4919 5755//4919
f 90//4920 1292//4920 5708//4920 1285//4920
f 1292//4888 1293//4888 5709//4888 5708//4888
f 1293//4921 1294//4921 5710//4921 5709//4921
f 1294//4890 1295//4890 5711//4890 5710//4890
f 1295//4891 1296//4891 5712//4891 5711//4891
f 1296//4922 1297//4922 5713//4922 5712//4922
f 1297//4893 1298//4893 5714//4893 5713//4893
f 1298//4923 91//4923 1299//4923 5714//4923
f 5714//4923 1299//4923 1300//4923 5721//4923
f 5721//4924 1300//4924 1301//4924 5728//4924
f 5728//4925 1301//4925 1302//4925 5735//4925
f 5735//4926 1302//4926 1303//4926 5742//4926
f 5742//4927 1303//4927 1304//4927 5749//4927
f 5749//4928 1304//4928 1305//4928 5756//4928
f 5756//4929 1305//4929 87//4929 1242//4929
f 5755//4930 5756//4930 1242//4930 1241//4930
f 5754//4931 5755//4931 1241//4931 1240//4931
f 5753//4932 5754//4932 1240//4932 1239//4932
f 5752//4933 5753//4933 1239//4933 1238//4933
f 5751//4934 5752//4934 1238//4934 1237//4934
f 5750//4935 5751//4935 1237//4935 1236//4935
f 1291//4936 5750//4936 1236//4936 86//4936
f 1290//4937 5743//4937 5750//4937 1291//4937
f 1289//4938 5736//4938 5743//4938 1290//4938
f 1288//4939 5729//4939 5736//4939 1289//4939
f 1287//4940 5722//4940 5729//4940 1288//4940
f 1286//4940 5715//4940 5722//4940 1287//4940
f 1285//4920 5708//4920 5715//4920 1286//4920
f 5757//4941 5758//4941 5765//4941 5764//4941
f 5758//4942 5759//4942 5766//4942 5765//4942
f 5759//4943 5760//4943 5767//4943 5766//4943
f 5760//4944 5761//4944 5768//4944 5767//4944
f 5761//4945 5762//4945 5769//4945 5768//4945
f 5762//4946 5763//4946 5770//4946 5769//4946
f 5764//4947 5765//4947 5772//4947 5771//4947
f 5765//4942 5766//4942 5773//4942 5772//4942
f 5766//4943 5767//4943 5774//4943 5773//4943
f 5767//4948 5768//4948 5775//4948 5774//4948
f 5768//4949 5769//4949 5776//4949 5775//4949
f 5769//4950 5770//4950 5777//4950 5776//4950
f 5771//4951 5772//4951 5779//4951 5778//4951
f 5772//4952 5773//4952 5780//4952 5779//4952
f 5773//4953 5774//4953 5781//4953 5780//4953
f 5774//4948 5775//4948 5782//4948 5781//4948
f 5775//4954 5776//4954 5783//4954 5782//4954
f 5776//4955 5777//4955 5784//4955 5783//4955
f 5778//4956 5779//4956 5786//4956 5785//4956
f 5779//4957 5780//4957 5787//4957 5786//4957
f 5780//4958 5781//4958 5788//4958 5787//4958
f 5781//4959 5782//4959 5789//4959 5788//4959
f 5782//4960 5783//4960 5790//4960 5789//4960
f 5783//4961 5784//4961 5791//4961 5790//4961
f 5785//4962 5786//4962 5793//4962 5792//4962
f 5786//4963 5787//4963 5794//4963 5793//4963
f 5787//4964 5788//4964 5795//4964 5794//4964
f 5788//4965 5789//4965 5796//4965 5795//4965
f 5789//4966 5790//4966 5797//4966 5796//4966
f 5790//4967 5791//4967 5798//4967 5797//4967
f 5792//4968 5793//4968 5800//4968 5799//4968
f 5793//4969 5794//4969 5801//4969 5800//4969
f 5794//4970 5795//4970 5802//4970 5801//4970
f 5795//4971 5796//4971 5803//4971 5802//4971
f 5796//4972 5797//4972 5804//4972 5803//4972
f 5797//4973 5798//4973 5805//4973 5804//4973
f 91//4974 1306//4974 5757//4974 1299//4974
f 1306//4941 1307//4941 5758//4941 5757//4941
f 1307//4942 1308//4942 5759//4942 5758//4942
f 1308//4943 1309//4943 5760//4943 5759//4943
f 1309//4944 1310//4944 5761//4944 5760//4944
f 1310//4975 1311//4975 5762//4975 5761//4975
f 1311//4976 1312//4976 5763//4976 5762//4976
f 1312//4977 88//4977 1263//4977 5763//4977
f 5763//4978 1263//4978 1262//4978 5770//4978
f 5770//4979 1262//4979 1261//4979 5777//4979
f 5777//4980 1261//4980 1260//4980 5784//4980
f 5784//4981 1260//4981 1259//4981 5791//4981
f 5791//4982 1259//4982 1258//4982 5798//4982
f 5798//4983 1258//4983 1257//4983 5805//4983
f 5805//4984 1257//4984 84//4984 1256//4984
f 5804//4985 5805//4985 1256//4985 1255//4985
f 5803//4986 5804//4986 1255//4986 1254//4986
f 5802//4987 5803//4987 1254//4987 1253//4987
f 5801//4988 5802//4988 1253//4988 1252//4988
f 5800//4989 5801//4989 1252//4989 1251//4989
f 5799//4990 5800//4990 1251//4990 1250//4990
f 1305//4991 5799//4991 1250//4991 87//4991
f 1304//4992 5792//4992 5799//4992 1305//4992
f 1303//4993 5785//4993 5792//4993 1304//4993
f 1302//4994 5778//4994 5785//4994 1303//4994
f 1301//4995 5771//4995 5778//4995 1302//4995
f 1300//4974 5764//4974 5771//4974 1301//4974
f 1299//4974 5757//4974 5764//4974 1300//4974
f 5806//4996 5807//4996 5814//4996 5813//4996
f 5807//4807 5808//4807 5815//4807 5814//4807
f 5808//4808 5809//4808 5816//4808 5815//4808
f 5809//4997 5810//4997 5817//4997 5816//4997
f 5810//4998 5811//4998 5818//4998 5817//4998
f 5811//4999 5812//4999 5819//4999 5818//4999
f 5813//5000 5814//5000 5821//5000 5820//5000
f 5814//4807 5815//4807 5822//4807 5821//4807
f 5815//5001 5816//5001 5823//5001 5822//5001
f 5816//5002 5817//5002 5824//5002 5823//5002
f 5817//4810 5818//4810 5825//4810 5824//4810
f 5818//4999 5819//4999 5826//4999 5825//4999
f 5820//4996 5821//4996 5828//4996 5827//4996
f 5821//4807 5822//4807 5829//4807 5828//4807
f 5822//5003 5823//5003 5830//5003 5829//5003
f 5823//4997 5824//4997 5831//4997 5830//4997
f 5824//4810 5825//4810 5832//4810 5831//4810
f 5825//5004 5826//5004 5833//5004 5832//5004
f 5827//5005 5828//5005 5835//5005 5834//5005
f 5828//4807 5829//4807 5836//4807 5835//4807
f 5829//5003 5830//5003 5837//5003 5836//5003
f 5830//4997 5831//4997 5838//4997 5837//4997
f 5831//4810 5832//4810 5839//4810 5838//4810
f 5832//5006 5833//5006 5840//5006 5839//5006
f 5834//4996 5835//4996 5842//4996 5841//4996
f 5835//4807 5836//4807 5843//4807 5842//4807
f 5836//4808 5837//4808 5844//4808 5843//4808
f 5837//4809 5838//4809 5845//4809 5844//4809
f 5838//4810 5839//4810 5846//4810 5845//4810
f 5839//4811 5840//4811 5847//4811 5846//4811
f 5841//4996 5842//4996 5849//4996 5848//4996
f 5842//4807 5843//4807 5850//4807 5849//4807
f 5843//5003 5844//5003 5851//5003 5850//5003
f 5844//4997 5845//4997 5852//4997 5851//4997
f 5845//4810 5846//4810 5853//4810 5852//4810
f 5846//4811 5847//4811 5854//4811 5853//4811
f 92//5007 1320//5007 5806//5007 1319//5007
f 1320//4996 1321//4996 5807//4996 5806//4996
f 1321//4807 1322//4807 5808//4807 5807//4807
f 1322//5003 1323//5003 5809//5003 5808//5003
f 1323//4997 1324//4997 5810//4997 5809//4997
f 1324//4810 1325//4810 5811//4810 5810//4810
f 1325//5004 1326//5004 5812//5004 5811//5004
f 1326//5008 93//5008 1327//5008 5812//5008
f 5812//4812 1327//4812 1328//4812 5819//4812
f 5819//5008 1328//5008 1329//5008 5826//5008
f 5826//4812 1329//4812 1330//4812 5833//4812
f 5833//4812 1330//4812 1331//4812 5840//4812
f 5840//4812 1331//4812 1332//4812 5847//4812
f 5847//5008 1332//5008 1333//5008 5854//5008
f 5854//5008 1333//5008 89//5008 1270//5008
f 5853//5004 5854//5004 1270//5004 1269//5004
f 5852//4810 5853//4810 1269//4810 1268//4810
f 5851//4997 5852//4997 1268//4997 1267//4997
f 5850//5003 5851//5003 1267//5003 1266//5003
f 5849//4807 5850//4807 1266//4807 1265//4807
f 5848//5005 5849//5005 1265//5005 1264//5005
f 1313//5007 5848//5007 1264//5007 88//5007
f 1314//4805 5841//4805 5848//4805 1313//4805
f 1315//4805 5834//4805 5841//4805 1314//4805
f 1316//5007 5827//5007 5834//5007 1315//5007
f 1317//4805 5820//4805 5827//4805 1316//4805
f 1318//5007 5813//5007 5820//5007 1317//5007
f 1319//4805 5806//4805 5813//4805 1318//4805
f 5855//4833 5856//4833 5863//4833 5862//4833
f 5856//4868 5857//4868 5864//4868 5863//4868
f 5857//4835 5858//4835 5865//4835 5864//4835
f 5858//4836 5859//4836 5866//4836 5865//4836
f 5859//5009 5860//5009 5867//5009 5866//5009
f 5860//4838 5861//4838 5868//4838 5867//4838
f 5862//4867 5863//4867 5870//4867 5869//4867
f 5863//4868 5864//4868 5871//4868 5870//4868
f 5864//4835 5865//4835 5872//4835 5871//4835
f 5865//4836 5866//4836 5873//4836 5872//4836
f 5866//5009 5867//5009 5874//5009 5873//5009
f 5867//4838 5868//4838 5875//4838 5874//4838
f 5869//4867 5870//4867 5877//4867 5876//4867
f 5870//4868 5871//4868 5878//4868 5877//4868
f 5871//5010 5872//5010 5879//5010 5878//5010
f 5872//4836 5873//4836 5880//4836 5879//4836
f 5873//4837 5874//4837 5881//4837 5880//4837
f 5874//4838 5875//4838 5882//4838 5881//4838
f 5876//4833 5877//4833 5884//4833 5883//4833
f 5877//4868 5878//4868 5885//4868 5884//4868
f 5878//5010 5879//5010 5886//5010 5885//5010
f 5879//4836 5880//4836 5887//4836 5886//4836
f 5880//5009 5881//5009 5888//5009 5887//5009
f 5881//4838 5882//4838 5889//4838 5888//4838
f 5883//4833 5884//4833 5891//4833 5890//4833
f 5884//4868 5885//4868 5892//4868 5891//4868
f 5885//5010 5886//5010 5893//5010 5892//5010
f 5886//4836 5887//4836 5894//4836 5893//4836
f 5887//4837 5888//4837 5895//4837 5894//4837
f 5888//4838 5889//4838 5896//4838 5895//4838
f 5890//4833 5891//4833 5898//4833 5897//4833
f 5891//4868 5892//4868 5899//4868 5898//4868
f 5892//5010 5893//5010 5900//5010 5899//5010
f 5893//4836 5894//4836 5901//4836 5900//4836
f 5894//5009 5895//5009 5902//5009 5901//5009
f 5895//4838 5896//4838 5903//4838 5902//4838
f 93//4866 1334//4866 5855//4866 1327//4866
f 1334//4833 1335//4833 5856//4833 5855//4833
f 1335//4868 1336//4868 5857//4868 5856//4868
f 1336//5010 1337//5010 5858//5010 5857//5010
f 1337//4836 1338//4836 5859//4836 5858//4836
f 1338//4837 1339//4837 5860//4837 5859//4837
f 1339//4838 1340//4838 5861//4838 5860//4838
f 1340//4869 94//4869 1341//4869 5861//4869
f 5861//4869 1341//4869 1342//4869 5868//4869
f 5868//4869 1342//4869 1343//4869 5875//4869
f 5875//4869 1343//4869 1344//4869 5882//4869
f 5882//5011 1344//5011 1345//5011 5889//5011
f 5889//4869 1345//4869 1346//4869 5896//4869
f 5896//4869 1346//4869 1347//4869 5903//4869
f 5903//4869 1347//4869 90//4869 1284//4869
f 5902//4838 5903//4838 1284//4838 1283//4838
f 5901//4837 5902//4837 1283//4837 1282//4837
f 5900//4836 5901//4836 1282//4836 1281//4836
f 5899//4835 5900//4835 1281//4835 1280//4835
f 5898//4868 5899//4868 1280//4868 1279//4868
f 5897//4833 5898//4833 1279//4833 1278//4833
f 1333//4866 5897//4866 1278//4866 89//4866
f 1332//4866 5890//4866 5897//4866 1333//4866
f 1331//4866 5883//4866 5890//4866 1332//4866
f 1330//4866 5876//4866 5883//4866 1331//4866
f 1329//4866 5869//4866 5876//4866 1330//4866
f 1328//4866 5862//4866 5869//4866 1329//4866
f 1327//4866 5855//4866 5862//4866 1328//4866
f 5904//4888 5905//4888 5912//4888 5911//4888
f 5905//4921 5906//4921 5913//4921 5912//4921
f 5906//5012 5907//5012 5914//5012 5913//5012
f 5907//5013 5908//5013 5915//5013 5914//5013
f 5908//4922 5909//4922 5916//4922 5915//4922
f 5909//4893 5910//4893 5917//4893 5916//4893
f 5911//4888 5912//4888 5919//4888 5918//4888
f 5912//4921 5913//4921 5920//4921 5919//4921
f 5913//4890 5914//4890 5921//4890 5920//4890
f 5914//4891 5915//4891 5922//4891 5921//4891
f 5915//4922 5916//4922 5923//4922 5922//4922
f 5916//4893 5917//4893 5924//4893 5923//4893
f 5918//4888 5919//4888 5926//4888 5925//4888
f 5919//4889 5920//4889 5927//4889 5926//4889
f 5920//4890 5921//4890 5928//4890 5927//4890
f 5921//4891 5922//4891 5929//4891 5928//4891
f 5922//5014 5923//5014 5930//5014 5929//5014
f 5923//4893 5924//4893 5931//4893 5930//4893
f 5925//5015 5926//5015 5933//5015 5932//5015
f 5926//5016 5927//5016 5934//5016 5933//5016
f 5927//4890 5928//4890 5935//4890 5934//4890
f 5928//4891 5929//4891 5936//4891 5935//4891
f 5929//4922 5930//4922 5937//4922 5936//4922
f 5930//5017 5931//5017 5938//5017 5937//5017
f 5932//5018 5933//5018 5940//5018 5939//5018
f 5933//4921 5934//4921 5941//4921 5940//4921
f 5934//4890 5935//4890 5942//4890 5941//4890
f 5935//4891 5936//4891 5943//4891 5942//4891
f 5936//5014 5937//5014 5944//5014 5943//5014
f 5937//5019 5938//5019 5945//5019 5944//5019
f 5939//5018 5940//5018 5947//5018 5946//5018
f 5940//4921 5941//4921 5948//4921 5947//4921
f 5941//4890 5942//4890 5949//4890 5948//4890
f 5942//4891 5943//4891 5950//4891 5949//4891
f 5943//4922 5944//4922 5951//4922 5950//4922
f 5944//5019 5945//5019 5952//5019 5951//5019
f 94//5020 1348//5020 5904//5020 1341//5020
f 1348//4888 1349//4888 5905//4888 5904//4888
f 1349//5016 1350//5016 5906//5016 5905//5016
f 1350//4890 1351//4890 5907//4890 5906//4890
f 1351//4891 1352//4891 5908//4891 5907//4891
f 1352//5014 1353//5014 5909//5014 5908//5014
f 1353//4893 1354//4893 5910//4893 5909//4893
f 1354//4923 95//4923 1355//4923 5910//4923
f 5910//4923 1355//4923 1356//4923 5917//4923
f 5917//4923 1356//4923 1357//4923 5924//4923
f 5924//4923 1357//4923 1358//4923 5931//4923
f 5931//4923 1358//4923 1359//4923 5938//4923
f 5938//4923 1359//4923 1360//4923 5945//4923
f 5945//4923 1360//4923 1361//4923 5952//4923
f 5952//4923 1361//4923 91//4923 1298//4923
f 5951//4893 5952//4893 1298//4893 1297//4893
f 5950//5021 5951//5021 1297//5021 1296//5021
f 5949//4891 5950//4891 1296//4891 1295//4891
f 5948//4890 5949//4890 1295//4890 1294//4890
f 5947//4889 5948//4889 1294//4889 1293//4889
f 5946//4888 5947//4888 1293//4888 1292//4888
f 1347//4920 5946//4920 1292//4920 90//4920
f 1346//4920 5939//4920 5946//4920 1347//4920
f 1345//4920 5932//4920 5939//4920 1346//4920
f 1344//5022 5925//5022 5932//5022 1345//5022
f 1343//4920 5918//4920 5925//4920 1344//4920
f 1342//4920 5911//4920 5918//4920 1343//4920
f 1341//4920 5904//4920 5911//4920 1342//4920
f 5953//4941 5954//4941 5961//4941 5960//4941
f 5954//4942 5955//4942 5962//4942 5961//4942
f 5955//4943 5956//4943 5963//4943 5962//4943
f 5956//4944 5957//4944 5964//4944 5963//4944
f 5957//4975 5958//4975 5965//4975 5964//4975
f 5958//4976 5959//4976 5966//4976 5965//4976
f 5960//4941 5961//4941 5968//4941 5967//4941
f 5961//5023 5962//5023 5969//5023 5968//5023
f 5962//4943 5963//4943 5970//4943 5969//4943
f 5963//4944 5964//4944 5971//4944 5970//4944
f 5964//4975 5965//4975 5972//4975 5971//4975
f 5965//4976 5966//4976 5973//4976 5972//4976
f 5967//4941 5968//4941 5975//4941 5974//4941
f 5968//5023 5969//5023 5976//5023 5975//5023
f 5969//4943 5970//4943 5977//4943 5976//4943
f 5970//4944 5971//4944 5978//4944 5977//4944
f 5971//4975 5972//4975 5979//4975 5978//4975
f 5972//4976 5973//4976 5980//4976 5979//4976
f 5974//4941 5975//4941 5982//4941 5981//4941
f 5975//5023 5976//5023 5983//5023 5982//5023
f 5976//4943 5977//4943 5984//4943 5983//4943
f 5977//5024 5978//5024 5985//5024 5984//5024
f 5978//4975 5979//4975 5986//4975 5985//4975
f 5979//4946 5980//4946 5987//4946 5986//4946
f 5981//4941 5982//4941 5989//4941 5988//4941
f 5982//5023 5983//5023 5990//5023 5989//5023
f 5983//4943 5984//4943 5991//4943 5990//4943
f 5984//5024 5985//5024 5992//5024 5991//5024
f 5985//4975 5986//4975 5993//4975 5992//4975
f 5986//4946 5987//4946 5994//4946 5993//4946
f 5988//4941 5989//4941 5996//4941 5995//4941
f 5989//4942 5990//4942 5997//4942 5996//4942
f 5990//4943 5991//4943 5998//4943 5997//4943
f 5991//5024 5992//5024 5999//5024 5998//5024
f 5992//4975 5993//4975 6000//4975 5999//4975
f 5993//4946 5994//4946 6001//4946 6000//4946
f 95//4974 1362//4974 5953//4974 1355//4974
f 1362//4941 1363//4941 5954//4941 5953//4941
f 1363//4942 1364//4942 5955//4942 5954//4942
f 1364//4943 1365//4943 5956//4943 5955//4943
f 1365//5024 1366//5024 5957//5024 5956//5024
f 1366//4975 1367//4975 5958//4975 5957//4975
f 1367//4946 1368//4946 5959//4946 5958//4946
f 1368//4977 92//4977 1319//4977 5959//4977
f 5959//4977 1319//4977 1318//4977 5966//4977
f 5966//4977 1318//4977 1317//4977 5973//4977
f 5973//4977 1317//4977 1316//4977 5980//4977
f 5980//4977 1316//4977 1315//4977 5987//4977
f 5987//4977 1315//4977 1314//4977 5994//4977
f 5994//4977 1314//4977 1313//4977 6001//4977
f 6001//4977 1313//4977 88//4977 1312//4977
f 6000//4946 6001//4946 1312//4946 1311//4946
f 5999//4975 6000//4975 1311//4975 1310//4975
f 5998//4944 5999//4944 1310//4944 1309//4944
f 5997//4943 5998//4943 1309//4943 1308//4943
f 5996//4942 5997//4942 1308//4942 1307//4942
f 5995//4941 5996//4941 1307//4941 1306//4941
f 1361//4974 5995//4974 1306//4974 91//4974
f 1360//4974 5988//4974 5995//4974 1361//4974
f 1359//5025 5981//5025 5988//5025 1360//5025
f 1358//5026 5974//5026 5981//5026 1359//5026
f 1357//4974 5967//4974 5974//4974 1358//4974
f 1356//4974 5960//4974 5967//4974 1357//4974
f 1355//4974 5953//4974 5960//4974 1356//4974
f 6002//5005 6003//5005 6010//5005 6009//5005
f 6003//4807 6004//4807 6011//4807 6010//4807
f 6004//5003 6005//5003 6012//5003 6011//5003
f 6005//4809 6006//4809 6013//4809 6012//4809
f 6006//4810 6007//4810 6014//4810 6013//4810
f 6007//4811 6008//4811 6015//4811 6014//4811
f 6009//4806 6010//4806 6017//4806 6016//4806
f 6010//5027 6011//5027 6018//5027 6017//5027
f 6011//4808 6012//4808 6019//4808 6018//4808
f 6012//4809 6013//4809 6020//4809 6019//4809
f 6013//4810 6014//4810 6021//4810 6020//4810
f 6014//4811 6015//4811 6022//4811 6021//4811
f 6016//4996 6017//4996 6024//4996 6023//4996
f 6017//4807 6018//4807 6025//4807 6024//4807
f 6018//5003 6019//5003 6026//5003 6025//5003
f 6019//4997 6020//4997 6027//4997 6026//4997
f 6020//4810 6021//4810 6028//4810 6027//4810
f 6021//4811 6022//4811 6029//4811 6028//4811
f 6023//4806 6024//4806 6031//4806 6030//4806
f 6024//4807 6025//4807 6032//4807 6031//4807
f 6025//4808 6026//4808 6033//4808 6032//4808
f 6026//4809 6027//4809 6034//4809 6033//4809
f 6027//4810 6028//4810 6035//4810 6034//4810
f 6028//4811 6029//4811 6036//4811 6035//4811
f 6030//4996 6031//4996 6038//4996 6037//4996
f 6031//4807 6032//4807 6039//4807 6038//4807
f 6032//5003 6033//5003 6040//5003 6039//5003
f 6033//4997 6034//4997 6041//4997 6040//4997
f 6034//4810 6035//4810 6042//4810 6041//4810
f 6035//4999 6036//4999 6043//4999 6042//4999
f 6037//5000 6038//5000 6045//5000 6044//5000
f 6038//4807 6039//4807 6046//4807 6045//4807
f 6039//4808 6040//4808 6047//4808 6046//4808
f 6040//4809 6041//4809 6048//4809 6047//4809
f 6041//4810 6042//4810 6049//4810 6048//4810
f 6042//5004 6043//5004 6050//5004 6049//5004
f 96//4805 1376//4805 6002//4805 1375//4805
f 1376//4996 1377//4996 6003//4996 6002//4996
f 1377//4807 1378//4807 6004//4807 6003//4807
f 1378//4808 1379//4808 6005//4808 6004//4808
f 1379//4997 1380//4997 6006//4997 6005//4997
f 1380//4810 1381//4810 6007//4810 6006//4810
f 1381//5006 1382//5006 6008//5006 6007//5006
f 1382//4812 97//4812 1383//4812 6008//4812
f 6008//5028 1383//5028 1384//5028 6015//5028
f 6015//5029 1384//5029 1385//5029 6022//5029
f 6022//4812 1385//4812 1386//4812 6029//4812
f 6029//5008 1386//5008 1387//5008 6036//5008
f 6036//5008 1387//5008 1388//5008 6043//5008
f 6043//4812 1388//4812 1389//4812 6050//4812
f 6050//5008 1389//5008 93//5008 1326//5008
f 6049//5004 6050//5004 1326//5004 1325//5004
f 6048//4810 6049//4810 1325//4810 1324//4810
f 6047//4809 6048//4809 1324//4809 1323//4809
f 6046//4808 6047//4808 1323//4808 1322//4808
f 6045//4807 6046//4807 1322//4807 1321//4807
f 6044//4996 6045//4996 1321//4996 1320//4996
f 1369//4805 6044//4805 1320//4805 92//4805
f 1370//5030 6037//5030 6044//5030 1369//5030
f 1371//5007 6030//5007 6037//5007 1370//5007
f 1372//5030 6023//5030 6030//5030 1371//5030
f 1373//4805 6016//4805 6023//4805 1372//4805
f 1374//5031 6009//5031 6016//5031 1373//5031
f 1375//5007 6002//5007 6009//5007 1374//5007
f 6051//4867 6052//4867 6059//4867 6058//4867
f 6052//4868 6053//4868 6060//4868 6059//4868
f 6053//5010 6054//5010 6061//5010 6060//5010
f 6054//4836 6055//4836 6062//4836 6061//4836
f 6055//4837 6056//4837 6063//4837 6062//4837
f 6056//4838 6057//4838 6064//4838 6063//4838
f 6058//4833 6059//4833 6066//4833 6065//4833
f 6059//4868 6060//4868 6067//4868 6066//4868
f 6060//4835 6061//4835 6068//4835 6067//4835
f 6061//4836 6062//4836 6069//4836 6068//4836
f 6062//4837 6063//4837 6070//4837 6069//4837
f 6063//4838 6064//4838 6071//4838 6070//4838
f 6065//4833 6066//4833 6073//4833 6072//4833
f 6066//4868 6067//4868 6074//4868 6073//4868
f 6067//5010 6068//5010 6075//5010 6074//5010
f 6068//4836 6069//4836 6076//4836 6075//4836
f 6069//4837 6070//4837 6077//4837 6076//4837
f 6070//4838 6071//4838 6078//4838 6077//4838
f 6072//4833 6073//4833 6080//4833 6079//4833
f 6073//4868 6074//4868 6081//4868 6080//4868
f 6074//5010 6075//5010 6082//5010 6081//5010
f 6075//4836 6076//4836 6083//4836 6082//4836
f 6076//5009 6077//5009 6084//5009 6083//5009
f 6077//4838 6078//4838 6085//4838 6084//4838
f 6079//4833 6080//4833 6087//4833 6086//4833
f 6080//4868 6081//4868 6088//4868 6087//4868
f 6081//4835 6082//4835 6089//4835 6088//4835
f 6082//4836 6083//4836 6090//4836 6089//4836
f 6083//5009 6084//5009 6091//5009 6090//5009
f 6084//4838 6085//4838 6092//4838 6091//4838
f 6086//4833 6087//4833 6094//4833 6093//4833
f 6087//4868 6088//4868 6095//4868 6094//4868
f 6088//5010 6089//5010 6096//5010 6095//5010
f 6089//4836 6090//4836 6097//4836 6096//4836
f 6090//5009 6091//5009 6098//5009 6097//5009
f 6091//4838 6092//4838 6099//4838 6098//4838
f 97//4866 1390//4866 6051//4866 1383//4866
f 1390//4833 1391//4833 6052//4833 6051//4833
f 1391//4868 1392//4868 6053//4868 6052//4868
f 1392//4835 1393//4835 6054//4835 6053//4835
f 1393//4836 1394//4836 6055//4836 6054//4836
f 1394//5009 1395//5009 6056//5009 6055//5009
f 1395//4838 1396//4838 6057//4838 6056//4838
f 1396//5011 98//5011 1397//5011 6057//5011
f 6057//5032 1397//5032 1398//5032 6064//5032
f 6064//4869 1398//4869 1399//4869 6071//4869
f 6071//4869 1399//4869 1400//4869 6078//4869
f 6078//5032 1400//5032 1401//5032 6085//5032
f 6085//4869 1401//4869 1402//4869 6092//4869
f 6092//4869 1402//4869 1403//4869 6099//4869
f 6099//5032 1403//5032 94//5032 1340//5032
f 6098//4838 6099//4838 1340//4838 1339//4838
f 6097//5009 6098//5009 1339//5009 1338//5009
f 6096//4836 6097//4836 1338//4836 1337//4836
f 6095//4835 6096//4835 1337//4835 1336//4835
f 6094//4868 6095//4868 1336//4868 1335//4868
f 6093//4833 6094//4833 1335//4833 1334//4833
f 1389//4866 6093//4866 1334//4866 93//4866
f 1388//4866 6086//4866 6093//4866 1389//4866
f 1387//4866 6079//4866 6086//4866 1388//4866
f 1386//4866 6072//4866 6079//4866 1387//4866
f 1385//4866 6065//4866 6072//4866 1386//4866
f 1384//4866 6058//4866 6065//4866 1385//4866
f 1383//4866 6051//4866 6058//4866 1384//4866
f 6100//4888 6101//4888 6108//4888 6107//4888
f 6101//5033 6102//5033 6109//5033 6108//5033
f 6102//4890 6103//4890 6110//4890 6109//4890
f 6103//4891 6104//4891 6111//4891 6110//4891
f 6104//5021 6105//5021 6112//5021 6111//5021
f 6105//4893 6106//4893 6113//4893 6112//4893
f 6107//4888 6108//4888 6115//4888 6114//4888
f 6108//4889 6109//4889 6116//4889 6115//4889
f 6109//4890 6110//4890 6117//4890 6116//4890
f 6110//4891 6111//4891 6118//4891 6117//4891
f 6111//4922 6112//4922 6119//4922 6118//4922
f 6112//5019 6113//5019 6120//5019 6119//5019
f 6114//4888 6115//4888 6122//4888 6121//4888
f 6115//4921 6116//4921 6123//4921 6122//4921
f 6116//4890 6117//4890 6124//4890 6123//4890
f 6117//4891 6118//4891 6125//4891 6124//4891
f 6118//4922 6119//4922 6126//4922 6125//4922
f 6119//5019 6120//5019 6127//5019 6126//5019
f 6121//5018 6122//5018 6129//5018 6128//5018
f 6122//4921 6123//4921 6130//4921 6129//4921
f 6123//4890 6124//4890 6131//4890 6130//4890
f 6124//5034 6125//5034 6132//5034 6131//5034
f 6125//4922 6126//4922 6133//4922 6132//4922
f 6126//5017 6127//5017 6134//5017 6133//5017
f 6128//4888 6129//4888 6136//4888 6135//4888
f 6129//4921 6130//4921 6137//4921 6136//4921
f 6130//4890 6131//4890 6138//4890 6137//4890
f 6131//4891 6132//4891 6139//4891 6138//4891
f 6132//4922 6133//4922 6140//4922 6139//4922
f 6133//4893 6134//4893 6141//4893 6140//4893
f 6135//5015 6136//5015 6143//5015 6142//5015
f 6136//4921 6137//4921 6144//4921 6143//4921
f 6137//4890 6138//4890 6145//4890 6144//4890
f 6138//4891 6139//4891 6146//4891 6145//4891
f 6139//4922 6140//4922 6147//4922 6146//4922
f 6140//5035 6141//5035 6148//5035 6147//5035
f 98//5020 1404//5020 6100//5020 1397//5020
f 1404//4888 1405//4888 6101//4888 6100//4888
f 1405//4921 1406//4921 6102//4921 6101//4921
f 1406//5036 1407//5036 6103//5036 6102//5036
f 1407//5034 1408//5034 6104//5034 6103//5034
f 1408//4922 1409//4922 6105//4922 6104//4922
f 1409//4893 1410//4893 6106//4893 6105//4893
f 1410//5037 99//5037 1411//5037 6106//5037
f 6106//4923 1411//4923 1412//4923 6113//4923
f 6113//5037 1412//5037 1413//5037 6120//5037
f 6120//4923 1413//4923 1414//4923 6127//4923
f 6127//4923 1414//4923 1415//4923 6134//4923
f 6134//4923 1415//4923 1416//4923 6141//4923
f 6141//4923 1416//4923 1417//4923 6148//4923
f 6148//4923 1417//4923 95//4923 1354//4923
f 6147//5017 6148//5017 1354//5017 1353//5017
f 6146//4922 6147//4922 1353//4922 1352//4922
f 6145//4891 6146//4891 1352//4891 1351//4891
f 6144//4890 6145//4890 1351//4890 1350//4890
f 6143//4921 6144//4921 1350//4921 1349//4921
f 6142//5018 6143//5018 1349//5018 1348//5018
f 1403//4920 6142//4920 1348//4920 94//4920
f 1402//4920 6135//4920 6142//4920 1403//4920
f 1401//4920 6128//4920 6135//4920 1402//4920
f 1400//4920 6121//4920 6128//4920 1401//4920
f 1399//4920 6114//4920 6121//4920 1400//4920
f 1398//5022 6107//5022 6114//5022 1399//5022
f 1397//4920 6100//4920 6107//4920 1398//4920
f 6149//4941 6150//4941 6157//4941 6156//4941
f 6150//4942 6151//4942 6158//4942 6157//4942
f 6151//4943 6152//4943 6159//4943 6158//4943
f 6152//5024 6153//5024 6160//5024 6159//5024
f 6153//4975 6154//4975 6161//4975 6160//4975
f 6154//4976 6155//4976 6162//4976 6161//4976
f 6156//4941 6157//4941 6164//4941 6163//4941
f 6157//4942 6158//4942 6165//4942 6164//4942
f 6158//4943 6159//4943 6166//4943 6165//4943
f 6159//4944 6160//4944 6167//4944 6166//4944
f 6160//4975 6161//4975 6168//4975 6167//4975
f 6161//4946 6162//4946 6169//4946 6168//4946
f 6163//4941 6164//4941 6171//4941 6170//4941
f 6164//5023 6165//5023 6172//5023 6171//5023
f 6165//4943 6166//4943 6173//4943 6172//4943
f 6166//5024 6167//5024 6174//5024 6173//5024
f 6167//4975 6168//4975 6175//4975 6174//4975
f 6168//4946 6169//4946 6176//4946 6175//4946
f 6170//4941 6171//4941 6178//4941 6177//4941
f 6171//4942 6172//4942 6179//4942 6178//4942
f 6172//4943 6173//4943 6180//4943 6179//4943
f 6173//5024 6174//5024 6181//5024 6180//5024
f 6174//4975 6175//4975 6182//4975 6181//4975
f 6175//4946 6176//4946 6183//4946 6182//4946
f 6177//4941 6178//4941 6185//4941 6184//4941
f 6178//4942 6179//4942 6186//4942 6185//4942
f 6179//4943 6180//4943 6187//4943 6186//4943
f 6180//4944 6181//4944 6188//4944 6187//4944
f 6181//4975 6182//4975 6189//4975 6188//4975
f 6182//4976 6183//4976 6190//4976 6189//4976
f 6184//4941 6185//4941 6192//4941 6191//4941
f 6185//4942 6186//4942 6193//4942 6192//4942
f 6186//4943 6187//4943 6194//4943 6193//4943
f 6187//5024 6188//5024 6195//5024 6194//5024
f 6188//4975 6189//4975 6196//4975 6195//4975
f 6189//4946 6190//4946 6197//4946 6196//4946
f 99//5026 1418//5026 6149//5026 1411//5026
f 1418//4941 1419//4941 6150//4941 6149//4941
f 1419//5023 1420//5023 6151//5023 6150//5023
f 1420//4943 1421//4943 6152//4943 6151//4943
f 1421//4944 1422//4944 6153//4944 6152//4944
f 1422//4975 1423//4975 6154//4975 6153//4975
f 1423//4946 1424//4946 6155//4946 6154//4946
f 1424//4977 96//4977 1375//4977 6155//4977
f 6155//4977 1375//4977 1374//4977 6162//4977
f 6162//4977 1374//4977 1373//4977 6169//4977
f 6169//4977 1373//4977 1372//4977 6176//4977
f 6176//4977 1372//4977 1371//4977 6183//4977
f 6183//4977 1371//4977 1370//4977 6190//4977
f 6190//4977 1370//4977 1369//4977 6197//4977
f 6197//4977 1369//4977 92//4977 1368//4977
f 6196//4976 6197//4976 1368//4976 1367//4976
f 6195//4975 6196//4975 1367//4975 1366//4975
f 6194//5024 6195//5024 1366//5024 1365//5024
f 6193//4943 6194//4943 1365//4943 1364//4943
f 6192//5023 6193//5023 1364//5023 1363//5023
f 6191//4941 6192//4941 1363//4941 1362//4941
f 1417//4974 6191//4974 1362//4974 95//4974
f 1416//5025 6184//5025 6191//5025 1417//5025
f 1415//5025 6177//5025 6184//5025 1416//5025
f 1414//4974 6170//4974 6177//4974 1415//4974
f 1413//4974 6163//4974 6170//4974 1414//4974
f 1412//4974 6156//4974 6163//4974 1413//4974
f 1411//5038 6149//5038 6156//5038 1412//5038
f 6198//5005 6199//5005 6206//5005 6205//5005
f 6199//4807 6200//4807 6207//4807 6206//4807
f 6200//5039 6201//5039 6208//5039 6207//5039
f 6201//5040 6202//5040 6209//5040 6208//5040
f 6202//4810 6203//4810 6210//4810 6209//4810
f 6203//5006 6204//5006 6211//5006 6210//5006
f 6205//4996 6206//4996 6213//4996 6212//4996
f 6206//5041 6207//5041 6214//5041 6213//5041
f 6207//4808 6208//4808 6215//4808 6214//4808
f 6208//4809 6209//4809 6216//4809 6215//4809
f 6209//4810 6210//4810 6217//4810 6216//4810
f 6210//5004 6211//5004 6218//5004 6217//5004
f 6212//4996 6213//4996 6220//4996 6219//4996
f 6213//4807 6214//4807 6221//4807 6220//4807
f 6214//5003 6215//5003 6222//5003 6221//5003
f 6215//4997 6216//4997 6223//4997 6222//4997
f 6216//4810 6217//4810 6224//4810 6223//4810
f 6217//4811 6218//4811 6225//4811 6224//4811
f 6219//5005 6220//5005 6227//5005 6226//5005
f 6220//4807 6221//4807 6228//4807 6227//4807
f 6221//4808 6222//4808 6229//4808 6228//4808
f 6222//4809 6223//4809 6230//4809 6229//4809
f 6223//4810 6224//4810 6231//4810 6230//4810
f 6224//5006 6225//5006 6232//5006 6231//5006
f 6226//5005 6227//5005 6234//5005 6233//5005
f 6227//4807 6228//4807 6235//4807 6234//4807
f 6228//4808 6229//4808 6236//4808 6235//4808
f 6229//4997 6230//4997 6237//4997 6236//4997
f 6230//4810 6231//4810 6238//4810 6237//4810
f 6231//4811 6232//4811 6239//4811 6238//4811
f 6233//4806 6234//4806 6241//4806 6240//4806
f 6234//4807 6235//4807 6242//4807 6241//4807
f 6235//5003 6236//5003 6243//5003 6242//5003
f 6236//4997 6237//4997 6244//4997 6243//4997
f 6237//4810 6238//4810 6245//4810 6244//4810
f 6238//5006 6239//5006 6246//5006 6245//5006
f 100//4805 1432//4805 6198//4805 1431//4805
f 1432//4996 1433//4996 6199//4996 6198//4996
f 1433//4807 1434//4807 6200//4807 6199//4807
f 1434//4808 1435//4808 6201//4808 6200//4808
f 1435//4809 1436//4809 6202//4809 6201//4809
f 1436//4810 1437//4810 6203//4810 6202//4810
f 1437//4811 1438//4811 6204//4811 6203//4811
f 1438//4812 101//4812 1439//4812 6204//4812
f 6204//5008 1439//5008 1440//5008 6211//5008
f 6211//5029 1440//5029 1441//5029 6218//5029
f 6218//4812 1441//4812 1442//4812 6225//4812
f 6225//4812 1442//4812 1443//4812 6232//4812
f 6232//5008 1443//5008 1444//5008 6239//5008
f 6239//5008 1444//5008 1445//5008 6246//5008
f 6246//5008 1445//5008 97//5008 1382//5008
f 6245//4811 6246//4811 1382//4811 1381//4811
f 6244//4810 6245//4810 1381//4810 1380//4810
f 6243//4809 6244//4809 1380//4809 1379//4809
f 6242//4808 6243//4808 1379//4808 1378//4808
f 6241//4807 6242//4807 1378//4807 1377//4807
f 6240//4806 6241//4806 1377//4806 1376//4806
f 1425//5007 6240//5007 1376//5007 96//5007
f 1426//5031 6233//5031 6240//5031 1425//5031
f 1427//5007 6226//5007 6233//5007 1426//5007
f 1428//5007 6219//5007 6226//5007 1427//5007
f 1429//4805 6212//4805 6219//4805 1428//4805
f 1430//4805 6205//4805 6212//4805 1429//4805
f 1431//5007 6198//5007 6205//5007 1430//5007
f 6247//4833 6248//4833 6255//4833 6254//4833
f 6248//4868 6249//4868 6256//4868 6255//4868
f 6249//4835 6250//4835 6257//4835 6256//4835
f 6250//4836 6251//4836 6258//4836 6257//4836
f 6251//4837 6252//4837 6259//4837 6258//4837
f 6252//4838 6253//4838 6260//4838 6259//4838
f 6254//4867 6255//4867 6262//4867 6261//4867
f 6255//4868 6256//4868 6263//4868 6262//4868
f 6256//5010 6257//5010 6264//5010 6263//5010
f 6257//4836 6258//4836 6265//4836 6264//4836
f 6258//5009 6259//5009 6266//5009 6265//5009
f 6259//4838 6260//4838 6267//4838 6266//4838
f 6261//4833 6262//4833 6269//4833 6268//4833
f 6262//4868 6263//4868 6270//4868 6269//4868
f 6263//4835 6264//4835 6271//4835 6270//4835
f 6264//4836 6265//4836 6272//4836 6271//4836
f 6265//5009 6266//5009 6273//5009 6272//5009
f 6266//4838 6267//4838 6274//4838 6273//4838
f 6268//4833 6269//4833 6276//4833 6275//4833
f 6269//4868 6270//4868 6277//4868 6276//4868
f 6270//5010 6271//5010 6278//5010 6277//5010
f 6271//4836 6272//4836 6279//4836 6278//4836
f 6272//4837 6273//4837 6280//4837 6279//4837
f 6273//4838 6274//4838 6281//4838 6280//4838
f 6275//4867 6276//4867 6283//4867 6282//4867
f 6276//4868 6277//4868 6284//4868 6283//4868
f 6277//5010 6278//5010 6285//5010 6284//5010
f 6278//4836 6279//4836 6286//4836 6285//4836
f 6279//4837 6280//4837 6287//4837 6286//4837
f 6280//4838 6281//4838 6288//4838 6287//4838
f 6282//4833 6283//4833 6290//4833 6289//4833
f 6283//4868 6284//4868 6291//4868 6290//4868
f 6284//4835 6285//4835 6292//4835 6291//4835
f 6285//4836 6286//4836 6293//4836 6292//4836
f 6286//4837 6287//4837 6294//4837 6293//4837
f 6287//4838 6288//4838 6295//4838 6294//4838
f 101//4866 1446//4866 6247//4866 1439//4866
f 1446//4867 1447//4867 6248//4867 6247//4867
f 1447//4868 1448//4868 6249//4868 6248//4868
f 1448//4835 1449//4835 6250//4835 6249//4835
f 1449//4836 1450//4836 6251//4836 6250//4836
f 1450//4837 1451//4837 6252//4837 6251//4837
f 1451//4838 1452//4838 6253//4838 6252//4838
f 1452//5042 102//5042 1453//5042 6253//5042
f 6253//4869 1453//4869 1454//4869 6260//4869
f 6260//4869 1454//4869 1455//4869 6267//4869
f 6267//4869 1455//4869 1456//4869 6274//4869
f 6274//5032 1456//5032 1457//5032 6281//5032
f 6281//4869 1457//4869 1458//4869 6288//4869
f 6288//5032 1458//5032 1459//5032 6295//5032
f 6295//5011 1459//5011 98//5011 1396//5011
f 6294//4838 6295//4838 1396//4838 1395//4838
f 6293//5009 6294//5009 1395//5009 1394//5009
f 6292//4836 6293//4836 1394//4836 1393//4836
f 6291//5010 6292//5010 1393//5010 1392//5010
f 6290//4868 6291//4868 1392//4868 1391//4868
f 6289//4833 6290//4833 1391//4833 1390//4833
f 1445//4866 6289//4866 1390//4866 97//4866
f 1444//4866 6282//4866 6289//4866 1445//4866
f 1443//4866 6275//4866 6282//4866 1444//4866
f 1442//4866 6268//4866 6275//4866 1443//4866
f 1441//4866 6261//4866 6268//4866 1442//4866
f 1440//4866 6254//4866 6261//4866 1441//4866
f 1439//4866 6247//4866 6254//4866 1440//4866
f 6296//5018 6297//5018 6304//5018 6303//5018
f 6297//4889 6298//4889 6305//4889 6304//4889
f 6298//4890 6299//4890 6306//4890 6305//4890
f 6299//4891 6300//4891 6307//4891 6306//4891
f 6300//4892 6301//4892 6308//4892 6307//4892
f 6301//5019 6302//5019 6309//5019 6308//5019
f 6303//4888 6304//4888 6311//4888 6310//4888
f 6304//5016 6305//5016 6312//5016 6311//5016
f 6305//4890 6306//4890 6313//4890 6312//4890
f 6306//4891 6307//4891 6314//4891 6313//4891
f 6307//5014 6308//5014 6315//5014 6314//5014
f 6308//4893 6309//4893 6316//4893 6315//4893
f 6310//5018 6311//5018 6318//5018 6317//5018
f 6311//4921 6312//4921 6319//4921 6318//4921
f 6312//4890 6313//4890 6320//4890 6319//4890
f 6313//4891 6314//4891 6321//4891 6320//4891
f 6314//5014 6315//5014 6322//5014 6321//5014
f 6315//4893 6316//4893 6323//4893 6322//4893
f 6317//4888 6318//4888 6325//4888 6324//4888
f 6318//4889 6319//4889 6326//4889 6325//4889
f 6319//4890 6320//4890 6327//4890 6326//4890
f 6320//4891 6321//4891 6328//4891 6327//4891
f 6321//4922 6322//4922 6329//4922 6328//4922
f 6322//4893 6323//4893 6330//4893 6329//4893
f 6324//5018 6325//5018 6332//5018 6331//5018
f 6325//4921 6326//4921 6333//4921 6332//4921
f 6326//4890 6327//4890 6334//4890 6333//4890
f 6327//4891 6328//4891 6335//4891 6334//4891
f 6328//5014 6329//5014 6336//5014 6335//5014
f 6329//4893 6330//4893 6337//4893 6336//4893
f 6331//4888 6332//4888 6339//4888 6338//4888
f 6332//4921 6333//4921 6340//4921 6339//4921
f 6333//4890 6334//4890 6341//4890 6340//4890
f 6334//4891 6335//4891 6342//4891 6341//4891
f 6335//4922 6336//4922 6343//4922 6342//4922
f 6336//4893 6337//4893 6344//4893 6343//4893
f 102//4920 1460//4920 6296//4920 1453//4920
f 1460//5018 1461//5018 6297//5018 6296//5018
f 1461//4921 1462//4921 6298//4921 6297//4921
f 1462//4890 1463//4890 6299//4890 6298//4890
f 1463//4891 1464//4891 6300//4891 6299//4891
f 1464//4922 1465//4922 6301//4922 6300//4922
f 1465//4893 1466//4893 6302//4893 6301//4893
f 1466//5037 103//5037 1467//5037 6302//5037
f 6302//5037 1467//5037 1468//5037 6309//5037
f 6309//4923 1468//4923 1469//4923 6316//4923
f 6316//4923 1469//4923 1470//4923 6323//4923
f 6323//4923 1470//4923 1471//4923 6330//4923
f 6330//4923 1471//4923 1472//4923 6337//4923
f 6337//4923 1472//4923 1473//4923 6344//4923
f 6344//5037 1473//5037 99//5037 1410//5037
f 6343//5019 6344//5019 1410//5019 1409//5019
f 6342//4922 6343//4922 1409//4922 1408//4922
f 6341//4891 6342//4891 1408//4891 1407//4891
f 6340//4890 6341//4890 1407//4890 1406//4890
f 6339//4921 6340//4921 1406//4921 1405//4921
f 6338//5018 6339//5018 1405//5018 1404//5018
f 1459//4920 6338//4920 1404//4920 98//4920
f 1458//4920 6331//4920 6338//4920 1459//4920
f 1457//4920 6324//4920 6331//4920 1458//4920
f 1456//4920 6317//4920 6324//4920 1457//4920
f 1455//4920 6310//4920 6317//4920 1456//4920
f 1454//4920 6303//4920 6310//4920 1455//4920
f 1453//4920 6296//4920 6303//4920 1454//4920
f 6345//4941 6346//4941 6353//4941 6352//4941
f 6346//4942 6347//4942 6354//4942 6353//4942
f 6347//4943 6348//4943 6355//4943 6354//4943
f 6348//4944 6349//4944 6356//4944 6355//4944
f 6349//4975 6350//4975 6357//4975 6356//4975
f 6350//4946 6351//4946 6358//4946 6357//4946
f 6352//4941 6353//4941 6360//4941 6359//4941
f 6353//4942 6354//4942 6361//4942 6360//4942
f 6354//4943 6355//4943 6362//4943 6361//4943
f 6355//5024 6356//5024 6363//5024 6362//5024
f 6356//4975 6357//4975 6364//4975 6363//4975
f 6357//4976 6358//4976 6365//4976 6364//4976
f 6359//4941 6360//4941 6367//4941 6366//4941
f 6360//4942 6361//4942 6368//4942 6367//4942
f 6361//4943 6362//4943 6369//4943 6368//4943
f 6362//4944 6363//4944 6370//4944 6369//4944
f 6363//4975 6364//4975 6371//4975 6370//4975
f 6364//4946 6365//4946 6372//4946 6371//4946
f 6366//5043 6367//5043 6374//5043 6373//5043
f 6367//4942 6368//4942 6375//4942 6374//4942
f 6368//4943 6369//4943 6376//4943 6375//4943
f 6369//5024 6370//5024 6377//5024 6376//5024
f 6370//4975 6371//4975 6378//4975 6377//4975
f 6371//4946 6372//4946 6379//4946 6378//4946
f 6373//4941 6374//4941 6381//4941 6380//4941
f 6374//5023 6375//5023 6382//5023 6381//5023
f 6375//4943 6376//4943 6383//4943 6382//4943
f 6376//5024 6377//5024 6384//5024 6383//5024
f 6377//4975 6378//4975 6385//4975 6384//4975
f 6378//4976 6379//4976 6386//4976 6385//4976
f 6380//4941 6381//4941 6388//4941 6387//4941
f 6381//4942 6382//4942 6389//4942 6388//4942
f 6382//4943 6383//4943 6390//4943 6389//4943
f 6383//5024 6384//5024 6391//5024 6390//5024
f 6384//4975 6385//4975 6392//4975 6391//4975
f 6385//4976 6386//4976 6393//4976 6392//4976
f 103//5026 1474//5026 6345//5026 1467//5026
f 1474//4941 1475//4941 6346//4941 6345//4941
f 1475//4942 1476//4942 6347//4942 6346//4942
f 1476//4943 1477//4943 6348//4943 6347//4943
f 1477//5024 1478//5024 6349//5024 6348//5024
f 1478//4975 1479//4975 6350//4975 6349//4975
f 1479//4946 1480//4946 6351//4946 6350//4946
f 1480//4977 100//4977 1431//4977 6351//4977
f 6351//4977 1431//4977 1430//4977 6358//4977
f 6358//4977 1430//4977 1429//4977 6365//4977
f 6365//4977 1429//4977 1428//4977 6372//4977
f 6372//4977 1428//4977 1427//4977 6379//4977
f 6379//4977 1427//4977 1426//4977 6386//4977
f 6386//4977 1426//4977 1425//4977 6393//4977
f 6393//4977 1425//4977 96//4977 1424//4977
f 6392//4976 6393//4976 1424//4976 1423//4976
f 6391//4975 6392//4975 1423//4975 1422//4975
f 6390//5024 6391//5024 1422//5024 1421//5024
f 6389//4943 6390//4943 1421//4943 1420//4943
f 6388//4942 6389//4942 1420//4942 1419//4942
f 6387//4941 6388//4941 1419//4941 1418//4941
f 1473//4974 6387//4974 1418//4974 99//4974
f 1472//5025 6380//5025 6387//5025 1473//5025
f 1471//4974 6373//4974 6380//4974 1472//4974
f 1470//5025 6366//5025 6373//5025 1471//5025
f 1469//4974 6359//4974 6366//4974 1470//4974
f 1468//4974 6352//4974 6359//4974 1469//4974
f 1467//5025 6345//5025 6352//5025 1468//5025
f 6394//4996 6395//4996 6402//4996 6401//4996
f 6395//4807 6396//4807 6403//4807 6402//4807
f 6396//5039 6397//5039 6404//5039 6403//5039
f 6397//4997 6398//4997 6405//4997 6404//4997
f 6398//4810 6399//4810 6406//4810 6405//4810
f 6399//5004 6400//5004 6407//5004 6406//5004
f 6401//4996 6402//4996 6409//4996 6408//4996
f 6402//4807 6403//4807 6410//4807 6409//4807
f 6403//4808 6404//4808 6411//4808 6410//4808
f 6404//4809 6405//4809 6412//4809 6411//4809
f 6405//4810 6406//4810 6413//4810 6412//4810
f 6406//5004 6407//5004 6414//5004 6413//5004
f 6408//4996 6409//4996 6416//4996 6415//4996
f 6409//4807 6410//4807 6417//4807 6416//4807
f 6410//5039 6411//5039 6418//5039 6417//5039
f 6411//5040 6412//5040 6419//5040 6418//5040
f 6412//4810 6413//4810 6420//4810 6419//4810
f 6413//5004 6414//5004 6421//5004 6420//5004
f 6415//5005 6416//5005 6423//5005 6422//5005
f 6416//4807 6417//4807 6424//4807 6423//4807
f 6417//4808 6418//4808 6425//4808 6424//4808
f 6418//5002 6419//5002 6426//5002 6425//5002
f 6419//4810 6420//4810 6427//4810 6426//4810
f 6420//5004 6421//5004 6428//5004 6427//5004
f 6422//4806 6423//4806 6430//4806 6429//4806
f 6423//4807 6424//4807 6431//4807 6430//4807
f 6424//5039 6425//5039 6432//5039 6431//5039
f 6425//4997 6426//4997 6433//4997 6432//4997
f 6426//4810 6427//4810 6434//4810 6433//4810
f 6427//4811 6428//4811 6435//4811 6434//4811
f 6429//4996 6430//4996 6437//4996 6436//4996
f 6430//4807 6431//4807 6438//4807 6437//4807
f 6431//4808 6432//4808 6439//4808 6438//4808
f 6432//4809 6433//4809 6440//4809 6439//4809
f 6433//4810 6434//4810 6441//4810 6440//4810
f 6434//4811 6435//4811 6442//4811 6441//4811
f 104//4805 1488//4805 6394//4805 1487//4805
f 1488//4996 1489//4996 6395//4996 6394//4996
f 1489//4807 1490//4807 6396//4807 6395//4807
f 1490//5039 1491//5039 6397//5039 6396//5039
f 1491//5040 1492//5040 6398//5040 6397//5040
f 1492//4810 1493//4810 6399//4810 6398//4810
f 1493//4811 1494//4811 6400//4811 6399//4811
f 1494//5008 105//5008 1495//5008 6400//5008
f 6400//5028 1495//5028 1496//5028 6407//5028
f 6407//5029 1496//5029 1497//5029 6414//5029
f 6414//5008 1497//5008 1498//5008 6421//5008
f 6421//4812 1498//4812 1499//4812 6428//4812
f 6428//5008 1499//5008 1500//5008 6435//5008
f 6435//5008 1500//5008 1501//5008 6442//5008
f 6442//5029 1501//5029 101//5029 1438//5029
f 6441//4811 6442//4811 1438//4811 1437//4811
f 6440//4810 6441//4810 1437//4810 1436//4810
f 6439//4997 6440//4997 1436//4997 1435//4997
f 6438//5003 6439//5003 1435//5003 1434//5003
f 6437//4807 6438//4807 1434//4807 1433//4807
f 6436//4996 6437//4996 1433//4996 1432//4996
f 1481//4805 6436//4805 1432//4805 100//4805
f 1482//5007 6429//5007 6436//5007 1481//5007
f 1483//4805 6422//4805 6429//4805 1482//4805
f 1484//5007 6415//5007 6422//5007 1483//5007
f 1485//5007 6408//5007 6415//5007 1484//5007
f 1486//4805 6401//4805 6408//4805 1485//4805
f 1487//5007 6394//5007 6401//5007 1486//5007
f 6443//4867 6444//4867 6451//4867 6450//4867
f 6444//4868 6445//4868 6452//4868 6451//4868
f 6445//5010 6446//5010 6453//5010 6452//5010
f 6446//4836 6447//4836 6454//4836 6453//4836
f 6447//4837 6448//4837 6455//4837 6454//4837
f 6448//4838 6449//4838 6456//4838 6455//4838
f 6450//4833 6451//4833 6458//4833 6457//4833
f 6451//4868 6452//4868 6459//4868 6458//4868
f 6452//5010 6453//5010 6460//5010 6459//5010
f 6453//4836 6454//4836 6461//4836 6460//4836
f 6454//5009 6455//5009 6462//5009 6461//5009
f 6455//4838 6456//4838 6463//4838 6462//4838
f 6457//4833 6458//4833 6465//4833 6464//4833
f 6458//4868 6459//4868 6466//4868 6465//4868
f 6459//5010 6460//5010 6467//5010 6466//5010
f 6460//4836 6461//4836 6468//4836 6467//4836
f 6461//4837 6462//4837 6469//4837 6468//4837
f 6462//4838 6463//4838 6470//4838 6469//4838
f 6464//4833 6465//4833 6472//4833 6471//4833
f 6465//4868 6466//4868 6473//4868 6472//4868
f 6466//4835 6467//4835 6474//4835 6473//4835
f 6467//4836 6468//4836 6475//4836 6474//4836
f 6468//4837 6469//4837 6476//4837 6475//4837
f 6469//4838 6470//4838 6477//4838 6476//4838
f 6471//4833 6472//4833 6479//4833 6478//4833
f 6472//4868 6473//4868 6480//4868 6479//4868
f 6473//5010 6474//5010 6481//5010 6480//5010
f 6474//4836 6475//4836 6482//4836 6481//4836
f 6475//4837 6476//4837 6483//4837 6482//4837
f 6476//4838 6477//4838 6484//4838 6483//4838
f 6478//4833 6479//4833 6486//4833 6485//4833
f 6479//4868 6480//4868 6487//4868 6486//4868
f 6480//4835 6481//4835 6488//4835 6487//4835
f 6481//4836 6482//4836 6489//4836 6488//4836
f 6482//4837 6483//4837 6490//4837 6489//4837
f 6483//4838 6484//4838 6491//4838 6490//4838
f 105//4866 1502//4866 6443//4866 1495//4866
f 1502//4833 1503//4833 6444//4833 6443//4833
f 1503//4868 1504//4868 6445//4868 6444//4868
f 1504//5010 1505//5010 6446//5010 6445//5010
f 1505//4836 1506//4836 6447//4836 6446//4836
f 1506//5009 1507//5009 6448//5009 6447//5009
f 1507//4838 1508//4838 6449//4838 6448//4838
f 1508//5011 106//5011 1509//5011 6449//5011
f 6449//5011 1509//5011 1510//5011 6456//5011
f 6456//5044 1510//5044 1511//5044 6463//5044
f 6463//4869 1511//4869 1512//4869 6470//4869
f 6470//4869 1512//4869 1513//4869 6477//4869
f 6477//4869 1513//4869 1514//4869 6484//4869
f 6484//5011 1514//5011 1515//5011 6491//5011
f 6491//4869 1515//4869 102//4869 1452//4869
f 6490//4838 6491//4838 1452//4838 1451//4838
f 6489//5009 6490//5009 1451//5009 1450//5009
f 6488//4836 6489//4836 1450//4836 1449//4836
f 6487//5010 6488//5010 1449//5010 1448//5010
f 6486//4868 6487//4868 1448//4868 1447//4868
f 6485//4833 6486//4833 1447//4833 1446//4833
f 1501//4866 6485//4866 1446//4866 101//4866
f 1500//4866 6478//4866 6485//4866 1501//4866
f 1499//4866 6471//4866 6478//4866 1500//4866
f 1498//4866 6464//4866 6471//4866 1499//4866
f 1497//4866 6457//4866 6464//4866 1498//4866
f 1496//4866 6450//4866 6457//4866 1497//4866
f 1495//4866 6443//4866 6450//4866 1496//4866
f 6492//5015 6493//5015 6500//5015 6499//5015
f 6493//5016 6494//5016 6501//5016 6500//5016
f 6494//4890 6495//4890 6502//4890 6501//4890
f 6495//4891 6496//4891 6503//4891 6502//4891
f 6496//4922 6497//4922 6504//4922 6503//4922
f 6497//5017 6498//5017 6505//5017 6504//5017
f 6499//5045 6500//5045 6507//5045 6506//5045
f 6500//5016 6501//5016 6508//5016 6507//5016
f 6501//4890 6502//4890 6509//4890 6508//4890
f 6502//4891 6503//4891 6510//4891 6509//4891
f 6503//5014 6504//5014 6511//5014 6510//5014
f 6504//5017 6505//5017 6512//5017 6511//5017
f 6506//4888 6507//4888 6514//4888 6513//4888
f 6507//4895 6508//4895 6515//4895 6514//4895
f 6508//4890 6509//4890 6516//4890 6515//4890
f 6509//4891 6510//4891 6517//4891 6516//4891
f 6510//4892 6511//4892 6518//4892 6517//4892
f 6511//4893 6512//4893 6519//4893 6518//4893
f 6513//5015 6514//5015 6521//5015 6520//5015
f 6514//5016 6515//5016 6522//5016 6521//5016
f 6515//4890 6516//4890 6523//4890 6522//4890
f 6516//4891 6517//4891 6524//4891 6523//4891
f 6517//5014 6518//5014 6525//5014 6524//5014
f 6518//4893 6519//4893 6526//4893 6525//4893
f 6520//4888 6521//4888 6528//4888 6527//4888
f 6521//4921 6522//4921 6529//4921 6528//4921
f 6522//4890 6523//4890 6530//4890 6529//4890
f 6523//5034 6524//5034 6531//5034 6530//5034
f 6524//4922 6525//4922 6532//4922 6531//4922
f 6525//5035 6526//5035 6533//5035 6532//5035
f 6527//5018 6528//5018 6535//5018 6534//5018
f 6528//4921 6529//4921 6536//4921 6535//4921
f 6529//5036 6530//5036 6537//5036 6536//5036
f 6530//5034 6531//5034 6538//5034 6537//5034
f 6531//4922 6532//4922 6539//4922 6538//4922
f 6532//5035 6533//5035 6540//5035 6539//5035
f 106//4920 1516//4920 6492//4920 1509//4920
f 1516//5015 1517//5015 6493//5015 6492//5015
f 1517//4921 1518//4921 6494//4921 6493//4921
f 1518//4890 1519//4890 6495//4890 6494//4890
f 1519//4891 1520//4891 6496//4891 6495//4891
f 1520//5021 1521//5021 6497//5021 6496//5021
f 1521//4893 1522//4893 6498//4893 6497//4893
f 1522//5037 107//5037 1523//5037 6498//5037
f 6498//5037 1523//5037 1524//5037 6505//5037
f 6505//4923 1524//4923 1525//4923 6512//4923
f 6512//4923 1525//4923 1526//4923 6519//4923
f 6519//4923 1526//4923 1527//4923 6526//4923
f 6526//4923 1527//4923 1528//4923 6533//4923
f 6533//4923 1528//4923 1529//4923 6540//4923
f 6540//4923 1529//4923 103//4923 1466//4923
f 6539//4893 6540//4893 1466//4893 1465//4893
f 6538//4922 6539//4922 1465//4922 1464//4922
f 6537//5013 6538//5013 1464//5013 1463//5013
f 6536//5012 6537//5012 1463//5012 1462//5012
f 6535//4921 6536//4921 1462//4921 1461//4921
f 6534//4888 6535//4888 1461//4888 1460//4888
f 1515//5022 6534//5022 1460//5022 102//5022
f 1514//5022 6527//5022 6534//5022 1515//5022
f 1513//4920 6520//4920 6527//4920 1514//4920
f 1512//5022 6513//5022 6520//5022 1513//5022
f 1511//4920 6506//4920 6513//4920 1512//4920
f 1510//4920 6499//4920 6506//4920 1511//4920
f 1509//4920 6492//4920 6499//4920 1510//4920
f 6541//4941 6542//4941 6549//4941 6548//4941
f 6542//4942 6543//4942 6550//4942 6549//4942
f 6543//4943 6544//4943 6551//4943 6550//4943
f 6544//4944 6545//4944 6552//4944 6551//4944
f 6545//4975 6546//4975 6553//4975 6552//4975
f 6546//4976 6547//4976 6554//4976 6553//4976
f 6548//4941 6549//4941 6556//4941 6555//4941
f 6549//4942 6550//4942 6557//4942 6556//4942
f 6550//4943 6551//4943 6558//4943 6557//4943
f 6551//5024 6552//5024 6559//5024 6558//5024
f 6552//4975 6553//4975 6560//4975 6559//4975
f 6553//4946 6554//4946 6561//4946 6560//4946
f 6555//4941 6556//4941 6563//4941 6562//4941
f 6556//4942 6557//4942 6564//4942 6563//4942
f 6557//4943 6558//4943 6565//4943 6564//4943
f 6558//5024 6559//5024 6566//5024 6565//5024
f 6559//4975 6560//4975 6567//4975 6566//4975
f 6560//4946 6561//4946 6568//4946 6567//4946
f 6562//4941 6563//4941 6570//4941 6569//4941
f 6563//5023 6564//5023 6571//5023 6570//5023
f 6564//4943 6565//4943 6572//4943 6571//4943
f 6565//4944 6566//4944 6573//4944 6572//4944
f 6566//4975 6567//4975 6574//4975 6573//4975
f 6567//4976 6568//4976 6575//4976 6574//4976
f 6569//4941 6570//4941 6577//4941 6576//4941
f 6570//5023 6571//5023 6578//5023 6577//5023
f 6571//4943 6572//4943 6579//4943 6578//4943
f 6572//5024 6573//5024 6580//5024 6579//5024
f 6573//4975 6574//4975 6581//4975 6580//4975
f 6574//4946 6575//4946 6582//4946 6581//4946
f 6576//4941 6577//4941 6584//4941 6583//4941
f 6577//4942 6578//4942 6585//4942 6584//4942
f 6578//4943 6579//4943 6586//4943 6585//4943
f 6579//4944 6580//4944 6587//4944 6586//4944
f 6580//4975 6581//4975 6588//4975 6587//4975
f 6581//4976 6582//4976 6589//4976 6588//4976
f 107//5046 1530//5046 6541//5046 1523//5046
f 1530//4941 1531//4941 6542//4941 6541//4941
f 1531//4942 1532//4942 6543//4942 6542//4942
f 1532//4943 1533//4943 6544//4943 6543//4943
f 1533//4944 1534//4944 6545//4944 6544//4944
f 1534//4975 1535//4975 6546//4975 6545//4975
f 1535//4946 1536//4946 6547//4946 6546//4946
f 1536//4977 104//4977 1487//4977 6547//4977
f 6547//4977 1487//4977 1486//4977 6554//4977
f 6554//4977 1486//4977 1485//4977 6561//4977
f 6561//4977 1485//4977 1484//4977 6568//4977
f 6568//4977 1484//4977 1483//4977 6575//4977
f 6575//4977 1483//4977 1482//4977 6582//4977
f 6582//4977 1482//4977 1481//4977 6589//4977
f 6589//4977 1481//4977 100//4977 1480//4977
f 6588//4946 6589//4946 1480//4946 1479//4946
f 6587//4975 6588//4975 1479//4975 1478//4975
f 6586//5024 6587//5024 1478//5024 1477//5024
f 6585//4943 6586//4943 1477//4943 1476//4943
f 6584//5023 6585//5023 1476//5023 1475//5023
f 6583//4941 6584//4941 1475//4941 1474//4941
f 1529//4974 6583//4974 1474//4974 103//4974
f 1528//4974 6576//4974 6583//4974 1529//4974
f 1527//5025 6569//5025 6576//5025 1528//5025
f 1526//4974 6562//4974 6569//4974 1527//4974
f 1525//5025 6555//5025 6562//5025 1526//5025
f 1524//4974 6548//4974 6555//4974 1525//4974
f 1523//5026 6541//5026 6548//5026 1524//5026
f 6590//5047 6591//5047 6598//5047 6597//5047
f 6591//5048 6592//5048 6599//5048 6598//5048
f 6592//5049 6593//5049 6600//5049 6599//5049
f 6593//5050 6594//5050 6601//5050 6600//5050
f 6594//5051 6595//5051 6602//5051 6601//5051
f 6595//5052 6596//5052 6603//5052 6602//5052
f 6597//5053 6598//5053 6605//5053 6604//5053
f 6598//5054 6599//5054 6606//5054 6605//5054
f 6599//5055 6600//5055 6607//5055 6606//5055
f 6600//5056 6601//5056 6608//5056 6607//5056
f 6601//5057 6602//5057 6609//5057 6608//5057
f 6602//5058 6603//5058 6610//5058 6609//5058
f 6604//5059 6605//5059 6612//5059 6611//5059
f 6605//5060 6606//5060 6613//5060 6612//5060
f 6606//5061 6607//5061 6614//5061 6613//5061
f 6607//5062 6608//5062 6615//5062 6614//5062
f 6608//5063 6609//5063 6616//5063 6615//5063
f 6609//5064 6610//5064 6617//5064 6616//5064
f 6611//5065 6612//5065 6619//5065 6618//5065
f 6612//5066 6613//5066 6620//5066 6619//5066
f 6613//5067 6614//5067 6621//5067 6620//5067
f 6614//5068 6615//5068 6622//5068 6621//5068
f 6615//5069 6616//5069 6623//5069 6622//5069
f 6616//5070 6617//5070 6624//5070 6623//5070
f 6618//5071 6619//5071 6626//5071 6625//5071
f 6619//5072 6620//5072 6627//5072 6626//5072
f 6620//5073 6621//5073 6628//5073 6627//5073
f 6621//5074 6622//5074 6629//5074 6628//5074
f 6622//5075 6623//5075 6630//5075 6629//5075
f 6623//5076 6624//5076 6631//5076 6630//5076
f 6625//5077 6626//5077 6633//5077 6632//5077
f 6626//5078 6627//5078 6634//5078 6633//5078
f 6627//5079 6628//5079 6635//5079 6634//5079
f 6628//5080 6629//5080 6636//5080 6635//5080
f 6629//5081 6630//5081 6637//5081 6636//5081
f 6630//5082 6631//5082 6638//5082 6637//5082
f 40//5083 584//5083 6590//5083 1543//5083
f 584//5084 583//5084 6591//5084 6590//5084
f 583//5085 582//5085 6592//5085 6591//5085
f 582//5086 581//5086 6593//5086 6592//5086
f 581//5087 580//5087 6594//5087 6593//5087
f 580//5088 579//5088 6595//5088 6594//5088
f 579//5089 578//5089 6596//5089 6595//5089
f 578//5090 41//5090 1544//5090 6596//5090
f 6596//5091 1544//5091 1545//5091 6603//5091
f 6603//5092 1545//5092 1546//5092 6610//5092
f 6610//5093 1546//5093 1547//5093 6617//5093
f 6617//5094 1547//5094 1548//5094 6624//5094
f 6624//5095 1548//5095 1549//5095 6631//5095
f 6631//5096 1549//5096 1550//5096 6638//5096
f 6638//5097 1550//5097 105//5097 1494//5097
f 6637//5098 6638//5098 1494//5098 1493//5098
f 6636//5099 6637//5099 1493//5099 1492//5099
f 6635//5100 6636//5100 1492//5100 1491//5100
f 6634//5101 6635//5101 1491//5101 1490//5101
f 6633//5102 6634//5102 1490//5102 1489//5102
f 6632//5103 6633//5103 1489//5103 1488//5103
f 1537//5104 6632//5104 1488//5104 104//5104
f 1538//5105 6625//5105 6632//5105 1537//5105
f 1539//5106 6618//5106 6625//5106 1538//5106
f 1540//5107 6611//5107 6618//5107 1539//5107
f 1541//5108 6604//5108 6611//5108 1540//5108
f 1542//5109 6597//5109 6604//5109 1541//5109
f 1543//5110 6590//5110 6597//5110 1542//5110
f 6639//5111 6640//5111 6647//5111 6646//5111
f 6640//5112 6641//5112 6648//5112 6647//5112
f 6641//5113 6642//5113 6649//5113 6648//5113
f 6642//5114 6643//5114 6650//5114 6649//5114
f 6643//5115 6644//5115 6651//5115 6650//5115
f 6644//5116 6645//5116 6652//5116 6651//5116
f 6646//5117 6647//5117 6654//5117 6653//5117
f 6647//5118 6648//5118 6655//5118 6654//5118
f 6648//5119 6649//5119 6656//5119 6655//5119
f 6649//5120 6650//5120 6657//5120 6656//5120
f 6650//5121 6651//5121 6658//5121 6657//5121
f 6651//5122 6652//5122 6659//5122 6658//5122
f 6653//5123 6654//5123 6661//5123 6660//5123
f 6654//5124 6655//5124 6662//5124 6661//5124
f 6655//5125 6656//5125 6663//5125 6662//5125
f 6656//5126 6657//5126 6664//5126 6663//5126
f 6657//5127 6658//5127 6665//5127 6664//5127
f 6658//5128 6659//5128 6666//5128 6665//5128
f 6660//5129 6661//5129 6668//5129 6667//5129
f 6661//5130 6662//5130 6669//5130 6668//5130
f 6662//5131 6663//5131 6670//5131 6669//5131
f 6663//5132 6664//5132 6671//5132 6670//5132
f 6664//5133 6665//5133 6672//5133 6671//5133
f 6665//5134 6666//5134 6673//5134 6672//5134
f 6667//5135 6668//5135 6675//5135 6674//5135
f 6668//5136 6669//5136 6676//5136 6675//5136
f 6669//5137 6670//5137 6677//5137 6676//5137
f 6670//5138 6671//5138 6678//5138 6677//5138
f 6671//5139 6672//5139 6679//5139 6678//5139
f 6672//5140 6673//5140 6680//5140 6679//5140
f 6674//5141 6675//5141 6682//5141 6681//5141
f 6675//5142 6676//5142 6683//5142 6682//5142
f 6676//5143 6677//5143 6684//5143 6683//5143
f 6677//5144 6678//5144 6685//5144 6684//5144
f 6678//5145 6679//5145 6686//5145 6685//5145
f 6679//5146 6680//5146 6687//5146 6686//5146
f 41//5147 577//5147 6639//5147 1544//5147
f 577//5148 576//5148 6640//5148 6639//5148
f 576//5149 575//5149 6641//5149 6640//5149
f 575//5150 574//5150 6642//5150 6641//5150
f 574//5151 573//5151 6643//5151 6642//5151
f 573//5152 572//5152 6644//5152 6643//5152
f 572//5153 571//5153 6645//5153 6644//5153
f 571//5154 42//5154 1551//5154 6645//5154
f 6645//5155 1551//5155 1552//5155 6652//5155
f 6652//5156 1552//5156 1553//5156 6659//5156
f 6659//5157 1553//5157 1554//5157 6666//5157
f 6666//5158 1554//5158 1555//5158 6673//5158
f 6673//5159 1555//5159 1556//5159 6680//5159
f 6680//5160 1556//5160 1557//5160 6687//5160
f 6687//5161 1557//5161 106//5161 1508//5161
f 6686//5162 6687//5162 1508//5162 1507//5162
f 6685//5163 6686//5163 1507//5163 1506//5163
f 6684//5164 6685//5164 1506//5164 1505//5164
f 6683//5165 6684//5165 1505//5165 1504//5165
f 6682//5166 6683//5166 1504//5166 1503//5166
f 6681//5167 6682//5167 1503//5167 1502//5167
f 1550//5168 6681//5168 1502//5168 105//5168
f 1549//5169 6674//5169 6681//5169 1550//5169
f 1548//5170 6667//5170 6674//5170 1549//5170
f 1547//5171 6660//5171 6667//5171 1548//5171
f 1546//5172 6653//5172 6660//5172 1547//5172
f 1545//5173 6646//5173 6653//5173 1546//5173
f 1544//5174 6639//5174 6646//5174 1545//5174
f 6688//5175 6689//5175 6696//5175 6695//5175
f 6689//5176 6690//5176 6697//5176 6696//5176
f 6690//5177 6691//5177 6698//5177 6697//5177
f 6691//5178 6692//5178 6699//5178 6698//5178
f 6692//5179 6693//5179 6700//5179 6699//5179
f 6693//5180 6694//5180 6701//5180 6700//5180
f 6695//5181 6696//5181 6703//5181 6702//5181
f 6696//5182 6697//5182 6704//5182 6703//5182
f 6697//5183 6698//5183 6705//5183 6704//5183
f 6698//5184 6699//5184 6706//5184 6705//5184
f 6699//5185 6700//5185 6707//5185 6706//5185
f 6700//5186 6701//5186 6708//5186 6707//5186
f 6702//5187 6703//5187 6710//5187 6709//5187
f 6703//5188 6704//5188 6711//5188 6710//5188
f 6704//5189 6705//5189 6712//5189 6711//5189
f 6705//5190 6706//5190 6713//5190 6712//5190
f 6706//5191 6707//5191 6714//5191 6713//5191
f 6707//5192 6708//5192 6715//5192 6714//5192
f 6709//5193 6710//5193 6717//5193 6716//5193
f 6710//5194 6711//5194 6718//5194 6717//5194
f 6711//5195 6712//5195 6719//5195 6718//5195
f 6712//5196 6713//5196 6720//5196 6719//5196
f 6713//5197 6714//5197 6721//5197 6720//5197
f 6714//5198 6715//5198 6722//5198 6721//5198
f 6716//5199 6717//5199 6724//5199 6723//5199
f 6717//5200 6718//5200 6725//5200 6724//5200
f 6718//5201 6719//5201 6726//5201 6725//5201
f 6719//5202 6720//5202 6727//5202 6726//5202
f 6720//5203 6721//5203 6728//5203 6727//5203
f 6721//5204 6722//5204 6729//5204 6728//5204
f 6723//5205 6724//5205 6731//5205 6730//5205
f 6724//5206 6725//5206 6732//5206 6731//5206
f 6725//5207 6726//5207 6733//5207 6732//5207
f 6726//5208 6727//5208 6734//5208 6733//5208
f 6727//5209 6728//5209 6735//5209 6734//5209
f 6728//5210 6729//5210 6736//5210 6735//5210
f 42//5211 570//5211 6688//5211 1551//5211
f 570//5212 569//5212 6689//5212 6688//5212
f 569//5213 568//5213 6690//5213 6689//5213
f 568//5214 567//5214 6691//5214 6690//5214
f 567//5215 566//5215 6692//5215 6691//5215
f 566//5216 565//5216 6693//5216 6692//5216
f 565//5217 564//5217 6694//5217 6693//5217
f 564//5218 43//5218 1558//5218 6694//5218
f 6694//5219 1558//5219 1559//5219 6701//5219
f 6701//5220 1559//5220 1560//5220 6708//5220
f 6708//5221 1560//5221 1561//5221 6715//5221
f 6715//5222 1561//5222 1562//5222 6722//5222
f 6722//5223 1562//5223 1563//5223 6729//5223
f 6729//5224 1563//5224 1564//5224 6736//5224
f 6736//5225 1564//5225 107//5225 1522//5225
f 6735//5226 6736//5226 1522//5226 1521//5226
f 6734//5227 6735//5227 1521//5227 1520//5227
f 6733//5228 6734//5228 1520//5228 1519//5228
f 6732//5229 6733//5229 1519//5229 1518//5229
f 6731//5230 6732//5230 1518//5230 1517//5230
f 6730//5231 6731//5231 1517//5231 1516//5231
f 1557//5232 6730//5232 1516//5232 106//5232
f 1556//5233 6723//5233 6730//5233 1557//5233
f 1555//5234 6716//5234 6723//5234 1556//5234
f 1554//5235 6709//5235 6716//5235 1555//5235
f 1553//5236 6702//5236 6709//5236 1554//5236
f 1552//5237 6695//5237 6702//5237 1553//5237
f 1551//5238 6688//5238 6695//5238 1552//5238
f 6737//5239 6738//5239 6745//5239 6744//5239
f 6738//5240 6739//5240 6746//5240 6745//5240
f 6739//5241 6740//5241 6747//5241 6746//5241
f 6740//5242 6741//5242 6748//5242 6747//5242
f 6741//5243 6742//5243 6749//5243 6748//5243
f 6742//5244 6743//5244 6750//5244 6749//5244
f 6744//5245 6745//5245 6752//5245 6751//5245
f 6745//5246 6746//5246 6753//5246 6752//5246
f 6746//5247 6747//5247 6754//5247 6753//5247
f 6747//5248 6748//5248 6755//5248 6754//5248
f 6748//5249 6749//5249 6756//5249 6755//5249
f 6749//5250 6750//5250 6757//5250 6756//5250
f 6751//5251 6752//5251 6759//5251 6758//5251
f 6752//5252 6753//5252 6760//5252 6759//5252
f 6753//5253 6754//5253 6761//5253 6760//5253
f 6754//5254 6755//5254 6762//5254 6761//5254
f 6755//5255 6756//5255 6763//5255 6762//5255
f 6756//5256 6757//5256 6764//5256 6763//5256
f 6758//5257 6759//5257 6766//5257 6765//5257
f 6759//5258 6760//5258 6767//5258 6766//5258
f 6760//5259 6761//5259 6768//5259 6767//5259
f 6761//5260 6762//5260 6769//5260 6768//5260
f 6762//5261 6763//5261 6770//5261 6769//5261
f 6763//5262 6764//5262 6771//5262 6770//5262
f 6765//5263 6766//5263 6773//5263 6772//5263
f 6766//5264 6767//5264 6774//5264 6773//5264
f 6767//5265 6768//5265 6775//5265 6774//5265
f 6768//5266 6769//5266 6776//5266 6775//5266
f 6769//5267 6770//5267 6777//5267 6776//5267
f 6770//5268 6771//5268 6778//5268 6777//5268
f 6772//5269 6773//5269 6780//5269 6779//5269
f 6773//5270 6774//5270 6781//5270 6780//5270
f 6774//5271 6775//5271 6782//5271 6781//5271
f 6775//5272 6776//5272 6783//5272 6782//5272
f 6776//5273 6777//5273 6784//5273 6783//5273
f 6777//5274 6778//5274 6785//5274 6784//5274
f 43//5275 563//5275 6737//5275 1558//5275
f 563//5276 562//5276 6738//5276 6737//5276
f 562//5277 561//5277 6739//5277 6738//5277
f 561//5278 560//5278 6740//5278 6739//5278
f 560//5279 559//5279 6741//5279 6740//5279
f 559//5280 558//5280 6742//5280 6741//5280
f 558//5281 557//5281 6743//5281 6742//5281
f 557//5282 40//5282 1543//5282 6743//5282
f 6743//5283 1543//5283 1542//5283 6750//5283
f 6750//5284 1542//5284 1541//5284 6757//5284
f 6757//5285 1541//5285 1540//5285 6764//5285
f 6764//5286 1540//5286 1539//5286 6771//5286
f 6771//5287 1539//5287 1538//5287 6778//5287
f 6778//5288 1538//5288 1537//5288 6785//5288
f 6785//5289 1537//5289 104//5289 1536//5289
f 6784//5290 6785//5290 1536//5290 1535//5290
f 6783//5291 6784//5291 1535//5291 1534//5291
f 6782//5292 6783//5292 1534//5292 1533//5292
f 6781//5293 6782//5293 1533//5293 1532//5293
f 6780//5294 6781//5294 1532//5294 1531//5294
f 6779//5295 6780//5295 1531//5295 1530//5295
f 1564//5296 6779//5296 1530//5296 107//5296
f 1563//5297 6772//5297 6779//5297 1564//5297
f 1562//5298 6765//5298 6772//5298 1563//5298
f 1561//5299 6758//5299 6765//5299 1562//5299
f 1560//5300 6751//5300 6758//5300 1561//5300
f 1559//5301 6744//5301 6751//5301 1560//5301
f 1558//5302 6737//5302 6744//5302 1559//5302
f 6786//5303 6787//5303 6794//5303 6793//5303
f 6787//5304 6788//5304 6795//5304 6794//5304
f 6788//5305 6789//5305 6796//5305 6795//5305
f 6789//5306 6790//5306 6797//5306 6796//5306
f 6790//5307 6791//5307 6798//5307 6797//5307
f 6791//5308 6792//5308 6799//5308 6798//5308
f 6793//5309 6794//5309 6801//5309 6800//5309
f 6794//5310 6795//5310 6802//5310 6801//5310
f 6795//5311 6796//5311 6803//5311 6802//5311
f 6796//5312 6797//5312 6804//5312 6803//5312
f 6797//5313 6798//5313 6805//5313 6804//5313
f 6798//5314 6799//5314 6806//5314 6805//5314
f 6800//5315 6801//5315 6808//5315 6807//5315
f 6801//5316 6802//5316 6809//5316 6808//5316
f 6802//5317 6803//5317 6810//5317 6809//5317
f 6803//5318 6804//5318 6811//5318 6810//5318
f 6804//5319 6805//5319 6812//5319 6811//5319
f 6805//5320 6806//5320 6813//5320 6812//5320
f 6807//5321 6808//5321 6815//5321 6814//5321
f 6808//5322 6809//5322 6816//5322 6815//5322
f 6809//5323 6810//5323 6817//5323 6816//5323
f 6810//5324 6811//5324 6818//5324 6817//5324
f 6811//5325 6812//5325 6819//5325 6818//5325
f 6812//5326 6813//5326 6820//5326 6819//5326
f 6814//5327 6815//5327 6822//5327 6821//5327
f 6815//5328 6816//5328 6823//5328 6822//5328
f 6816//5329 6817//5329 6824//5329 6823//5329
f 6817//5330 6818//5330 6825//5330 6824//5330
f 6818//5331 6819//5331 6826//5331 6825//5331
f 6819//5332 6820//5332 6827//5332 6826//5332
f 6821//5333 6822//5333 6829//5333 6828//5333
f 6822//5334 6823//5334 6830//5334 6829//5334
f 6823//5335 6824//5335 6831//5335 6830//5335
f 6824//5336 6825//5336 6832//5336 6831//5336
f 6825//5337 6826//5337 6833//5337 6832//5337
f 6826//5338 6827//5338 6834//5338 6833//5338
f 108//5339 1572//5339 6786//5339 1571//5339
f 1572//5340 1573//5340 6787//5340 6786//5340
f 1573//5341 1574//5341 6788//5341 6787//5341
f 1574//5342 1575//5342 6789//5342 6788//5342
f 1575//5343 1576//5343 6790//5343 6789//5343
f 1576//5344 1577//5344 6791//5344 6790//5344
f 1577//5345 1578//5345 6792//5345 6791//5345
f 1578//5346 109//5346 1579//5346 6792//5346
f 6792//5347 1579//5347 1580//5347 6799//5347
f 6799//5348 1580//5348 1581//5348 6806//5348
f 6806//5349 1581//5349 1582//5349 6813//5349
f 6813//5350 1582//5350 1583//5350 6820//5350
f 6820//5351 1583//5351 1584//5351 6827//5351
f 6827//5352 1584//5352 1585//5352 6834//5352
f 6834//5353 1585//5353 1//5353 556//5353
f 6833//5354 6834//5354 556//5354 555//5354
f 6832//5355 6833//5355 555//5355 554//5355
f 6831//5356 6832//5356 554//5356 553//5356
f 6830//5357 6831//5357 553//5357 552//5357
f 6829//5358 6830//5358 552//5358 551//5358
f 6828//5359 6829//5359 551//5359 550//5359
f 1565//5360 6828//5360 550//5360 129//5360
f 1566//5361 6821//5361 6828//5361 1565//5361
f 1567//5362 6814//5362 6821//5362 1566//5362
f 1568//5363 6807//5363 6814//5363 1567//5363
f 1569//5364 6800//5364 6807//5364 1568//5364
f 1570//5365 6793//5365 6800//5365 1569//5365
f 1571//5366 6786//5366 6793//5366 1570//5366
f 6835//5367 6836//5367 6843//5367 6842//5367
f 6836//5368 6837//5368 6844//5368 6843//5368
f 6837//5369 6838//5369 6845//5369 6844//5369
f 6838//5370 6839//5370 6846//5370 6845//5370
f 6839//5371 6840//5371 6847//5371 6846//5371
f 6840//5372 6841//5372 6848//5372 6847//5372
f 6842//5373 6843//5373 6850//5373 6849//5373
f 6843//5374 6844//5374 6851//5374 6850//5374
f 6844//5375 6845//5375 6852//5375 6851//5375
f 6845//5376 6846//5376 6853//5376 6852//5376
f 6846//5377 6847//5377 6854//5377 6853//5377
f 6847//5378 6848//5378 6855//5378 6854//5378
f 6849//5379 6850//5379 6857//5379 6856//5379
f 6850//5380 6851//5380 6858//5380 6857//5380
f 6851//5381 6852//5381 6859//5381 6858//5381
f 6852//5382 6853//5382 6860//5382 6859//5382
f 6853//5383 6854//5383 6861//5383 6860//5383
f 6854//5384 6855//5384 6862//5384 6861//5384
f 6856//5385 6857//5385 6864//5385 6863//5385
f 6857//5386 6858//5386 6865//5386 6864//5386
f 6858//5387 6859//5387 6866//5387 6865//5387
f 6859//5388 6860//5388 6867//5388 6866//5388
f 6860//5389 6861//5389 6868//5389 6867//5389
f 6861//5390 6862//5390 6869//5390 6868//5390
f 6863//5391 6864//5391 6871//5391 6870//5391
f 6864//5392 6865//5392 6872//5392 6871//5392
f 6865//5393 6866//5393 6873//5393 6872//5393
f 6866//5394 6867//5394 6874//5394 6873//5394
f 6867//5395 6868//5395 6875//5395 6874//5395
f 6868//5396 6869//5396 6876//5396 6875//5396
f 6870//5397 6871//5397 6878//5397 6877//5397
f 6871//5398 6872//5398 6879//5398 6878//5398
f 6872//5399 6873//5399 6880//5399 6879//5399
f 6873//5400 6874//5400 6881//5400 6880//5400
f 6874//5401 6875//5401 6882//5401 6881//5401
f 6875//5402 6876//5402 6883//5402 6882//5402
f 109//5403 1586//5403 6835//5403 1579//5403
f 1586//5404 1587//5404 6836//5404 6835//5404
f 1587//5405 1588//5405 6837//5405 6836//5405
f 1588//5406 1589//5406 6838//5406 6837//5406
f 1589//5407 1590//5407 6839//5407 6838//5407
f 1590//5408 1591//5408 6840//5408 6839//5408
f 1591//5409 1592//5409 6841//5409 6840//5409
f 1592//5410 110//5410 1593//5410 6841//5410
f 6841//5411 1593//5411 1594//5411 6848//5411
f 6848//5412 1594//5412 1595//5412 6855//5412
f 6855//5413 1595//5413 1596//5413 6862//5413
f 6862//5414 1596//5414 1597//5414 6869//5414
f 6869//5415 1597//5415 1598//5415 6876//5415
f 6876//5416 1598//5416 1599//5416 6883//5416
f 6883//5417 1599//5417 128//5417 535//5417
f 6882//5418 6883//5418 535//5418 534//5418
f 6881//5419 6882//5419 534//5419 533//5419
f 6880//5420 6881//5420 533//5420 532//5420
f 6879//5421 6880//5421 532//5421 531//5421
f 6878//5422 6879//5422 531//5422 530//5422
f 6877//5423 6878//5423 530//5423 529//5423
f 1585//5424 6877//5424 529//5424 1//5424
f 1584//5425 6870//5425 6877//5425 1585//5425
f 1583//5426 6863//5426 6870//5426 1584//5426
f 1582//5427 6856//5427 6863//5427 1583//5427
f 1581//5428 6849//5428 6856//5428 1582//5428
f 1580//5429 6842//5429 6849//5429 1581//5429
f 1579//5430 6835//5430 6842//5430 1580//5430
f 6884//5431 6885//5431 6892//5431 6891//5431
f 6885//5432 6886//5432 6893//5432 6892//5432
f 6886//5433 6887//5433 6894//5433 6893//5433
f 6887//5434 6888//5434 6895//5434 6894//5434
f 6888//5435 6889//5435 6896//5435 6895//5435
f 6889//5436 6890//5436 6897//5436 6896//5436
f 6891//5437 6892//5437 6899//5437 6898//5437
f 6892//5438 6893//5438 6900//5438 6899//5438
f 6893//5439 6894//5439 6901//5439 6900//5439
f 6894//5440 6895//5440 6902//5440 6901//5440
f 6895//5441 6896//5441 6903//5441 6902//5441
f 6896//5442 6897//5442 6904//5442 6903//5442
f 6898//5443 6899//5443 6906//5443 6905//5443
f 6899//5444 6900//5444 6907//5444 6906//5444
f 6900//5445 6901//5445 6908//5445 6907//5445
f 6901//5446 6902//5446 6909//5446 6908//5446
f 6902//5447 6903//5447 6910//5447 6909//5447
f 6903//5448 6904//5448 6911//5448 6910//5448
f 6905//5449 6906//5449 6913//5449 6912//5449
f 6906//5450 6907//5450 6914//5450 6913//5450
f 6907//5451 6908//5451 6915//5451 6914//5451
f 6908//5452 6909//5452 6916//5452 6915//5452
f 6909//5453 6910//5453 6917//5453 6916//5453
f 6910//5454 6911//5454 6918//5454 6917//5454
f 6912//5455 6913//5455 6920//5455 6919//5455
f 6913//5456 6914//5456 6921//5456 6920//5456
f 6914//5457 6915//5457 6922//5457 6921//5457
f 6915//5458 6916//5458 6923//5458 6922//5458
f 6916//5459 6917//5459 6924//5459 6923//5459
f 6917//5460 6918//5460 6925//5460 6924//5460
f 6919//5461 6920//5461 6927//5461 6926//5461
f 6920//5462 6921//5462 6928//5462 6927//5462
f 6921//5463 6922//5463 6929//5463 6928//5463
f 6922//5464 6923//5464 6930//5464 6929//5464
f 6923//5465 6924//5465 6931//5465 6930//5465
f 6924//5466 6925//5466 6932//5466 6931//5466
f 110//5467 1600//5467 6884//5467 1593//5467
f 1600//5468 1601//5468 6885//5468 6884//5468
f 1601//5469 1602//5469 6886//5469 6885//5469
f 1602//5470 1603//5470 6887//5470 6886//5470
f 1603//5471 1604//5471 6888//5471 6887//5471
f 1604//5472 1605//5472 6889//5472 6888//5472
f 1605//5473 1606//5473 6890//5473 6889//5473
f 1606//5474 111//5474 1607//5474 6890//5474
f 6890//5475 1607//5475 1608//5475 6897//5475
f 6897//5476 1608//5476 1609//5476 6904//5476
f 6904//5477 1609//5477 1610//5477 6911//5477
f 6911//5478 1610//5478 1611//5478 6918//5478
f 6918//5479 1611//5479 1612//5479 6925//5479
f 6925//5480 1612//5480 1613//5480 6932//5480
f 6932//5481 1613//5481 127//5481 542//5481
f 6931//5482 6932//5482 542//5482 541//5482
f 6930//5483 6931//5483 541//5483 540//5483
f 6929//5484 6930//5484 540//5484 539//5484
f 6928//5485 6929//5485 539//5485 538//5485
f 6927//5486 6928//5486 538//5486 537//5486
f 6926//5487 6927//5487 537//5487 536//5487
f 1599//5488 6926//5488 536//5488 128//5488
f 1598//5489 6919//5489 6926//5489 1599//5489
f 1597//5490 6912//5490 6919//5490 1598//5490
f 1596//5491 6905//5491 6912//5491 1597//5491
f 1595//5492 6898//5492 6905//5492 1596//5492
f 1594//5493 6891//5493 6898//5493 1595//5493
f 1593//5494 6884//5494 6891//5494 1594//5494
f 6933//5495 6934//5495 6941//5495 6940//5495
f 6934//5496 6935//5496 6942//5496 6941//5496
f 6935//5497 6936//5497 6943//5497 6942//5497
f 6936//5498 6937//5498 6944//5498 6943//5498
f 6937//5499 6938//5499 6945//5499 6944//5499
f 6938//5500 6939//5500 6946//5500 6945//5500
f 6940//5501 6941//5501 6948//5501 6947//5501
f 6941//5502 6942//5502 6949//5502 6948//5502
f 6942//5503 6943//5503 6950//5503 6949//5503
f 6943//5504 6944//5504 6951//5504 6950//5504
f 6944//5505 6945//5505 6952//5505 6951//5505
f 6945//5506 6946//5506 6953//5506 6952//5506
f 6947//5507 6948//5507 6955//5507 6954//5507
f 6948//5508 6949//5508 6956//5508 6955//5508
f 6949//5509 6950//5509 6957//5509 6956//5509
f 6950//5510 6951//5510 6958//5510 6957//5510
f 6951//5511 6952//5511 6959//5511 6958//5511
f 6952//5512 6953//5512 6960//5512 6959//5512
f 6954//5513 6955//5513 6962//5513 6961//5513
f 6955//5514 6956//5514 6963//5514 6962//5514
f 6956//5515 6957//5515 6964//5515 6963//5515
f 6957//5516 6958//5516 6965//5516 6964//5516
f 6958//5517 6959//5517 6966//5517 6965//5517
f 6959//5518 6960//5518 6967//5518 6966//5518
f 6961//5519 6962//5519 6969//5519 6968//5519
f 6962//5520 6963//5520 6970//5520 6969//5520
f 6963//5521 6964//5521 6971//5521 6970//5521
f 6964//5522 6965//5522 6972//5522 6971//5522
f 6965//5523 6966//5523 6973//5523 6972//5523
f 6966//5524 6967//5524 6974//5524 6973//5524
f 6968//5525 6969//5525 6976//5525 6975//5525
f 6969//5526 6970//5526 6977//5526 6976//5526
f 6970//5527 6971//5527 6978//5527 6977//5527
f 6971//5528 6972//5528 6979//5528 6978//5528
f 6972//5529 6973//5529 6980//5529 6979//5529
f 6973//5530 6974//5530 6981//5530 6980//5530
f 111//5531 1614//5531 6933//5531 1607//5531
f 1614//5532 1615//5532 6934//5532 6933//5532
f 1615//5533 1616//5533 6935//5533 6934//5533
f 1616//5534 1617//5534 6936//5534 6935//5534
f 1617//5535 1618//5535 6937//5535 6936//5535
f 1618//5536 1619//5536 6938//5536 6937//5536
f 1619//5537 1620//5537 6939//5537 6938//5537
f 1620//5538 108//5538 1571//5538 6939//5538
f 6939//5539 1571//5539 1570//5539 6946//5539
f 6946//5540 1570//5540 1569//5540 6953//5540
f 6953//5541 1569//5541 1568//5541 6960//5541
f 6960//5542 1568//5542 1567//5542 6967//5542
f 6967//5543 1567//5543 1566//5543 6974//5543
f 6974//5544 1566//5544 1565//5544 6981//5544
f 6981//5545 1565//5545 129//5545 549//5545
f 6980//5546 6981//5546 549//5546 548//5546
f 6979//5547 6980//5547 548//5547 547//5547
f 6978//5548 6979//5548 547//5548 546//5548
f 6977//5549 6978//5549 546//5549 545//5549
f 6976//5550 6977//5550 545//5550 544//5550
f 6975//5551 6976//5551 544//5551 543//5551
f 1613//5552 6975//5552 543//5552 127//5552
f 1612//5553 6968//5553 6975//5553 1613//5553
f 1611//5554 6961//5554 6968//5554 1612//5554
f 1610//5555 6954//5555 6961//5555 1611//5555
f 1609//5556 6947//5556 6954//5556 1610//5556
f 1608//5557 6940//5557 6947//5557 1609//5557
f 1607//5558 6933//5558 6940//5558 1608//5558
f 6982//5559 6983//5559 6990//5559 6989//5559
f 6983//5560 6984//5560 6991//5560 6990//5560
f 6984//5561 6985//5561 6992//5561 6991//5561
f 6985//5562 6986//5562 6993//5562 6992//5562
f 6986//5563 6987//5563 6994//5563 6993//5563
f 6987//5564 6988//5564 6995//5564 6994//5564
f 6989//5565 6990//5565 6997//5565 6996//5565
f 6990//5566 6991//5566 6998//5566 6997//5566
f 6991//5567 6992//5567 6999//5567 6998//5567
f 6992//5568 6993//5568 7000//5568 6999//5568
f 6993//5569 6994//5569 7001//5569 7000//5569
f 6994//5570 6995//5570 7002//5570 7001//5570
f 6996//5571 6997//5571 7004//5571 7003//5571
f 6997//5572 6998//5572 7005//5572 7004//5572
f 6998//5573 6999//5573 7006//5573 7005//5573
f 6999//5574 7000//5574 7007//5574 7006//5574
f 7000//5575 7001//5575 7008//5575 7007//5575
f 7001//5576 7002//5576 7009//5576 7008//5576
f 7003//5577 7004//5577 7011//5577 7010//5577
f 7004//5578 7005//5578 7012//5578 7011//5578
f 7005//5579 7006//5579 7013//5579 7012//5579
f 7006//5580 7007//5580 7014//5580 7013//5580
f 7007//5581 7008//5581 7015//5581 7014//5581
f 7008//5582 7009//5582 7016//5582 7015//5582
f 7010//5583 7011//5583 7018//5583 7017//5583
f 7011//5584 7012//5584 7019//5584 7018//5584
f 7012//5585 7013//5585 7020//5585 7019//5585
f 7013//5586 7014//5586 7021//5586 7020//5586
f 7014//5587 7015//5587 7022//5587 7021//5587
f 7015//5588 7016//5588 7023//5588 7022//5588
f 7017//5589 7018//5589 7025//5589 7024//5589
f 7018//5590 7019//5590 7026//5590 7025//5590
f 7019//5591 7020//5591 7027//5591 7026//5591
f 7020//5592 7021//5592 7028//5592 7027//5592
f 7021//5593 7022//5593 7029//5593 7028//5593
f 7022//5594 7023//5594 7030//5594 7029//5594
f 46//5595 1628//5595 6982//5595 1627//5595
f 1628//5596 1629//5596 6983//5596 6982//5596
f 1629//5597 1630//5597 6984//5597 6983//5597
f 1630//5598 1631//5598 6985//5598 6984//5598
f 1631//5599 1632//5599 6986//5599 6985//5599
f 1632//5600 1633//5600 6987//5600 6986//5600
f 1633//5601 1634//5601 6988//5601 6987//5601
f 1634//5602 47//5602 1635//5602 6988//5602
f 6988//5603 1635//5603 1636//5603 6995//5603
f 6995//5604 1636//5604 1637//5604 7002//5604
f 7002//5605 1637//5605 1638//5605 7009//5605
f 7009//5606 1638//5606 1639//5606 7016//5606
f 7016//5607 1639//5607 1640//5607 7023//5607
f 7023//5608 1640//5608 1641//5608 7030//5608
f 7030//5609 1641//5609 109//5609 1578//5609
f 7029//5610 7030//5610 1578//5610 1577//5610
f 7028//5611 7029//5611 1577//5611 1576//5611
f 7027//5612 7028//5612 1576//5612 1575//5612
f 7026//5613 7027//5613 1575//5613 1574//5613
f 7025//5614 7026//5614 1574//5614 1573//5614
f 7024//5615 7025//5615 1573//5615 1572//5615
f 1621//5616 7024//5616 1572//5616 108//5616
f 1622//5617 7017//5617 7024//5617 1621//5617
f 1623//5618 7010//5618 7017//5618 1622//5618
f 1624//5619 7003//5619 7010//5619 1623//5619
f 1625//5620 6996//5620 7003//5620 1624//5620
f 1626//5621 6989//5621 6996//5621 1625//5621
f 1627//5622 6982//5622 6989//5622 1626//5622
f 7031//5623 7032//5623 7039//5623 7038//5623
f 7032//5624 7033//5624 7040//5624 7039//5624
f 7033//5625 7034//5625 7041//5625 7040//5625
f 7034//5626 7035//5626 7042//5626 7041//5626
f 7035//5627 7036//5627 7043//5627 7042//5627
f 7036//5628 7037//5628 7044//5628 7043//5628
f 7038//5629 7039//5629 7046//5629 7045//5629
f 7039//5630 7040//5630 7047//5630 7046//5630
f 7040//5631 7041//5631 7048//5631 7047//5631
f 7041//5632 7042//5632 7049//5632 7048//5632
f 7042//5633 7043//5633 7050//5633 7049//5633
f 7043//5634 7044//5634 7051//5634 7050//5634
f 7045//5635 7046//5635 7053//5635 7052//5635
f 7046//5636 7047//5636 7054//5636 7053//5636
f 7047//5637 7048//5637 7055//5637 7054//5637
f 7048//5638 7049//5638 7056//5638 7055//5638
f 7049//5639 7050//5639 7057//5639 7056//5639
f 7050//5640 7051//5640 7058//5640 7057//5640
f 7052//5641 7053//5641 7060//5641 7059//5641
f 7053//5642 7054//5642 7061//5642 7060//5642
f 7054//5643 7055//5643 7062//5643 7061//5643
f 7055//5644 7056//5644 7063//5644 7062//5644
f 7056//5645 7057//5645 7064//5645 7063//5645
f 7057//5646 7058//5646 7065//5646 7064//5646
f 7059//5647 7060//5647 7067//5647 7066//5647
f 7060//5648 7061//5648 7068//5648 7067//5648
f 7061//5649 7062//5649 7069//5649 7068//5649
f 7062//5650 7063//5650 7070//5650 7069//5650
f 7063//5651 7064//5651 7071//5651 7070//5651
f 7064//5652 7065//5652 7072//5652 7071//5652
f 7066//5653 7067//5653 7074//5653 7073//5653
f 7067//5654 7068//5654 7075//5654 7074//5654
f 7068//5655 7069//5655 7076//5655 7075//5655
f 7069//5656 7070//5656 7077//5656 7076//5656
f 7070//5657 7071//5657 7078//5657 7077//5657
f 7071//5658 7072//5658 7079//5658 7078//5658
f 47//5659 1642//5659 7031//5659 1635//5659
f 1642//5660 1643//5660 7032//5660 7031//5660
f 1643//5661 1644//5661 7033//5661 7032//5661
f 1644//5662 1645//5662 7034//5662 7033//5662
f 1645//5663 1646//5663 7035//5663 7034//5663
f 1646//5664 1647//5664 7036//5664 7035//5664
f 1647//5665 1648//5665 7037//5665 7036//5665
f 1648//5666 48//5666 1649//5666 7037//5666
f 7037//5667 1649//5667 1650//5667 7044//5667
f 7044//5668 1650//5668 1651//5668 7051//5668
f 7051//5669 1651//5669 1652//5669 7058//5669
f 7058//5670 1652//5670 1653//5670 7065//5670
f 7065//5671 1653//5671 1654//5671 7072//5671
f 7072//5672 1654//5672 1655//5672 7079//5672
f 7079//5673 1655//5673 110//5673 1592//5673
f 7078//5674 7079//5674 1592//5674 1591//5674
f 7077//5675 7078//5675 1591//5675 1590//5675
f 7076//5676 7077//5676 1590//5676 1589//5676
f 7075//5677 7076//5677 1589//5677 1588//5677
f 7074//5678 7075//5678 1588//5678 1587//5678
f 7073//5679 7074//5679 1587//5679 1586//5679
f 1641//5680 7073//5680 1586//5680 109//5680
f 1640//5681 7066//5681 7073//5681 1641//5681
f 1639//5682 7059//5682 7066//5682 1640//5682
f 1638//5683 7052//5683 7059//5683 1639//5683
f 1637//5684 7045//5684 7052//5684 1638//5684
f 1636//5685 7038//5685 7045//5685 1637//5685
f 1635//5686 7031//5686 7038//5686 1636//5686
f 7080//5687 7081//5687 7088//5687 7087//5687
f 7081//5688 7082//5688 7089//5688 7088//5688
f 7082//5689 7083//5689 7090//5689 7089//5689
f 7083//5690 7084//5690 7091//5690 7090//5690
f 7084//5691 7085//5691 7092//5691 7091//5691
f 7085//5692 7086//5692 7093//5692 7092//5692
f 7087//5693 7088//5693 7095//5693 7094//5693
f 7088//5694 7089//5694 7096//5694 7095//5694
f 7089//5695 7090//5695 7097//5695 7096//5695
f 7090//5696 7091//5696 7098//5696 7097//5696
f 7091//5697 7092//5697 7099//5697 7098//5697
f 7092//5698 7093//5698 7100//5698 7099//5698
f 7094//5699 7095//5699 7102//5699 7101//5699
f 7095//5700 7096//5700 7103//5700 7102//5700
f 7096//5701 7097//5701 7104//5701 7103//5701
f 7097//5702 7098//5702 7105//5702 7104//5702
f 7098//5703 7099//5703 7106//5703 7105//5703
f 7099//5704 7100//5704 7107//5704 7106//5704
f 7101//5705 7102//5705 7109//5705 7108//5705
f 7102//5706 7103//5706 7110//5706 7109//5706
f 7103//5707 7104//5707 7111//5707 7110//5707
f 7104//5708 7105//5708 7112//5708 7111//5708
f 7105//5709 7106//5709 7113//5709 7112//5709
f 7106//5710 7107//5710 7114//5710 7113//5710
f 7108//5711 7109//5711 7116//5711 7115//5711
f 7109//5712 7110//5712 7117//5712 7116//5712
f 7110//5713 7111//5713 7118//5713 7117//5713
f 7111//5714 7112//5714 7119//5714 7118//5714
f 7112//5715 7113//5715 7120//5715 7119//5715
f 7113//5716 7114//5716 7121//5716 7120//5716
f 7115//5717 7116//5717 7123//5717 7122//5717
f 7116//5718 7117//5718 7124//5718 7123//5718
f 7117//5719 7118//5719 7125//5719 7124//5719
f 7118//5720 7119//5720 7126//5720 7125//5720
f 7119//5721 7120//5721 7127//5721 7126//5721
f 7120//5722 7121//5722 7128//5722 7127//5722
f 48//5723 1656//5723 7080//5723 1649//5723
f 1656//5724 1657//5724 7081//5724 7080//5724
f 1657//5725 1658//5725 7082//5725 7081//5725
f 1658//5726 1659//5726 7083//5726 7082//5726
f 1659//5727 1660//5727 7084//5727 7083//5727
f 1660//5728 1661//5728 7085//5728 7084//5728
f 1661//5729 1662//5729 7086//5729 7085//5729
f 1662//5730 49//5730 1663//5730 7086//5730
f 7086//5731 1663//5731 1664//5731 7093//5731
f 7093//5732 1664//5732 1665//5732 7100//5732
f 7100//5733 1665//5733 1666//5733 7107//5733
f 7107//5734 1666//5734 1667//5734 7114//5734
f 7114//5735 1667//5735 1668//5735 7121//5735
f 7121//5736 1668//5736 1669//5736 7128//5736
f 7128//5737 1669//5737 111//5737 1606//5737
f 7127//5738 7128//5738 1606//5738 1605//5738
f 7126//5739 7127//5739 1605//5739 1604//5739
f 7125//5740 7126//5740 1604//5740 1603//5740
f 7124//5741 7125//5741 1603//5741 1602//5741
f 7123//5742 7124//5742 1602//5742 1601//5742
f 7122//5743 7123//5743 1601//5743 1600//5743
f 1655//5744 7122//5744 1600//5744 110//5744
f 1654//5745 7115//5745 7122//5745 1655//5745
f 1653//5746 7108//5746 7115//5746 1654//5746
f 1652//5747 7101//5747 7108//5747 1653//5747
f 1651//5748 7094//5748 7101//5748 1652//5748
f 1650//5749 7087//5749 7094//5749 1651//5749
f 1649//5750 7080//5750 7087//5750 1650//5750
f 7129//5751 7130//5751 7137//5751 7136//5751
f 7130//5752 7131//5752 7138//5752 7137//5752
f 7131//5753 7132//5753 7139//5753 7138//5753
f 7132//5754 7133//5754 7140//5754 7139//5754
f 7133//5755 7134//5755 7141//5755 7140//5755
f 7134//5756 7135//5756 7142//5756 7141//5756
f 7136//5757 7137//5757 7144//5757 7143//5757
f 7137//5758 7138//5758 7145//5758 7144//5758
f 7138//5759 7139//5759 7146//5759 7145//5759
f 7139//5760 7140//5760 7147//5760 7146//5760
f 7140//5761 7141//5761 7148//5761 7147//5761
f 7141//5762 7142//5762 7149//5762 7148//5762
f 7143//5763 7144//5763 7151//5763 7150//5763
f 7144//5764 7145//5764 7152//5764 7151//5764
f 7145//5765 7146//5765 7153//5765 7152//5765
f 7146//5766 7147//5766 7154//5766 7153//5766
f 7147//5767 7148//5767 7155//5767 7154//5767
f 7148//5768 7149//5768 7156//5768 7155//5768
f 7150//5769 7151//5769 7158//5769 7157//5769
f 7151//5770 7152//5770 7159//5770 7158//5770
f 7152//5771 7153//5771 7160//5771 7159//5771
f 7153//5772 7154//5772 7161//5772 7160//5772
f 7154//5773 7155//5773 7162//5773 7161//5773
f 7155//5774 7156//5774 7163//5774 7162//5774
f 7157//5775 7158//5775 7165//5775 7164//5775
f 7158//5776 7159//5776 7166//5776 7165//5776
f 7159//5777 7160//5777 7167//5777 7166//5777
f 7160//5778 7161//5778 7168//5778 7167//5778
f 7161//5779 7162//5779 7169//5779 7168//5779
f 7162//5780 7163//5780 7170//5780 7169//5780
f 7164//5781 7165//5781 7172//5781 7171//5781
f 7165//5782 7166//5782 7173//5782 7172//5782
f 7166//5783 7167//5783 7174//5783 7173//5783
f 7167//5784 7168//5784 7175//5784 7174//5784
f 7168//5785 7169//5785 7176//5785 7175//5785
f 7169//5786 7170//5786 7177//5786 7176//5786
f 49//5787 1670//5787 7129//5787 1663//5787
f 1670//5788 1671//5788 7130//5788 7129//5788
f 1671//5789 1672//5789 7131//5789 7130//5789
f 1672//5790 1673//5790 7132//5790 7131//5790
f 1673//5791 1674//5791 7133//5791 7132//5791
f 1674//5792 1675//5792 7134//5792 7133//5792
f 1675//5793 1676//5793 7135//5793 7134//5793
f 1676//5794 46//5794 1627//5794 7135//5794
f 7135//5795 1627//5795 1626//5795 7142//5795
f 7142//5796 1626//5796 1625//5796 7149//5796
f 7149//5797 1625//5797 1624//5797 7156//5797
f 7156//5798 1624//5798 1623//5798 7163//5798
f 7163//5799 1623//5799 1622//5799 7170//5799
f 7170//5800 1622//5800 1621//5800 7177//5800
f 7177//5801 1621//5801 108//5801 1620//5801
f 7176//5802 7177//5802 1620//5802 1619//5802
f 7175//5803 7176//5803 1619//5803 1618//5803
f 7174//5804 7175//5804 1618//5804 1617//5804
f 7173//5805 7174//5805 1617//5805 1616//5805
f 7172//5806 7173//5806 1616//5806 1615//5806
f 7171//5807 7172//5807 1615//5807 1614//5807
f 1669//5808 7171//5808 1614//5808 111//5808
f 1668//5809 7164//5809 7171//5809 1669//5809
f 1667//5810 7157//5810 7164//5810 1668//5810
f 1666//5811 7150//5811 7157//5811 1667//5811
f 1665//5812 7143//5812 7150//5812 1666//5812
f 1664//5813 7136//5813 7143//5813 1665//5813
f 1663//5814 7129//5814 7136//5814 1664//5814
f 7178//5815 7179//5815 7186//5815 7185//5815
f 7179//5816 7180//5816 7187//5816 7186//5816
f 7180//5817 7181//5817 7188//5817 7187//5817
f 7181//5818 7182//5818 7189//5818 7188//5818
f 7182//5819 7183//5819 7190//5819 7189//5819
f 7183//5820 7184//5820 7191//5820 7190//5820
f 7185//5821 7186//5821 7193//5821 7192//5821
f 7186//5822 7187//5822 7194//5822 7193//5822
f 7187//5823 7188//5823 7195//5823 7194//5823
f 7188//5824 7189//5824 7196//5824 7195//5824
f 7189//5825 7190//5825 7197//5825 7196//5825
f 7190//5826 7191//5826 7198//5826 7197//5826
f 7192//5827 7193//5827 7200//5827 7199//5827
f 7193//5828 7194//5828 7201//5828 7200//5828
f 7194//5829 7195//5829 7202//5829 7201//5829
f 7195//5830 7196//5830 7203//5830 7202//5830
f 7196//5831 7197//5831 7204//5831 7203//5831
f 7197//5832 7198//5832 7205//5832 7204//5832
f 7199//5833 7200//5833 7207//5833 7206//5833
f 7200//5834 7201//5834 7208//5834 7207//5834
f 7201//5835 7202//5835 7209//5835 7208//5835
f 7202//5836 7203//5836 7210//5836 7209//5836
f 7203//5837 7204//5837 7211//5837 7210//5837
f 7204//5838 7205//5838 7212//5838 7211//5838
f 7206//5839 7207//5839 7214//5839 7213//5839
f 7207//5840 7208//5840 7215//5840 7214//5840
f 7208//5841 7209//5841 7216//5841 7215//5841
f 7209//5842 7210//5842 7217//5842 7216//5842
f 7210//5843 7211//5843 7218//5843 7217//5843
f 7211//5844 7212//5844 7219//5844 7218//5844
f 7213//5845 7214//5845 7221//5845 7220//5845
f 7214//5846 7215//5846 7222//5846 7221//5846
f 7215//5847 7216//5847 7223//5847 7222//5847
f 7216//5848 7217//5848 7224//5848 7223//5848
f 7217//5849 7218//5849 7225//5849 7224//5849
f 7218//5850 7219//5850 7226//5850 7225//5850
f 52//5851 1684//5851 7178//5851 1683//5851
f 1684//5852 1685//5852 7179//5852 7178//5852
f 1685//5853 1686//5853 7180//5853 7179//5853
f 1686//5854 1687//5854 7181//5854 7180//5854
f 1687//5855 1688//5855 7182//5855 7181//5855
f 1688//5856 1689//5856 7183//5856 7182//5856
f 1689//5857 1690//5857 7184//5857 7183//5857
f 1690//5858 53//5858 1691//5858 7184//5858
f 7184//5859 1691//5859 1692//5859 7191//5859
f 7191//5860 1692//5860 1693//5860 7198//5860
f 7198//5861 1693//5861 1694//5861 7205//5861
f 7205//5862 1694//5862 1695//5862 7212//5862
f 7212//5863 1695//5863 1696//5863 7219//5863
f 7219//5864 1696//5864 1697//5864 7226//5864
f 7226//5865 1697//5865 113//5865 1698//5865
f 7225//5866 7226//5866 1698//5866 1699//5866
f 7224//5867 7225//5867 1699//5867 1700//5867
f 7223//5868 7224//5868 1700//5868 1701//5868
f 7222//5869 7223//5869 1701//5869 1702//5869
f 7221//5870 7222//5870 1702//5870 1703//5870
f 7220//5871 7221//5871 1703//5871 1704//5871
f 1677//5872 7220//5872 1704//5872 112//5872
f 1678//5873 7213//5873 7220//5873 1677//5873
f 1679//5874 7206//5874 7213//5874 1678//5874
f 1680//5875 7199//5875 7206//5875 1679//5875
f 1681//5876 7192//5876 7199//5876 1680//5876
f 1682//5877 7185//5877 7192//5877 1681//5877
f 1683//5878 7178//5878 7185//5878 1682//5878
f 7227//5879 7228//5879 7235//5879 7234//5879
f 7228//5880 7229//5880 7236//5880 7235//5880
f 7229//5881 7230//5881 7237//5881 7236//5881
f 7230//5882 7231//5882 7238//5882 7237//5882
f 7231//5883 7232//5883 7239//5883 7238//5883
f 7232//5884 7233//5884 7240//5884 7239//5884
f 7234//5885 7235//5885 7242//5885 7241//5885
f 7235//5886 7236//5886 7243//5886 7242//5886
f 7236//5887 7237//5887 7244//5887 7243//5887
f 7237//5888 7238//5888 7245//5888 7244//5888
f 7238//5889 7239//5889 7246//5889 7245//5889
f 7239//5890 7240//5890 7247//5890 7246//5890
f 7241//5891 7242//5891 7249//5891 7248//5891
f 7242//5892 7243//5892 7250//5892 7249//5892
f 7243//5893 7244//5893 7251//5893 7250//5893
f 7244//5894 7245//5894 7252//5894 7251//5894
f 7245//5895 7246//5895 7253//5895 7252//5895
f 7246//5896 7247//5896 7254//5896 7253//5896
f 7248//5897 7249//5897 7256//5897 7255//5897
f 7249//5898 7250//5898 7257//5898 7256//5898
f 7250//5899 7251//5899 7258//5899 7257//5899
f 7251//5900 7252//5900 7259//5900 7258//5900
f 7252//5901 7253//5901 7260//5901 7259//5901
f 7253//5902 7254//5902 7261//5902 7260//5902
f 7255//5903 7256//5903 7263//5903 7262//5903
f 7256//5904 7257//5904 7264//5904 7263//5904
f 7257//5905 7258//5905 7265//5905 7264//5905
f 7258//5906 7259//5906 7266//5906 7265//5906
f 7259//5907 7260//5907 7267//5907 7266//5907
f 7260//5908 7261//5908 7268//5908 7267//5908
f 7262//5909 7263//5909 7270//5909 7269//5909
f 7263//5910 7264//5910 7271//5910 7270//5910
f 7264//5911 7265//5911 7272//5911 7271//5911
f 7265//5912 7266//5912 7273//5912 7272//5912
f 7266//5913 7267//5913 7274//5913 7273//5913
f 7267//5914 7268//5914 7275//5914 7274//5914
f 53//5915 1705//5915 7227//5915 1691//5915
f 1705//5916 1706//5916 7228//5916 7227//5916
f 1706//5917 1707//5917 7229//5917 7228//5917
f 1707//5918 1708//5918 7230//5918 7229//5918
f 1708//5919 1709//5919 7231//5919 7230//5919
f 1709//5920 1710//5920 7232//5920 7231//5920
f 1710//5921 1711//5921 7233//5921 7232//5921
f 1711//5922 54//5922 1712//5922 7233//5922
f 7233//5923 1712//5923 1713//5923 7240//5923
f 7240//5924 1713//5924 1714//5924 7247//5924
f 7247//5925 1714//5925 1715//5925 7254//5925
f 7254//5926 1715//5926 1716//5926 7261//5926
f 7261//5927 1716//5927 1717//5927 7268//5927
f 7268//5928 1717//5928 1718//5928 7275//5928
f 7275//5929 1718//5929 114//5929 1719//5929
f 7274//5930 7275//5930 1719//5930 1720//5930
f 7273//5931 7274//5931 1720//5931 1721//5931
f 7272//5932 7273//5932 1721//5932 1722//5932
f 7271//5933 7272//5933 1722//5933 1723//5933
f 7270//5934 7271//5934 1723//5934 1724//5934
f 7269//5935 7270//5935 1724//5935 1725//5935
f 1697//5936 7269//5936 1725//5936 113//5936
f 1696//5937 7262//5937 7269//5937 1697//5937
f 1695//5938 7255//5938 7262//5938 1696//5938
f 1694//5939 7248//5939 7255//5939 1695//5939
f 1693//5940 7241//5940 7248//5940 1694//5940
f 1692//5941 7234//5941 7241//5941 1693//5941
f 1691//5942 7227//5942 7234//5942 1692//5942
f 7276//5943 7277//5943 7284//5943 7283//5943
f 7277//5944 7278//5944 7285//5944 7284//5944
f 7278//5945 7279//5945 7286//5945 7285//5945
f 7279//5946 7280//5946 7287//5946 7286//5946
f 7280//5947 7281//5947 7288//5947 7287//5947
f 7281//5948 7282//5948 7289//5948 7288//5948
f 7283//5949 7284//5949 7291//5949 7290//5949
f 7284//5950 7285//5950 7292//5950 7291//5950
f 7285//5951 7286//5951 7293//5951 7292//5951
f 7286//5952 7287//5952 7294//5952 7293//5952
f 7287//5953 7288//5953 7295//5953 7294//5953
f 7288//5954 7289//5954 7296//5954 7295//5954
f 7290//5955 7291//5955 7298//5955 7297//5955
f 7291//5956 7292//5956 7299//5956 7298//5956
f 7292//5957 7293//5957 7300//5957 7299//5957
f 7293//5958 7294//5958 7301//5958 7300//5958
f 7294//5959 7295//5959 7302//5959 7301//5959
f 7295//5960 7296//5960 7303//5960 7302//5960
f 7297//5961 7298//5961 7305//5961 7304//5961
f 7298//5962 7299//5962 7306//5962 7305//5962
f 7299//5963 7300//5963 7307//5963 7306//5963
f 7300//5964 7301//5964 7308//5964 7307//5964
f 7301//5965 7302//5965 7309//5965 7308//5965
f 7302//5966 7303//5966 7310//5966 7309//5966
f 7304//5967 7305//5967 7312//5967 7311//5967
f 7305//5968 7306//5968 7313//5968 7312//5968
f 7306//5969 7307//5969 7314//5969 7313//5969
f 7307//5970 7308//5970 7315//5970 7314//5970
f 7308//5971 7309//5971 7316//5971 7315//5971
f 7309//5972 7310//5972 7317//5972 7316//5972
f 7311//5973 7312//5973 7319//5973 7318//5973
f 7312//5974 7313//5974 7320//5974 7319//5974
f 7313//5975 7314//5975 7321//5975 7320//5975
f 7314//5976 7315//5976 7322//5976 7321//5976
f 7315//5977 7316//5977 7323//5977 7322//5977
f 7316//5978 7317//5978 7324//5978 7323//5978
f 54//5979 1726//5979 7276//5979 1712//5979
f 1726//5980 1727//5980 7277//5980 7276//5980
f 1727//5981 1728//5981 7278//5981 7277//5981
f 1728//5982 1729//5982 7279//5982 7278//5982
f 1729//5983 1730//5983 7280//5983 7279//5983
f 1730//5984 1731//5984 7281//5984 7280//5984
f 1731//5985 1732//5985 7282//5985 7281//5985
f 1732//5986 55//5986 1733//5986 7282//5986
f 7282//5987 1733//5987 1734//5987 7289//5987
f 7289//5988 1734//5988 1735//5988 7296//5988
f 7296//5989 1735//5989 1736//5989 7303//5989
f 7303//5990 1736//5990 1737//5990 7310//5990
f 7310//5991 1737//5991 1738//5991 7317//5991
f 7317//5992 1738//5992 1739//5992 7324//5992
f 7324//5993 1739//5993 115//5993 1740//5993
f 7323//5994 7324//5994 1740//5994 1741//5994
f 7322//5995 7323//5995 1741//5995 1742//5995
f 7321//5996 7322//5996 1742//5996 1743//5996
f 7320//5997 7321//5997 1743//5997 1744//5997
f 7319//5998 7320//5998 1744//5998 1745//5998
f 7318//5999 7319//5999 1745//5999 1746//5999
f 1718//6000 7318//6000 1746//6000 114//6000
f 1717//6001 7311//6001 7318//6001 1718//6001
f 1716//6002 7304//6002 7311//6002 1717//6002
f 1715//6003 7297//6003 7304//6003 1716//6003
f 1714//6004 7290//6004 7297//6004 1715//6004
f 1713//6005 7283//6005 7290//6005 1714//6005
f 1712//6006 7276//6006 7283//6006 1713//6006
f 7325//6007 7326//6007 7333//6007 7332//6007
f 7326//6008 7327//6008 7334//6008 7333//6008
f 7327//6009 7328//6009 7335//6009 7334//6009
f 7328//6010 7329//6010 7336//6010 7335//6010
f 7329//6011 7330//6011 7337//6011 7336//6011
f 7330//6012 7331//6012 7338//6012 7337//6012
f 7332//6013 7333//6013 7340//6013 7339//6013
f 7333//6014 7334//6014 7341//6014 7340//6014
f 7334//6015 7335//6015 7342//6015 7341//6015
f 7335//6016 7336//6016 7343//6016 7342//6016
f 7336//6017 7337//6017 7344//6017 7343//6017
f 7337//6018 7338//6018 7345//6018 7344//6018
f 7339//6019 7340//6019 7347//6019 7346//6019
f 7340//6020 7341//6020 7348//6020 7347//6020
f 7341//6021 7342//6021 7349//6021 7348//6021
f 7342//6022 7343//6022 7350//6022 7349//6022
f 7343//6023 7344//6023 7351//6023 7350//6023
f 7344//6024 7345//6024 7352//6024 7351//6024
f 7346//6025 7347//6025 7354//6025 7353//6025
f 7347//6026 7348//6026 7355//6026 7354//6026
f 7348//6027 7349//6027 7356//6027 7355//6027
f 7349//6028 7350//6028 7357//6028 7356//6028
f 7350//6029 7351//6029 7358//6029 7357//6029
f 7351//6030 7352//6030 7359//6030 7358//6030
f 7353//6031 7354//6031 7361//6031 7360//6031
f 7354//6032 7355//6032 7362//6032 7361//6032
f 7355//6033 7356//6033 7363//6033 7362//6033
f 7356//6034 7357//6034 7364//6034 7363//6034
f 7357//6035 7358//6035 7365//6035 7364//6035
f 7358//6036 7359//6036 7366//6036 7365//6036
f 7360//6037 7361//6037 7368//6037 7367//6037
f 7361//6038 7362//6038 7369//6038 7368//6038
f 7362//6039 7363//6039 7370//6039 7369//6039
f 7363//6040 7364//6040 7371//6040 7370//6040
f 7364//6041 7365//6041 7372//6041 7371//6041
f 7365//6042 7366//6042 7373//6042 7372//6042
f 55//6043 1747//6043 7325//6043 1733//6043
f 1747//6044 1748//6044 7326//6044 7325//6044
f 1748//6045 1749//6045 7327//6045 7326//6045
f 1749//6046 1750//6046 7328//6046 7327//6046
f 1750//6047 1751//6047 7329//6047 7328//6047
f 1751//6048 1752//6048 7330//6048 7329//6048
f 1752//6049 1753//6049 7331//6049 7330//6049
f 1753//6050 52//6050 1683//6050 7331//6050
f 7331//6051 1683//6051 1682//6051 7338//6051
f 7338//6052 1682//6052 1681//6052 7345//6052
f 7345//6053 1681//6053 1680//6053 7352//6053
f 7352//6054 1680//6054 1679//6054 7359//6054
f 7359//6055 1679//6055 1678//6055 7366//6055
f 7366//6056 1678//6056 1677//6056 7373//6056
f 7373//6057 1677//6057 112//6057 1754//6057
f 7372//6058 7373//6058 1754//6058 1755//6058
f 7371//6059 7372//6059 1755//6059 1756//6059
f 7370//6060 7371//6060 1756//6060 1757//6060
f 7369//6061 7370//6061 1757//6061 1758//6061
f 7368//6062 7369//6062 1758//6062 1759//6062
f 7367//6063 7368//6063 1759//6063 1760//6063
f 1739//6064 7367//6064 1760//6064 115//6064
f 1738//6065 7360//6065 7367//6065 1739//6065
f 1737//6066 7353//6066 7360//6066 1738//6066
f 1736//6067 7346//6067 7353//6067 1737//6067
f 1735//6068 7339//6068 7346//6068 1736//6068
f 1734//6069 7332//6069 7339//6069 1735//6069
f 1733//6070 7325//6070 7332//6070 1734//6070
f 7374//6071 7375//6071 7382//6071 7381//6071
f 7375//6072 7376//6072 7383//6072 7382//6072
f 7376//6073 7377//6073 7384//6073 7383//6073
f 7377//6074 7378//6074 7385//6074 7384//6074
f 7378//6075 7379//6075 7386//6075 7385//6075
f 7379//6076 7380//6076 7387//6076 7386//6076
f 7381//6077 7382//6077 7389//6077 7388//6077
f 7382//6078 7383//6078 7390//6078 7389//6078
f 7383//6079 7384//6079 7391//6079 7390//6079
f 7384//6080 7385//6080 7392//6080 7391//6080
f 7385//6081 7386//6081 7393//6081 7392//6081
f 7386//6082 7387//6082 7394//6082 7393//6082
f 7388//6083 7389//6083 7396//6083 7395//6083
f 7389//6084 7390//6084 7397//6084 7396//6084
f 7390//6085 7391//6085 7398//6085 7397//6085
f 7391//6086 7392//6086 7399//6086 7398//6086
f 7392//6087 7393//6087 7400//6087 7399//6087
f 7393//6088 7394//6088 7401//6088 7400//6088
f 7395//6089 7396//6089 7403//6089 7402//6089
f 7396//6090 7397//6090 7404//6090 7403//6090
f 7397//6091 7398//6091 7405//6091 7404//6091
f 7398//6092 7399//6092 7406//6092 7405//6092
f 7399//6093 7400//6093 7407//6093 7406//6093
f 7400//6094 7401//6094 7408//6094 7407//6094
f 7402//6095 7403//6095 7410//6095 7409//6095
f 7403//6096 7404//6096 7411//6096 7410//6096
f 7404//6097 7405//6097 7412//6097 7411//6097
f 7405//6098 7406//6098 7413//6098 7412//6098
f 7406//6099 7407//6099 7414//6099 7413//6099
f 7407//6100 7408//6100 7415//6100 7414//6100
f 7409//6101 7410//6101 7417//6101 7416//6101
f 7410//6102 7411//6102 7418//6102 7417//6102
f 7411//6103 7412//6103 7419//6103 7418//6103
f 7412//6104 7413//6104 7420//6104 7419//6104
f 7413//6105 7414//6105 7421//6105 7420//6105
f 7414//6106 7415//6106 7422//6106 7421//6106
f 112//6107 1704//6107 7374//6107 1767//6107
f 1704//6108 1703//6108 7375//6108 7374//6108
f 1703//6109 1702//6109 7376//6109 7375//6109
f 1702//6110 1701//6110 7377//6110 7376//6110
f 1701//6111 1700//6111 7378//6111 7377//6111
f 1700//6112 1699//6112 7379//6112 7378//6112
f 1699//6113 1698//6113 7380//6113 7379//6113
f 1698//6114 113//6114 1768//6114 7380//6114
f 7380//6115 1768//6115 1769//6115 7387//6115
f 7387//6116 1769//6116 1770//6116 7394//6116
f 7394//6117 1770//6117 1771//6117 7401//6117
f 7401//6118 1771//6118 1772//6118 7408//6118
f 7408//6119 1772//6119 1773//6119 7415//6119
f 7415//6120 1773//6120 1774//6120 7422//6120
f 7422//6121 1774//6121 21//6121 395//6121
f 7421//6122 7422//6122 395//6122 394//6122
f 7420//6123 7421//6123 394//6123 393//6123
f 7419//6124 7420//6124 393//6124 392//6124
f 7418//6125 7419//6125 392//6125 391//6125
f 7417//6126 7418//6126 391//6126 390//6126
f 7416//6127 7417//6127 390//6127 389//6127
f 1761//6128 7416//6128 389//6128 10//6128
f 1762//6129 7409//6129 7416//6129 1761//6129
f 1763//6130 7402//6130 7409//6130 1762//6130
f 1764//6131 7395//6131 7402//6131 1763//6131
f 1765//6132 7388//6132 7395//6132 1764//6132
f 1766//6133 7381//6133 7388//6133 1765//6133
f 1767//6134 7374//6134 7381//6134 1766//6134
f 7423//6135 7424//6135 7431//6135 7430//6135
f 7424//6136 7425//6136 7432//6136 7431//6136
f 7425//6137 7426//6137 7433//6137 7432//6137
f 7426//6138 7427//6138 7434//6138 7433//6138
f 7427//6139 7428//6139 7435//6139 7434//6139
f 7428//6140 7429//6140 7436//6140 7435//6140
f 7430//6141 7431//6141 7438//6141 7437//6141
f 7431//6142 7432//6142 7439//6142 7438//6142
f 7432//6143 7433//6143 7440//6143 7439//6143
f 7433//6144 7434//6144 7441//6144 7440//6144
f 7434//6145 7435//6145 7442//6145 7441//6145
f 7435//6146 7436//6146 7443//6146 7442//6146
f 7437//6147 7438//6147 7445//6147 7444//6147
f 7438//6148 7439//6148 7446//6148 7445//6148
f 7439//6149 7440//6149 7447//6149 7446//6149
f 7440//6150 7441//6150 7448//6150 7447//6150
f 7441//6151 7442//6151 7449//6151 7448//6151
f 7442//6152 7443//6152 7450//6152 7449//6152
f 7444//6153 7445//6153 7452//6153 7451//6153
f 7445//6154 7446//6154 7453//6154 7452//6154
f 7446//6155 7447//6155 7454//6155 7453//6155
f 7447//6156 7448//6156 7455//6156 7454//6156
f 7448//6157 7449//6157 7456//6157 7455//6157
f 7449//6158 7450//6158 7457//6158 7456//6158
f 7451//6159 7452//6159 7459//6159 7458//6159
f 7452//6160 7453//6160 7460//6160 7459//6160
f 7453//6161 7454//6161 7461//6161 7460//6161
f 7454//6162 7455//6162 7462//6162 7461//6162
f 7455//6163 7456//6163 7463//6163 7462//6163
f 7456//6164 7457//6164 7464//6164 7463//6164
f 7458//6165 7459//6165 7466//6165 7465//6165
f 7459//6166 7460//6166 7467//6166 7466//6166
f 7460//6167 7461//6167 7468//6167 7467//6167
f 7461//6168 7462//6168 7469//6168 7468//6168
f 7462//6169 7463//6169 7470//6169 7469//6169
f 7463//6170 7464//6170 7471//6170 7470//6170
f 113//6171 1725//6171 7423//6171 1768//6171
f 1725//6172 1724//6172 7424//6172 7423//6172
f 1724//6173 1723//6173 7425//6173 7424//6173
f 1723//6174 1722//6174 7426//6174 7425//6174
f 1722//6175 1721//6175 7427//6175 7426//6175
f 1721//6176 1720//6176 7428//6176 7427//6176
f 1720//6177 1719//6177 7429//6177 7428//6177
f 1719//6178 114//6178 1775//6178 7429//6178
f 7429//6179 1775//6179 1776//6179 7436//6179
f 7436//6180 1776//6180 1777//6180 7443//6180
f 7443//6181 1777//6181 1778//6181 7450//6181
f 7450//6182 1778//6182 1779//6182 7457//6182
f 7457//6183 1779//6183 1780//6183 7464//6183
f 7464//6184 1780//6184 1781//6184 7471//6184
f 7471//6185 1781//6185 50//6185 452//6185
f 7470//6186 7471//6186 452//6186 453//6186
f 7469//6187 7470//6187 453//6187 454//6187
f 7468//6188 7469//6188 454//6188 455//6188
f 7467//6189 7468//6189 455//6189 456//6189
f 7466//6190 7467//6190 456//6190 457//6190
f 7465//6191 7466//6191 457//6191 458//6191
f 1774//6192 7465//6192 458//6192 21//6192
f 1773//6193 7458//6193 7465//6193 1774//6193
f 1772//6194 7451//6194 7458//6194 1773//6194
f 1771//6195 7444//6195 7451//6195 1772//6195
f 1770//6196 7437//6196 7444//6196 1771//6196
f 1769//6197 7430//6197 7437//6197 1770//6197
f 1768//6198 7423//6198 7430//6198 1769//6198
f 7472//6199 7473//6199 7480//6199 7479//6199
f 7473//6200 7474//6200 7481//6200 7480//6200
f 7474//6201 7475//6201 7482//6201 7481//6201
f 7475//6202 7476//6202 7483//6202 7482//6202
f 7476//6203 7477//6203 7484//6203 7483//6203
f 7477//6204 7478//6204 7485//6204 7484//6204
f 7479//6205 7480//6205 7487//6205 7486//6205
f 7480//6206 7481//6206 7488//6206 7487//6206
f 7481//6207 7482//6207 7489//6207 7488//6207
f 7482//6208 7483//6208 7490//6208 7489//6208
f 7483//6209 7484//6209 7491//6209 7490//6209
f 7484//6210 7485//6210 7492//6210 7491//6210
f 7486//6211 7487//6211 7494//6211 7493//6211
f 7487//6212 7488//6212 7495//6212 7494//6212
f 7488//6213 7489//6213 7496//6213 7495//6213
f 7489//6214 7490//6214 7497//6214 7496//6214
f 7490//6215 7491//6215 7498//6215 7497//6215
f 7491//6216 7492//6216 7499//6216 7498//6216
f 7493//6217 7494//6217 7501//6217 7500//6217
f 7494//6218 7495//6218 7502//6218 7501//6218
f 7495//6219 7496//6219 7503//6219 7502//6219
f 7496//6220 7497//6220 7504//6220 7503//6220
f 7497//6221 7498//6221 7505//6221 7504//6221
f 7498//6222 7499//6222 7506//6222 7505//6222
f 7500//6223 7501//6223 7508//6223 7507//6223
f 7501//6224 7502//6224 7509//6224 7508//6224
f 7502//6225 7503//6225 7510//6225 7509//6225
f 7503//6226 7504//6226 7511//6226 7510//6226
f 7504//6227 7505//6227 7512//6227 7511//6227
f 7505//6228 7506//6228 7513//6228 7512//6228
f 7507//6229 7508//6229 7515//6229 7514//6229
f 7508//6230 7509//6230 7516//6230 7515//6230
f 7509//6231 7510//6231 7517//6231 7516//6231
f 7510//6232 7511//6232 7518//6232 7517//6232
f 7511//6233 7512//6233 7519//6233 7518//6233
f 7512//6234 7513//6234 7520//6234 7519//6234
f 114//6235 1746//6235 7472//6235 1775//6235
f 1746//6236 1745//6236 7473//6236 7472//6236
f 1745//6237 1744//6237 7474//6237 7473//6237
f 1744//6238 1743//6238 7475//6238 7474//6238
f 1743//6239 1742//6239 7476//6239 7475//6239
f 1742//6240 1741//6240 7477//6240 7476//6240
f 1741//6241 1740//6241 7478//6241 7477//6241
f 1740//6242 115//6242 1782//6242 7478//6242
f 7478//6243 1782//6243 1783//6243 7485//6243
f 7485//6244 1783//6244 1784//6244 7492//6244
f 7492//6245 1784//6245 1785//6245 7499//6245
f 7499//6246 1785//6246 1786//6246 7506//6246
f 7506//6247 1786//6247 1787//6247 7513//6247
f 7513//6248 1787//6248 1788//6248 7520//6248
f 7520//6249 1788//6249 51//6249 445//6249
f 7519//6250 7520//6250 445//6250 446//6250
f 7518//6251 7519//6251 446//6251 447//6251
f 7517//6252 7518//6252 447//6252 448//6252
f 7516//6253 7517//6253 448//6253 449//6253
f 7515//6254 7516//6254 449//6254 450//6254
f 7514//6255 7515//6255 450//6255 451//6255
f 1781//6256 7514//6256 451//6256 50//6256
f 1780//6257 7507//6257 7514//6257 1781//6257
f 1779//6258 7500//6258 7507//6258 1780//6258
f 1778//6259 7493//6259 7500//6259 1779//6259
f 1777//6260 7486//6260 7493//6260 1778//6260
f 1776//6261 7479//6261 7486//6261 1777//6261
f 1775//6262 7472//6262 7479//6262 1776//6262
f 7521//6263 7522//6263 7529//6263 7528//6263
f 7522//6264 7523//6264 7530//6264 7529//6264
f 7523//6265 7524//6265 7531//6265 7530//6265
f 7524//6266 7525//6266 7532//6266 7531//6266
f 7525//6267 7526//6267 7533//6267 7532//6267
f 7526//6268 7527//6268 7534//6268 7533//6268
f 7528//6269 7529//6269 7536//6269 7535//6269
f 7529//6270 7530//6270 7537//6270 7536//6270
f 7530//6271 7531//6271 7538//6271 7537//6271
f 7531//6272 7532//6272 7539//6272 7538//6272
f 7532//6273 7533//6273 7540//6273 7539//6273
f 7533//6274 7534//6274 7541//6274 7540//6274
f 7535//6275 7536//6275 7543//6275 7542//6275
f 7536//6276 7537//6276 7544//6276 7543//6276
f 7537//6277 7538//6277 7545//6277 7544//6277
f 7538//6278 7539//6278 7546//6278 7545//6278
f 7539//6279 7540//6279 7547//6279 7546//6279
f 7540//6280 7541//6280 7548//6280 7547//6280
f 7542//6281 7543//6281 7550//6281 7549//6281
f 7543//6282 7544//6282 7551//6282 7550//6282
f 7544//6283 7545//6283 7552//6283 7551//6283
f 7545//6284 7546//6284 7553//6284 7552//6284
f 7546//6285 7547//6285 7554//6285 7553//6285
f 7547//6286 7548//6286 7555//6286 7554//6286
f 7549//6287 7550//6287 7557//6287 7556//6287
f 7550//6288 7551//6288 7558//6288 7557//6288
f 7551//6289 7552//6289 7559//6289 7558//6289
f 7552//6290 7553//6290 7560//6290 7559//6290
f 7553//6291 7554//6291 7561//6291 7560//6291
f 7554//6292 7555//6292 7562//6292 7561//6292
f 7556//6293 7557//6293 7564//6293 7563//6293
f 7557//6294 7558//6294 7565//6294 7564//6294
f 7558//6295 7559//6295 7566//6295 7565//6295
f 7559//6296 7560//6296 7567//6296 7566//6296
f 7560//6297 7561//6297 7568//6297 7567//6297
f 7561//6298 7562//6298 7569//6298 7568//6298
f 115//6299 1760//6299 7521//6299 1782//6299
f 1760//6300 1759//6300 7522//6300 7521//6300
f 1759//6301 1758//6301 7523//6301 7522//6301
f 1758//6302 1757//6302 7524//6302 7523//6302
f 1757//6303 1756//6303 7525//6303 7524//6303
f 1756//6304 1755//6304 7526//6304 7525//6304
f 1755//6305 1754//6305 7527//6305 7526//6305
f 1754//6306 112//6306 1767//6306 7527//6306
f 7527//6307 1767//6307 1766//6307 7534//6307
f 7534//6308 1766//6308 1765//6308 7541//6308
f 7541//6309 1765//6309 1764//6309 7548//6309
f 7548//6310 1764//6310 1763//6310 7555//6310
f 7555//6311 1763//6311 1762//6311 7562//6311
f 7562//6312 1762//6312 1761//6312 7569//6312
f 7569//6313 1761//6313 10//6313 437//6313
f 7568//6314 7569//6314 437//6314 436//6314
f 7567//6315 7568//6315 436//6315 435//6315
f 7566//6316 7567//6316 435//6316 434//6316
f 7565//6317 7566//6317 434//6317 433//6317
f 7564//6318 7565//6318 433//6318 432//6318
f 7563//6319 7564//6319 432//6319 431//6319
f 1788//6320 7563//6320 431//6320 51//6320
f 1787//6321 7556//6321 7563//6321 1788//6321
f 1786//6322 7549//6322 7556//6322 1787//6322
f 1785//6323 7542//6323 7549//6323 1786//6323
f 1784//6324 7535//6324 7542//6324 1785//6324
f 1783//6325 7528//6325 7535//6325 1784//6325
f 1782//6326 7521//6326 7528//6326 1783//6326
f 7570//6327 7571//6327 7578//6327 7577//6327
f 7571//6328 7572//6328 7579//6328 7578//6328
f 7572//6329 7573//6329 7580//6329 7579//6329
f 7573//6330 7574//6330 7581//6330 7580//6330
f 7574//6331 7575//6331 7582//6331 7581//6331
f 7575//6332 7576//6332 7583//6332 7582//6332
f 7577//6333 7578//6333 7585//6333 7584//6333
f 7578//6334 7579//6334 7586//6334 7585//6334
f 7579//6335 7580//6335 7587//6335 7586//6335
f 7580//6336 7581//6336 7588//6336 7587//6336
f 7581//6337 7582//6337 7589//6337 7588//6337
f 7582//6338 7583//6338 7590//6338 7589//6338
f 7584//6339 7585//6339 7592//6339 7591//6339
f 7585//6340 7586//6340 7593//6340 7592//6340
f 7586//6341 7587//6341 7594//6341 7593//6341
f 7587//6342 7588//6342 7595//6342 7594//6342
f 7588//6343 7589//6343 7596//6343 7595//6343
f 7589//6344 7590//6344 7597//6344 7596//6344
f 7591//6345 7592//6345 7599//6345 7598//6345
f 7592//6346 7593//6346 7600//6346 7599//6346
f 7593//6347 7594//6347 7601//6347 7600//6347
f 7594//6348 7595//6348 7602//6348 7601//6348
f 7595//6349 7596//6349 7603//6349 7602//6349
f 7596//6350 7597//6350 7604//6350 7603//6350
f 7598//6351 7599//6351 7606//6351 7605//6351
f 7599//6352 7600//6352 7607//6352 7606//6352
f 7600//6353 7601//6353 7608//6353 7607//6353
f 7601//6354 7602//6354 7609//6354 7608//6354
f 7602//6355 7603//6355 7610//6355 7609//6355
f 7603//6356 7604//6356 7611//6356 7610//6356
f 7605//6357 7606//6357 7613//6357 7612//6357
f 7606//6358 7607//6358 7614//6358 7613//6358
f 7607//6359 7608//6359 7615//6359 7614//6359
f 7608//6360 7609//6360 7616//6360 7615//6360
f 7609//6361 7610//6361 7617//6361 7616//6361
f 7610//6362 7611//6362 7618//6362 7617//6362
f 116//6363 1796//6363 7570//6363 1795//6363
f 1796//6364 1797//6364 7571//6364 7570//6364
f 1797//6365 1798//6365 7572//6365 7571//6365
f 1798//6366 1799//6366 7573//6366 7572//6366
f 1799//6367 1800//6367 7574//6367 7573//6367
f 1800//6368 1801//6368 7575//6368 7574//6368
f 1801//6369 1802//6369 7576//6369 7575//6369
f 1802//6370 117//6370 1803//6370 7576//6370
f 7576//6371 1803//6371 1804//6371 7583//6371
f 7583//6372 1804//6372 1805//6372 7590//6372
f 7590//6373 1805//6373 1806//6373 7597//6373
f 7597//6374 1806//6374 1807//6374 7604//6374
f 7604//6375 1807//6375 1808//6375 7611//6375
f 7611//6376 1808//6376 1809//6376 7618//6376
f 7618//6377 1809//6377 47//6377 1634//6377
f 7617//6378 7618//6378 1634//6378 1633//6378
f 7616//6379 7617//6379 1633//6379 1632//6379
f 7615//6380 7616//6380 1632//6380 1631//6380
f 7614//6381 7615//6381 1631//6381 1630//6381
f 7613//6382 7614//6382 1630//6382 1629//6382
f 7612//6383 7613//6383 1629//6383 1628//6383
f 1789//6384 7612//6384 1628//6384 46//6384
f 1790//6385 7605//6385 7612//6385 1789//6385
f 1791//6386 7598//6386 7605//6386 1790//6386
f 1792//6387 7591//6387 7598//6387 1791//6387
f 1793//6388 7584//6388 7591//6388 1792//6388
f 1794//6389 7577//6389 7584//6389 1793//6389
f 1795//6390 7570//6390 7577//6390 1794//6390
f 7619//6391 7620//6391 7627//6391 7626//6391
f 7620//6392 7621//6392 7628//6392 7627//6392
f 7621//6393 7622//6393 7629//6393 7628//6393
f 7622//6394 7623//6394 7630//6394 7629//6394
f 7623//6395 7624//6395 7631//6395 7630//6395
f 7624//6396 7625//6396 7632//6396 7631//6396
f 7626//6397 7627//6397 7634//6397 7633//6397
f 7627//6398 7628//6398 7635//6398 7634//6398
f 7628//6399 7629//6399 7636//6399 7635//6399
f 7629//6400 7630//6400 7637//6400 7636//6400
f 7630//6401 7631//6401 7638//6401 7637//6401
f 7631//6402 7632//6402 7639//6402 7638//6402
f 7633//6403 7634//6403 7641//6403 7640//6403
f 7634//6404 7635//6404 7642//6404 7641//6404
f 7635//6405 7636//6405 7643//6405 7642//6405
f 7636//6406 7637//6406 7644//6406 7643//6406
f 7637//6407 7638//6407 7645//6407 7644//6407
f 7638//6408 7639//6408 7646//6408 7645//6408
f 7640//6409 7641//6409 7648//6409 7647//6409
f 7641//6410 7642//6410 7649//6410 7648//6410
f 7642//6411 7643//6411 7650//6411 7649//6411
f 7643//6412 7644//6412 7651//6412 7650//6412
f 7644//6413 7645//6413 7652//6413 7651//6413
f 7645//6414 7646//6414 7653//6414 7652//6414
f 7647//6415 7648//6415 7655//6415 7654//6415
f 7648//6416 7649//6416 7656//6416 7655//6416
f 7649//6417 7650//6417 7657//6417 7656//6417
f 7650//6418 7651//6418 7658//6418 7657//6418
f 7651//6419 7652//6419 7659//6419 7658//6419
f 7652//6420 7653//6420 7660//6420 7659//6420
f 7654//6421 7655//6421 7662//6421 7661//6421
f 7655//6422 7656//6422 7663//6422 7662//6422
f 7656//6423 7657//6423 7664//6423 7663//6423
f 7657//6424 7658//6424 7665//6424 7664//6424
f 7658//6425 7659//6425 7666//6425 7665//6425
f 7659//6426 7660//6426 7667//6426 7666//6426
f 117//6427 1810//6427 7619//6427 1803//6427
f 1810//6428 1811//6428 7620//6428 7619//6428
f 1811//6429 1812//6429 7621//6429 7620//6429
f 1812//6430 1813//6430 7622//6430 7621//6430
f 1813//6431 1814//6431 7623//6431 7622//6431
f 1814//6432 1815//6432 7624//6432 7623//6432
f 1815//6433 1816//6433 7625//6433 7624//6433
f 1816//6434 118//6434 1817//6434 7625//6434
f 7625//6435 1817//6435 1818//6435 7632//6435
f 7632//6436 1818//6436 1819//6436 7639//6436
f 7639//6437 1819//6437 1820//6437 7646//6437
f 7646//6438 1820//6438 1821//6438 7653//6438
f 7653//6439 1821//6439 1822//6439 7660//6439
f 7660//6440 1822//6440 1823//6440 7667//6440
f 7667//6441 1823//6441 48//6441 1648//6441
f 7666//6442 7667//6442 1648//6442 1647//6442
f 7665//6443 7666//6443 1647//6443 1646//6443
f 7664//6444 7665//6444 1646//6444 1645//6444
f 7663//6445 7664//6445 1645//6445 1644//6445
f 7662//6446 7663//6446 1644//6446 1643//6446
f 7661//6447 7662//6447 1643//6447 1642//6447
f 1809//6448 7661//6448 1642//6448 47//6448
f 1808//6449 7654//6449 7661//6449 1809//6449
f 1807//6450 7647//6450 7654//6450 1808//6450
f 1806//6451 7640//6451 7647//6451 1807//6451
f 1805//6452 7633//6452 7640//6452 1806//6452
f 1804//6453 7626//6453 7633//6453 1805//6453
f 1803//6454 7619//6454 7626//6454 1804//6454
f 7668//6455 7669//6455 7676//6455 7675//6455
f 7669//6456 7670//6456 7677//6456 7676//6456
f 7670//6457 7671//6457 7678//6457 7677//6457
f 7671//6458 7672//6458 7679//6458 7678//6458
f 7672//6459 7673//6459 7680//6459 7679//6459
f 7673//6460 7674//6460 7681//6460 7680//6460
f 7675//6461 7676//6461 7683//6461 7682//6461
f 7676//6462 7677//6462 7684//6462 7683//6462
f 7677//6463 7678//6463 7685//6463 7684//6463
f 7678//6464 7679//6464 7686//6464 7685//6464
f 7679//6465 7680//6465 7687//6465 7686//6465
f 7680//6466 7681//6466 7688//6466 7687//6466
f 7682//6467 7683//6467 7690//6467 7689//6467
f 7683//6468 7684//6468 7691//6468 7690//6468
f 7684//6469 7685//6469 7692//6469 7691//6469
f 7685//6470 7686//6470 7693//6470 7692//6470
f 7686//6471 7687//6471 7694//6471 7693//6471
f 7687//6472 7688//6472 7695//6472 7694//6472
f 7689//6473 7690//6473 7697//6473 7696//6473
f 7690//6474 7691//6474 7698//6474 7697//6474
f 7691//6475 7692//6475 7699//6475 7698//6475
f 7692//6476 7693//6476 7700//6476 7699//6476
f 7693//6477 7694//6477 7701//6477 7700//6477
f 7694//6478 7695//6478 7702//6478 7701//6478
f 7696//6479 7697//6479 7704//6479 7703//6479
f 7697//6480 7698//6480 7705//6480 7704//6480
f 7698//6481 7699//6481 7706//6481 7705//6481
f 7699//6482 7700//6482 7707//6482 7706//6482
f 7700//6483 7701//6483 7708//6483 7707//6483
f 7701//6484 7702//6484 7709//6484 7708//6484
f 7703//6485 7704//6485 7711//6485 7710//6485
f 7704//6486 7705//6486 7712//6486 7711//6486
f 7705//6487 7706//6487 7713//6487 7712//6487
f 7706//6488 7707//6488 7714//6488 7713//6488
f 7707//6489 7708//6489 7715//6489 7714//6489
f 7708//6490 7709//6490 7716//6490 7715//6490
f 118//6491 1824//6491 7668//6491 1817//6491
f 1824//6492 1825//6492 7669//6492 7668//6492
f 1825//6493 1826//6493 7670//6493 7669//6493
f 1826//6494 1827//6494 7671//6494 7670//6494
f 1827//6495 1828//6495 7672//6495 7671//6495
f 1828//6496 1829//6496 7673//6496 7672//6496
f 1829//6497 1830//6497 7674//6497 7673//6497
f 1830//6498 119//6498 1831//6498 7674//6498
f 7674//6499 1831//6499 1832//6499 7681//6499
f 7681//6500 1832//6500 1833//6500 7688//6500
f 7688//6501 1833//6501 1834//6501 7695//6501
f 7695//6502 1834//6502 1835//6502 7702//6502
f 7702//6503 1835//6503 1836//6503 7709//6503
f 7709//6504 1836//6504 1837//6504 7716//6504
f 7716//6505 1837//6505 49//6505 1662//6505
f 7715//6506 7716//6506 1662//6506 1661//6506
f 7714//6507 7715//6507 1661//6507 1660//6507
f 7713//6508 7714//6508 1660//6508 1659//6508
f 7712//6509 7713//6509 1659//6509 1658//6509
f 7711//6510 7712//6510 1658//6510 1657//6510
f 7710//6511 7711//6511 1657//6511 1656//6511
f 1823//6512 7710//6512 1656//6512 48//6512
f 1822//6513 7703//6513 7710//6513 1823//6513
f 1821//6514 7696//6514 7703//6514 1822//6514
f 1820//6515 7689//6515 7696//6515 1821//6515
f 1819//6516 7682//6516 7689//6516 1820//6516
f 1818//6517 7675//6517 7682//6517 1819//6517
f 1817//6518 7668//6518 7675//6518 1818//6518
f 7717//6519 7718//6519 7725//6519 7724//6519
f 7718//6520 7719//6520 7726//6520 7725//6520
f 7719//6521 7720//6521 7727//6521 7726//6521
f 7720//6522 7721//6522 7728//6522 7727//6522
f 7721//6523 7722//6523 7729//6523 7728//6523
f 7722//6524 7723//6524 7730//6524 7729//6524
f 7724//6525 7725//6525 7732//6525 7731//6525
f 7725//6526 7726//6526 7733//6526 7732//6526
f 7726//6527 7727//6527 7734//6527 7733//6527
f 7727//6528 7728//6528 7735//6528 7734//6528
f 7728//6529 7729//6529 7736//6529 7735//6529
f 7729//6530 7730//6530 7737//6530 7736//6530
f 7731//6531 7732//6531 7739//6531 7738//6531
f 7732//6532 7733//6532 7740//6532 7739//6532
f 7733//6533 7734//6533 7741//6533 7740//6533
f 7734//6534 7735//6534 7742//6534 7741//6534
f 7735//6535 7736//6535 7743//6535 7742//6535
f 7736//6536 7737//6536 7744//6536 7743//6536
f 7738//6537 7739//6537 7746//6537 7745//6537
f 7739//6538 7740//6538 7747//6538 7746//6538
f 7740//6539 7741//6539 7748//6539 7747//6539
f 7741//6540 7742//6540 7749//6540 7748//6540
f 7742//6541 7743//6541 7750//6541 7749//6541
f 7743//6542 7744//6542 7751//6542 7750//6542
f 7745//6543 7746//6543 7753//6543 7752//6543
f 7746//6544 7747//6544 7754//6544 7753//6544
f 7747//6545 7748//6545 7755//6545 7754//6545
f 7748//6546 7749//6546 7756//6546 7755//6546
f 7749//6547 7750//6547 7757//6547 7756//6547
f 7750//6548 7751//6548 7758//6548 7757//6548
f 7752//6549 7753//6549 7760//6549 7759//6549
f 7753//6550 7754//6550 7761//6550 7760//6550
f 7754//6551 7755//6551 7762//6551 7761//6551
f 7755//6552 7756//6552 7763//6552 7762//6552
f 7756//6553 7757//6553 7764//6553 7763//6553
f 7757//6554 7758//6554 7765//6554 7764//6554
f 119//6555 1838//6555 7717//6555 1831//6555
f 1838//6556 1839//6556 7718//6556 7717//6556
f 1839//6557 1840//6557 7719//6557 7718//6557
f 1840//6558 1841//6558 7720//6558 7719//6558
f 1841//6559 1842//6559 7721//6559 7720//6559
f 1842//6560 1843//6560 7722//6560 7721//6560
f 1843//6561 1844//6561 7723//6561 7722//6561
f 1844//6562 116//6562 1795//6562 7723//6562
f 7723//6563 1795//6563 1794//6563 7730//6563
f 7730//6564 1794//6564 1793//6564 7737//6564
f 7737//6565 1793//6565 1792//6565 7744//6565
f 7744//6566 1792//6566 1791//6566 7751//6566
f 7751//6567 1791//6567 1790//6567 7758//6567
f 7758//6568 1790//6568 1789//6568 7765//6568
f 7765//6569 1789//6569 46//6569 1676//6569
f 7764//6570 7765//6570 1676//6570 1675//6570
f 7763//6571 7764//6571 1675//6571 1674//6571
f 7762//6572 7763//6572 1674//6572 1673//6572
f 7761//6573 7762//6573 1673//6573 1672//6573
f 7760//6574 7761//6574 1672//6574 1671//6574
f 7759//6575 7760//6575 1671//6575 1670//6575
f 1837//6576 7759//6576 1670//6576 49//6576
f 1836//6577 7752//6577 7759//6577 1837//6577
f 1835//6578 7745//6578 7752//6578 1836//6578
f 1834//6579 7738//6579 7745//6579 1835//6579
f 1833//6580 7731//6580 7738//6580 1834//6580
f 1832//6581 7724//6581 7731//6581 1833//6581
f 1831//6582 7717//6582 7724//6582 1832//6582
f 7766//6583 7767//6583 7774//6583 7773//6583
f 7767//6584 7768//6584 7775//6584 7774//6584
f 7768//6585 7769//6585 7776//6585 7775//6585
f 7769//6586 7770//6586 7777//6586 7776//6586
f 7770//6587 7771//6587 7778//6587 7777//6587
f 7771//6588 7772//6588 7779//6588 7778//6588
f 7773//6589 7774//6589 7781//6589 7780//6589
f 7774//6590 7775//6590 7782//6590 7781//6590
f 7775//6591 7776//6591 7783//6591 7782//6591
f 7776//6592 7777//6592 7784//6592 7783//6592
f 7777//6593 7778//6593 7785//6593 7784//6593
f 7778//6594 7779//6594 7786//6594 7785//6594
f 7780//6595 7781//6595 7788//6595 7787//6595
f 7781//6596 7782//6596 7789//6596 7788//6596
f 7782//6597 7783//6597 7790//6597 7789//6597
f 7783//6598 7784//6598 7791//6598 7790//6598
f 7784//6599 7785//6599 7792//6599 7791//6599
f 7785//6600 7786//6600 7793//6600 7792//6600
f 7787//6601 7788//6601 7795//6601 7794//6601
f 7788//6602 7789//6602 7796//6602 7795//6602
f 7789//6603 7790//6603 7797//6603 7796//6603
f 7790//6604 7791//6604 7798//6604 7797//6604
f 7791//6605 7792//6605 7799//6605 7798//6605
f 7792//6606 7793//6606 7800//6606 7799//6606
f 7794//6607 7795//6607 7802//6607 7801//6607
f 7795//6608 7796//6608 7803//6608 7802//6608
f 7796//6609 7797//6609 7804//6609 7803//6609
f 7797//6610 7798//6610 7805//6610 7804//6610
f 7798//6611 7799//6611 7806//6611 7805//6611
f 7799//6612 7800//6612 7807//6612 7806//6612
f 7801//6613 7802//6613 7809//6613 7808//6613
f 7802//6614 7803//6614 7810//6614 7809//6614
f 7803//6615 7804//6615 7811//6615 7810//6615
f 7804//6616 7805//6616 7812//6616 7811//6616
f 7805//6617 7806//6617 7813//6617 7812//6617
f 7806//6618 7807//6618 7814//6618 7813//6618
f 56//6619 612//6619 7766//6619 1851//6619
f 612//6620 611//6620 7767//6620 7766//6620
f 611//6621 610//6621 7768//6621 7767//6621
f 610//6622 609//6622 7769//6622 7768//6622
f 609//6623 608//6623 7770//6623 7769//6623
f 608//6624 607//6624 7771//6624 7770//6624
f 607//6625 606//6625 7772//6625 7771//6625
f 606//6626 57//6626 1852//6626 7772//6626
f 7772//6627 1852//6627 1853//6627 7779//6627
f 7779//6628 1853//6628 1854//6628 7786//6628
f 7786//6629 1854//6629 1855//6629 7793//6629
f 7793//6630 1855//6630 1856//6630 7800//6630
f 7800//6631 1856//6631 1857//6631 7807//6631
f 7807//6632 1857//6632 1858//6632 7814//6632
f 7814//6633 1858//6633 117//6633 1802//6633
f 7813//6634 7814//6634 1802//6634 1801//6634
f 7812//6635 7813//6635 1801//6635 1800//6635
f 7811//6636 7812//6636 1800//6636 1799//6636
f 7810//6637 7811//6637 1799//6637 1798//6637
f 7809//6638 7810//6638 1798//6638 1797//6638
f 7808//6639 7809//6639 1797//6639 1796//6639
f 1845//6640 7808//6640 1796//6640 116//6640
f 1846//6641 7801//6641 7808//6641 1845//6641
f 1847//6642 7794//6642 7801//6642 1846//6642
f 1848//6643 7787//6643 7794//6643 1847//6643
f 1849//6644 7780//6644 7787//6644 1848//6644
f 1850//6645 7773//6645 7780//6645 1849//6645
f 1851//6646 7766//6646 7773//6646 1850//6646
f 7815//6647 7816//6647 7823//6647 7822//6647
f 7816//6648 7817//6648 7824//6648 7823//6648
f 7817//6649 7818//6649 7825//6649 7824//6649
f 7818//6650 7819//6650 7826//6650 7825//6650
f 7819//6651 7820//6651 7827//6651 7826//6651
f 7820//6652 7821//6652 7828//6652 7827//6652
f 7822//6653 7823//6653 7830//6653 7829//6653
f 7823//6654 7824//6654 7831//6654 7830//6654
f 7824//6655 7825//6655 7832//6655 7831//6655
f 7825//6656 7826//6656 7833//6656 7832//6656
f 7826//6657 7827//6657 7834//6657 7833//6657
f 7827//6658 7828//6658 7835//6658 7834//6658
f 7829//6659 7830//6659 7837//6659 7836//6659
f 7830//6660 7831//6660 7838//6660 7837//6660
f 7831//6661 7832//6661 7839//6661 7838//6661
f 7832//6662 7833//6662 7840//6662 7839//6662
f 7833//6663 7834//6663 7841//6663 7840//6663
f 7834//6664 7835//6664 7842//6664 7841//6664
f 7836//6665 7837//6665 7844//6665 7843//6665
f 7837//6666 7838//6666 7845//6666 7844//6666
f 7838//6667 7839//6667 7846//6667 7845//6667
f 7839//6668 7840//6668 7847//6668 7846//6668
f 7840//6669 7841//6669 7848//6669 7847//6669
f 7841//6670 7842//6670 7849//6670 7848//6670
f 7843//6671 7844//6671 7851//6671 7850//6671
f 7844//6672 7845//6672 7852//6672 7851//6672
f 7845//6673 7846//6673 7853//6673 7852//6673
f 7846//6674 7847//6674 7854//6674 7853//6674
f 7847//6675 7848//6675 7855//6675 7854//6675
f 7848//6676 7849//6676 7856//6676 7855//6676
f 7850//6677 7851//6677 7858//6677 7857//6677
f 7851//6678 7852//6678 7859//6678 7858//6678
f 7852//6679 7853//6679 7860//6679 7859//6679
f 7853//6680 7854//6680 7861//6680 7860//6680
f 7854//6681 7855//6681 7862//6681 7861//6681
f 7855//6682 7856//6682 7863//6682 7862//6682
f 57//6683 605//6683 7815//6683 1852//6683
f 605//6684 604//6684 7816//6684 7815//6684
f 604//6685 603//6685 7817//6685 7816//6685
f 603//6686 602//6686 7818//6686 7817//6686
f 602//6687 601//6687 7819//6687 7818//6687
f 601//6688 600//6688 7820//6688 7819//6688
f 600//6689 599//6689 7821//6689 7820//6689
f 599//6690 58//6690 1859//6690 7821//6690
f 7821//6691 1859//6691 1860//6691 7828//6691
f 7828//6692 1860//6692 1861//6692 7835//6692
f 7835//6693 1861//6693 1862//6693 7842//6693
f 7842//6694 1862//6694 1863//6694 7849//6694
f 7849//6695 1863//6695 1864//6695 7856//6695
f 7856//6696 1864//6696 1865//6696 7863//6696
f 7863//6697 1865//6697 118//6697 1816//6697
f 7862//6698 7863//6698 1816//6698 1815//6698
f 7861//6699 7862//6699 1815//6699 1814//6699
f 7860//6700 7861//6700 1814//6700 1813//6700
f 7859//6701 7860//6701 1813//6701 1812//6701
f 7858//6702 7859//6702 1812//6702 1811//6702
f 7857//6703 7858//6703 1811//6703 1810//6703
f 1858//6704 7857//6704 1810//6704 117//6704
f 1857//6705 7850//6705 7857//6705 1858//6705
f 1856//6706 7843//6706 7850//6706 1857//6706
f 1855//6707 7836//6707 7843//6707 1856//6707
f 1854//6708 7829//6708 7836//6708 1855//6708
f 1853//6709 7822//6709 7829//6709 1854//6709
f 1852//6710 7815//6710 7822//6710 1853//6710
f 7864//6711 7865//6711 7872//6711 7871//6711
f 7865//6712 7866//6712 7873//6712 7872//6712
f 7866//6713 7867//6713 7874//6713 7873//6713
f 7867//6714 7868//6714 7875//6714 7874//6714
f 7868//6715 7869//6715 7876//6715 7875//6715
f 7869//6716 7870//6716 7877//6716 7876//6716
f 7871//6717 7872//6717 7879//6717 7878//6717
f 7872//6718 7873//6718 7880//6718 7879//6718
f 7873//6719 7874//6719 7881//6719 7880//6719
f 7874//6720 7875//6720 7882//6720 7881//6720
f 7875//6721 7876//6721 7883//6721 7882//6721
f 7876//6722 7877//6722 7884//6722 7883//6722
f 7878//6723 7879//6723 7886//6723 7885//6723
f 7879//6724 7880//6724 7887//6724 7886//6724
f 7880//6725 7881//6725 7888//6725 7887//6725
f 7881//6726 7882//6726 7889//6726 7888//6726
f 7882//6727 7883//6727 7890//6727 7889//6727
f 7883//6728 7884//6728 7891//6728 7890//6728
f 7885//6729 7886//6729 7893//6729 7892//6729
f 7886//6730 7887//6730 7894//6730 7893//6730
f 7887//6731 7888//6731 7895//6731 7894//6731
f 7888//6732 7889//6732 7896//6732 7895//6732
f 7889//6733 7890//6733 7897//6733 7896//6733
f 7890//6734 7891//6734 7898//6734 7897//6734
f 7892//6735 7893//6735 7900//6735 7899//6735
f 7893//6736 7894//6736 7901//6736 7900//6736
f 7894//6737 7895//6737 7902//6737 7901//6737
f 7895//6738 7896//6738 7903//6738 7902//6738
f 7896//6739 7897//6739 7904//6739 7903//6739
f 7897//6740 7898//6740 7905//6740 7904//6740
f 7899//6741 7900//6741 7907//6741 7906//6741
f 7900//6742 7901//6742 7908//6742 7907//6742
f 7901//6743 7902//6743 7909//6743 7908//6743
f 7902//6744 7903//6744 7910//6744 7909//6744
f 7903//6745 7904//6745 7911//6745 7910//6745
f 7904//6746 7905//6746 7912//6746 7911//6746
f 58//6747 598//6747 7864//6747 1859//6747
f 598//6748 597//6748 7865//6748 7864//6748
f 597//6749 596//6749 7866//6749 7865//6749
f 596//6750 595//6750 7867//6750 7866//6750
f 595//6751 594//6751 7868//6751 7867//6751
f 594//6752 593//6752 7869//6752 7868//6752
f 593//6753 592//6753 7870//6753 7869//6753
f 592//6754 59//6754 1866//6754 7870//6754
f 7870//6755 1866//6755 1867//6755 7877//6755
f 7877//6756 1867//6756 1868//6756 7884//6756
f 7884//6757 1868//6757 1869//6757 7891//6757
f 7891//6758 1869//6758 1870//6758 7898//6758
f 7898//6759 1870//6759 1871//6759 7905//6759
f 7905//6760 1871//6760 1872//6760 7912//6760
f 7912//6761 1872//6761 119//6761 1830//6761
f 7911//6762 7912//6762 1830//6762 1829//6762
f 7910//6763 7911//6763 1829//6763 1828//6763
f 7909//6764 7910//6764 1828//6764 1827//6764
f 7908//6765 7909//6765 1827//6765 1826//6765
f 7907//6766 7908//6766 1826//6766 1825//6766
f 7906//6767 7907//6767 1825//6767 1824//6767
f 1865//6768 7906//6768 1824//6768 118//6768
f 1864//6769 7899//6769 7906//6769 1865//6769
f 1863//6770 7892//6770 7899//6770 1864//6770
f 1862//6771 7885//6771 7892//6771 1863//6771
f 1861//6772 7878//6772 7885//6772 1862//6772
f 1860//6773 7871//6773 7878//6773 1861//6773
f 1859//6774 7864//6774 7871//6774 1860//6774
f 7913//6775 7914//6775 7921//6775 7920//6775
f 7914//6776 7915//6776 7922//6776 7921//6776
f 7915//6777 7916//6777 7923//6777 7922//6777
f 7916//6778 7917//6778 7924//6778 7923//6778
f 7917//6779 7918//6779 7925//6779 7924//6779
f 7918//6780 7919//6780 7926//6780 7925//6780
f 7920//6781 7921//6781 7928//6781 7927//6781
f 7921//6782 7922//6782 7929//6782 7928//6782
f 7922//6783 7923//6783 7930//6783 7929//6783
f 7923//6784 7924//6784 7931//6784 7930//6784
f 7924//6785 7925//6785 7932//6785 7931//6785
f 7925//6786 7926//6786 7933//6786 7932//6786
f 7927//6787 7928//6787 7935//6787 7934//6787
f 7928//6788 7929//6788 7936//6788 7935//6788
f 7929//6789 7930//6789 7937//6789 7936//6789
f 7930//6790 7931//6790 7938//6790 7937//6790
f 7931//6791 7932//6791 7939//6791 7938//6791
f 7932//6792 7933//6792 7940//6792 7939//6792
f 7934//6793 7935//6793 7942//6793 7941//6793
f 7935//6794 7936//6794 7943//6794 7942//6794
f 7936//6795 7937//6795 7944//6795 7943//6795
f 7937//6796 7938//6796 7945//6796 7944//6796
f 7938//6797 7939//6797 7946//6797 7945//6797
f 7939//6798 7940//6798 7947//6798 7946//6798
f 7941//6799 7942//6799 7949//6799 7948//6799
f 7942//6800 7943//6800 7950//6800 7949//6800
f 7943//6801 7944//6801 7951//6801 7950//6801
f 7944//6802 7945//6802 7952//6802 7951//6802
f 7945//6803 7946//6803 7953//6803 7952//6803
f 7946//6804 7947//6804 7954//6804 7953//6804
f 7948//6805 7949//6805 7956//6805 7955//6805
f 7949//6806 7950//6806 7957//6806 7956//6806
f 7950//6807 7951//6807 7958//6807 7957//6807
f 7951//6808 7952//6808 7959//6808 7958//6808
f 7952//6809 7953//6809 7960//6809 7959//6809
f 7953//6810 7954//6810 7961//6810 7960//6810
f 59//6811 591//6811 7913//6811 1866//6811
f 591//6812 590//6812 7914//6812 7913//6812
f 590//6813 589//6813 7915//6813 7914//6813
f 589//6814 588//6814 7916//6814 7915//6814
f 588//6815 587//6815 7917//6815 7916//6815
f 587//6816 586//6816 7918//6816 7917//6816
f 586//6817 585//6817 7919//6817 7918//6817
f 585//6818 56//6818 1851//6818 7919//6818
f 7919//6819 1851//6819 1850//6819 7926//6819
f 7926//6820 1850//6820 1849//6820 7933//6820
f 7933//6821 1849//6821 1848//6821 7940//6821
f 7940//6822 1848//6822 1847//6822 7947//6822
f 7947//6823 1847//6823 1846//6823 7954//6823
f 7954//6824 1846//6824 1845//6824 7961//6824
f 7961//6825 1845//6825 116//6825 1844//6825
f 7960//6826 7961//6826 1844//6826 1843//6826
f 7959//6827 7960//6827 1843//6827 1842//6827
f 7958//6828 7959//6828 1842//6828 1841//6828
f 7957//6829 7958//6829 1841//6829 1840//6829
f 7956//6830 7957//6830 1840//6830 1839//6830
f 7955//6831 7956//6831 1839//6831 1838//6831
f 1872//6832 7955//6832 1838//6832 119//6832
f 1871//6833 7948//6833 7955//6833 1872//6833
f 1870//6834 7941//6834 7948//6834 1871//6834
f 1869//6835 7934//6835 7941//6835 1870//6835
f 1868//6836 7927//6836 7934//6836 1869//6836
f 1867//6837 7920//6837 7927//6837 1868//6837
f 1866//6838 7913//6838 7920//6838 1867//6838
f 7962//6839 7963//6839 7970//6839 7969//6839
f 7963//6840 7964//6840 7971//6840 7970//6840
f 7964//6841 7965//6841 7972//6841 7971//6841
f 7965//6842 7966//6842 7973//6842 7972//6842
f 7966//6843 7967//6843 7974//6843 7973//6843
f 7967//6844 7968//6844 7975//6844 7974//6844
f 7969//6845 7970//6845 7977//6845 7976//6845
f 7970//6846 7971//6846 7978//6846 7977//6846
f 7971//6847 7972//6847 7979//6847 7978//6847
f 7972//6848 7973//6848 7980//6848 7979//6848
f 7973//6849 7974//6849 7981//6849 7980//6849
f 7974//6850 7975//6850 7982//6850 7981//6850
f 7976//6851 7977//6851 7984//6851 7983//6851
f 7977//6852 7978//6852 7985//6852 7984//6852
f 7978//6853 7979//6853 7986//6853 7985//6853
f 7979//6854 7980//6854 7987//6854 7986//6854
f 7980//6855 7981//6855 7988//6855 7987//6855
f 7981//6856 7982//6856 7989//6856 7988//6856
f 7983//6857 7984//6857 7991//6857 7990//6857
f 7984//6858 7985//6858 7992//6858 7991//6858
f 7985//6859 7986//6859 7993//6859 7992//6859
f 7986//6860 7987//6860 7994//6860 7993//6860
f 7987//6861 7988//6861 7995//6861 7994//6861
f 7988//6862 7989//6862 7996//6862 7995//6862
f 7990//6863 7991//6863 7998//6863 7997//6863
f 7991//6864 7992//6864 7999//6864 7998//6864
f 7992//6865 7993//6865 8000//6865 7999//6865
f 7993//6866 7994//6866 8001//6866 8000//6866
f 7994//6867 7995//6867 8002//6867 8001//6867
f 7995//6868 7996//6868 8003//6868 8002//6868
f 7997//6869 7998//6869 8005//6869 8004//6869
f 7998//6870 7999//6870 8006//6870 8005//6870
f 7999//6871 8000//6871 8007//6871 8006//6871
f 8000//6872 8001//6872 8008//6872 8007//6872
f 8001//6873 8002//6873 8009//6873 8008//6873
f 8002//6874 8003//6874 8010//6874 8009//6874
f 60//6875 640//6875 7962//6875 1879//6875
f 640//6876 639//6876 7963//6876 7962//6876
f 639//6877 638//6877 7964//6877 7963//6877
f 638//6878 637//6878 7965//6878 7964//6878
f 637//6879 636//6879 7966//6879 7965//6879
f 636//6880 635//6880 7967//6880 7966//6880
f 635//6881 634//6881 7968//6881 7967//6881
f 634//6882 61//6882 1880//6882 7968//6882
f 7968//6883 1880//6883 1881//6883 7975//6883
f 7975//6884 1881//6884 1882//6884 7982//6884
f 7982//6885 1882//6885 1883//6885 7989//6885
f 7989//6886 1883//6886 1884//6886 7996//6886
f 7996//6887 1884//6887 1885//6887 8003//6887
f 8003//6888 1885//6888 1886//6888 8010//6888
f 8010//6889 1886//6889 121//6889 1887//6889
f 8009//6890 8010//6890 1887//6890 1888//6890
f 8008//6891 8009//6891 1888//6891 1889//6891
f 8007//6892 8008//6892 1889//6892 1890//6892
f 8006//6893 8007//6893 1890//6893 1891//6893
f 8005//6894 8006//6894 1891//6894 1892//6894
f 8004//6895 8005//6895 1892//6895 1893//6895
f 1873//6896 8004//6896 1893//6896 120//6896
f 1874//6897 7997//6897 8004//6897 1873//6897
f 1875//6898 7990//6898 7997//6898 1874//6898
f 1876//6899 7983//6899 7990//6899 1875//6899
f 1877//6900 7976//6900 7983//6900 1876//6900
f 1878//6901 7969//6901 7976//6901 1877//6901
f 1879//6902 7962//6902 7969//6902 1878//6902
f 8011//6903 8012//6903 8019//6903 8018//6903
f 8012//6904 8013//6904 8020//6904 8019//6904
f 8013//6905 8014//6905 8021//6905 8020//6905
f 8014//6906 8015//6906 8022//6906 8021//6906
f 8015//6907 8016//6907 8023//6907 8022//6907
f 8016//6908 8017//6908 8024//6908 8023//6908
f 8018//6909 8019//6909 8026//6909 8025//6909
f 8019//6910 8020//6910 8027//6910 8026//6910
f 8020//6911 8021//6911 8028//6911 8027//6911
f 8021//6912 8022//6912 8029//6912 8028//6912
f 8022//6913 8023//6913 8030//6913 8029//6913
f 8023//6914 8024//6914 8031//6914 8030//6914
f 8025//6915 8026//6915 8033//6915 8032//6915
f 8026//6916 8027//6916 8034//6916 8033//6916
f 8027//6917 8028//6917 8035//6917 8034//6917
f 8028//6918 8029//6918 8036//6918 8035//6918
f 8029//6919 8030//6919 8037//6919 8036//6919
f 8030//6920 8031//6920 8038//6920 8037//6920
f 8032//6921 8033//6921 8040//6921 8039//6921
f 8033//6922 8034//6922 8041//6922 8040//6922
f 8034//6923 8035//6923 8042//6923 8041//6923
f 8035//6924 8036//6924 8043//6924 8042//6924
f 8036//6925 8037//6925 8044//6925 8043//6925
f 8037//6926 8038//6926 8045//6926 8044//6926
f 8039//6927 8040//6927 8047//6927 8046//6927
f 8040//6928 8041//6928 8048//6928 8047//6928
f 8041//6929 8042//6929 8049//6929 8048//6929
f 8042//6930 8043//6930 8050//6930 8049//6930
f 8043//6931 8044//6931 8051//6931 8050//6931
f 8044//6932 8045//6932 8052//6932 8051//6932
f 8046//6933 8047//6933 8054//6933 8053//6933
f 8047//6934 8048//6934 8055//6934 8054//6934
f 8048//6935 8049//6935 8056//6935 8055//6935
f 8049//6936 8050//6936 8057//6936 8056//6936
f 8050//6937 8051//6937 8058//6937 8057//6937
f 8051//6938 8052//6938 8059//6938 8058//6938
f 61//6939 633//6939 8011//6939 1880//6939
f 633//6940 632//6940 8012//6940 8011//6940
f 632//6941 631//6941 8013//6941 8012//6941
f 631//6942 630//6942 8014//6942 8013//6942
f 630//6943 629//6943 8015//6943 8014//6943
f 629//6944 628//6944 8016//6944 8015//6944
f 628//6945 627//6945 8017//6945 8016//6945
f 627//6946 62//6946 1894//6946 8017//6946
f 8017//6947 1894//6947 1895//6947 8024//6947
f 8024//6948 1895//6948 1896//6948 8031//6948
f 8031//6949 1896//6949 1897//6949 8038//6949
f 8038//6950 1897//6950 1898//6950 8045//6950
f 8045//6951 1898//6951 1899//6951 8052//6951
f 8052//6952 1899//6952 1900//6952 8059//6952
f 8059//6953 1900//6953 122//6953 1901//6953
f 8058//6954 8059//6954 1901//6954 1902//6954
f 8057//6955 8058//6955 1902//6955 1903//6955
f 8056//6956 8057//6956 1903//6956 1904//6956
f 8055//6957 8056//6957 1904//6957 1905//6957
f 8054//6958 8055//6958 1905//6958 1906//6958
f 8053//6959 8054//6959 1906//6959 1907//6959
f 1886//6960 8053//6960 1907//6960 121//6960
f 1885//6961 8046//6961 8053//6961 1886//6961
f 1884//6962 8039//6962 8046//6962 1885//6962
f 1883//6963 8032//6963 8039//6963 1884//6963
f 1882//6964 8025//6964 8032//6964 1883//6964
f 1881//6965 8018//6965 8025//6965 1882//6965
f 1880//6966 8011//6966 8018//6966 1881//6966
f 8060//6967 8061//6967 8068//6967 8067//6967
f 8061//6968 8062//6968 8069//6968 8068//6968
f 8062//6969 8063//6969 8070//6969 8069//6969
f 8063//6970 8064//6970 8071//6970 8070//6970
f 8064//6971 8065//6971 8072//6971 8071//6971
f 8065//6972 8066//6972 8073//6972 8072//6972
f 8067//6973 8068//6973 8075//6973 8074//6973
f 8068//6974 8069//6974 8076//6974 8075//6974
f 8069//6975 8070//6975 8077//6975 8076//6975
f 8070//6976 8071//6976 8078//6976 8077//6976
f 8071//6977 8072//6977 8079//6977 8078//6977
f 8072//6978 8073//6978 8080//6978 8079//6978
f 8074//6979 8075//6979 8082//6979 8081//6979
f 8075//6980 8076//6980 8083//6980 8082//6980
f 8076//6981 8077//6981 8084//6981 8083//6981
f 8077//6982 8078//6982 8085//6982 8084//6982
f 8078//6983 8079//6983 8086//6983 8085//6983
f 8079//6984 8080//6984 8087//6984 8086//6984
f 8081//6985 8082//6985 8089//6985 8088//6985
f 8082//6986 8083//6986 8090//6986 8089//6986
f 8083//6987 8084//6987 8091//6987 8090//6987
f 8084//6988 8085//6988 8092//6988 8091//6988
f 8085//6989 8086//6989 8093//6989 8092//6989
f 8086//6990 8087//6990 8094//6990 8093//6990
f 8088//6991 8089//6991 8096//6991 8095//6991
f 8089//6992 8090//6992 8097//6992 8096//6992
f 8090//6993 8091//6993 8098//6993 8097//6993
f 8091//6994 8092//6994 8099//6994 8098//6994
f 8092//6995 8093//6995 8100//6995 8099//6995
f 8093//6996 8094//6996 8101//6996 8100//6996
f 8095//6997 8096//6997 8103//6997 8102//6997
f 8096//6998 8097//6998 8104//6998 8103//6998
f 8097//6999 8098//6999 8105//6999 8104//6999
f 8098//7000 8099//7000 8106//7000 8105//7000
f 8099//7001 8100//7001 8107//7001 8106//7001
f 8100//7002 8101//7002 8108//7002 8107//7002
f 62//7003 626//7003 8060//7003 1894//7003
f 626//7004 625//7004 8061//7004 8060//7004
f 625//7005 624//7005 8062//7005 8061//7005
f 624//7006 623//7006 8063//7006 8062//7006
f 623//7007 622//7007 8064//7007 8063//7007
f 622//7008 621//7008 8065//7008 8064//7008
f 621//7009 620//7009 8066//7009 8065//7009
f 620//7010 63//7010 1908//7010 8066//7010
f 8066//7011 1908//7011 1909//7011 8073//7011
f 8073//7012 1909//7012 1910//7012 8080//7012
f 8080//7013 1910//7013 1911//7013 8087//7013
f 8087//7014 1911//7014 1912//7014 8094//7014
f 8094//7015 1912//7015 1913//7015 8101//7015
f 8101//7016 1913//7016 1914//7016 8108//7016
f 8108//7017 1914//7017 123//7017 1915//7017
f 8107//7018 8108//7018 1915//7018 1916//7018
f 8106//7019 8107//7019 1916//7019 1917//7019
f 8105//7020 8106//7020 1917//7020 1918//7020
f 8104//7021 8105//7021 1918//7021 1919//7021
f 8103//7022 8104//7022 1919//7022 1920//7022
f 8102//7023 8103//7023 1920//7023 1921//7023
f 1900//7024 8102//7024 1921//7024 122//7024
f 1899//7025 8095//7025 8102//7025 1900//7025
f 1898//7026 8088//7026 8095//7026 1899//7026
f 1897//7027 8081//7027 8088//7027 1898//7027
f 1896//7028 8074//7028 8081//7028 1897//7028
f 1895//7029 8067//7029 8074//7029 1896//7029
f 1894//7030 8060//7030 8067//7030 1895//7030
f 8109//7031 8110//7031 8117//7031 8116//7031
f 8110//7032 8111//7032 8118//7032 8117//7032
f 8111//7033 8112//7033 8119//7033 8118//7033
f 8112//7034 8113//7034 8120//7034 8119//7034
f 8113//7035 8114//7035 8121//7035 8120//7035
f 8114//7036 8115//7036 8122//7036 8121//7036
f 8116//7037 8117//7037 8124//7037 8123//7037
f 8117//7038 8118//7038 8125//7038 8124//7038
f 8118//7039 8119//7039 8126//7039 8125//7039
f 8119//7040 8120//7040 8127//7040 8126//7040
f 8120//7041 8121//7041 8128//7041 8127//7041
f 8121//7042 8122//7042 8129//7042 8128//7042
f 8123//7043 8124//7043 8131//7043 8130//7043
f 8124//7044 8125//7044 8132//7044 8131//7044
f 8125//7045 8126//7045 8133//7045 8132//7045
f 8126//7046 8127//7046 8134//7046 8133//7046
f 8127//7047 8128//7047 8135//7047 8134//7047
f 8128//7048 8129//7048 8136//7048 8135//7048
f 8130//7049 8131//7049 8138//7049 8137//7049
f 8131//7050 8132//7050 8139//7050 8138//7050
f 8132//7051 8133//7051 8140//7051 8139//7051
f 8133//7052 8134//7052 8141//7052 8140//7052
f 8134//7053 8135//7053 8142//7053 8141//7053
f 8135//7054 8136//7054 8143//7054 8142//7054
f 8137//7055 8138//7055 8145//7055 8144//7055
f 8138//7056 8139//7056 8146//7056 8145//7056
f 8139//7057 8140//7057 8147//7057 8146//7057
f 8140//7058 8141//7058 8148//7058 8147//7058
f 8141//7059 8142//7059 8149//7059 8148//7059
f 8142//7060 8143//7060 8150//7060 8149//7060
f 8144//7061 8145//7061 8152//7061 8151//7061
f 8145//7062 8146//7062 8153//7062 8152//7062
f 8146//7063 8147//7063 8154//7063 8153//7063
f 8147//7064 8148//7064 8155//7064 8154//7064
f 8148//7065 8149//7065 8156//7065 8155//7065
f 8149//7066 8150//7066 8157//7066 8156//7066
f 63//7067 619//7067 8109//7067 1908//7067
f 619//7068 618//7068 8110//7068 8109//7068
f 618//7069 617//7069 8111//7069 8110//7069
f 617//7070 616//7070 8112//7070 8111//7070
f 616//7071 615//7071 8113//7071 8112//7071
f 615//7072 614//7072 8114//7072 8113//7072
f 614//7073 613//7073 8115//7073 8114//7073
f 613//7074 60//7074 1879//7074 8115//7074
f 8115//7075 1879//7075 1878//7075 8122//7075
f 8122//7076 1878//7076 1877//7076 8129//7076
f 8129//7077 1877//7077 1876//7077 8136//7077
f 8136//7078 1876//7078 1875//7078 8143//7078
f 8143//7079 1875//7079 1874//7079 8150//7079
f 8150//7080 1874//7080 1873//7080 8157//7080
f 8157//7081 1873//7081 120//7081 1922//7081
f 8156//7082 8157//7082 1922//7082 1923//7082
f 8155//7083 8156//7083 1923//7083 1924//7083
f 8154//7084 8155//7084 1924//7084 1925//7084
f 8153//7085 8154//7085 1925//7085 1926//7085
f 8152//7086 8153//7086 1926//7086 1927//7086
f 8151//7087 8152//7087 1927//7087 1928//7087
f 1914//7088 8151//7088 1928//7088 123//7088
f 1913//7089 8144//7089 8151//7089 1914//7089
f 1912//7090 8137//7090 8144//7090 1913//7090
f 1911//7091 8130//7091 8137//7091 1912//7091
f 1910//7092 8123//7092 8130//7092 1911//7092
f 1909//7093 8116//7093 8123//7093 1910//7093
f 1908//7094 8109//7094 8116//7094 1909//7094
f 8158//7095 8159//7095 8166//7095 8165//7095
f 8159//7096 8160//7096 8167//7096 8166//7096
f 8160//7097 8161//7097 8168//7097 8167//7097
f 8161//7098 8162//7098 8169//7098 8168//7098
f 8162//7099 8163//7099 8170//7099 8169//7099
f 8163//7100 8164//7100 8171//7100 8170//7100
f 8165//7101 8166//7101 8173//7101 8172//7101
f 8166//7102 8167//7102 8174//7102 8173//7102
f 8167//7103 8168//7103 8175//7103 8174//7103
f 8168//7104 8169//7104 8176//7104 8175//7104
f 8169//7105 8170//7105 8177//7105 8176//7105
f 8170//7106 8171//7106 8178//7106 8177//7106
f 8172//7107 8173//7107 8180//7107 8179//7107
f 8173//7108 8174//7108 8181//7108 8180//7108
f 8174//7109 8175//7109 8182//7109 8181//7109
f 8175//7110 8176//7110 8183//7110 8182//7110
f 8176//7111 8177//7111 8184//7111 8183//7111
f 8177//7112 8178//7112 8185//7112 8184//7112
f 8179//7113 8180//7113 8187//7113 8186//7113
f 8180//7114 8181//7114 8188//7114 8187//7114
f 8181//7115 8182//7115 8189//7115 8188//7115
f 8182//7116 8183//7116 8190//7116 8189//7116
f 8183//7117 8184//7117 8191//7117 8190//7117
f 8184//7118 8185//7118 8192//7118 8191//7118
f 8186//7119 8187//7119 8194//7119 8193//7119
f 8187//7120 8188//7120 8195//7120 8194//7120
f 8188//7121 8189//7121 8196//7121 8195//7121
f 8189//7122 8190//7122 8197//7122 8196//7122
f 8190//7123 8191//7123 8198//7123 8197//7123
f 8191//7124 8192//7124 8199//7124 8198//7124
f 8193//7125 8194//7125 8201//7125 8200//7125
f 8194//7126 8195//7126 8202//7126 8201//7126
f 8195//7127 8196//7127 8203//7127 8202//7127
f 8196//7128 8197//7128 8204//7128 8203//7128
f 8197//7129 8198//7129 8205//7129 8204//7129
f 8198//7130 8199//7130 8206//7130 8205//7130
f 120//7131 1893//7131 8158//7131 1935//7131
f 1893//7132 1892//7132 8159//7132 8158//7132
f 1892//7133 1891//7133 8160//7133 8159//7133
f 1891//7134 1890//7134 8161//7134 8160//7134
f 1890//7135 1889//7135 8162//7135 8161//7135
f 1889//7136 1888//7136 8163//7136 8162//7136
f 1888//7137 1887//7137 8164//7137 8163//7137
f 1887//7138 121//7138 1936//7138 8164//7138
f 8164//7139 1936//7139 1937//7139 8171//7139
f 8171//7140 1937//7140 1938//7140 8178//7140
f 8178//7141 1938//7141 1939//7141 8185//7141
f 8185//7142 1939//7142 1940//7142 8192//7142
f 8192//7143 1940//7143 1941//7143 8199//7143
f 8199//7144 1941//7144 1942//7144 8206//7144
f 8206//7145 1942//7145 53//7145 1690//7145
f 8205//7146 8206//7146 1690//7146 1689//7146
f 8204//7147 8205//7147 1689//7147 1688//7147
f 8203//7148 8204//7148 1688//7148 1687//7148
f 8202//7149 8203//7149 1687//7149 1686//7149
f 8201//7150 8202//7150 1686//7150 1685//7150
f 8200//7151 8201//7151 1685//7151 1684//7151
f 1929//7152 8200//7152 1684//7152 52//7152
f 1930//7153 8193//7153 8200//7153 1929//7153
f 1931//7154 8186//7154 8193//7154 1930//7154
f 1932//7155 8179//7155 8186//7155 1931//7155
f 1933//7156 8172//7156 8179//7156 1932//7156
f 1934//7157 8165//7157 8172//7157 1933//7157
f 1935//7158 8158//7158 8165//7158 1934//7158
f 8207//7159 8208//7159 8215//7159 8214//7159
f 8208//7160 8209//7160 8216//7160 8215//7160
f 8209//7161 8210//7161 8217//7161 8216//7161
f 8210//7162 8211//7162 8218//7162 8217//7162
f 8211//7163 8212//7163 8219//7163 8218//7163
f 8212//7164 8213//7164 8220//7164 8219//7164
f 8214//7165 8215//7165 8222//7165 8221//7165
f 8215//7166 8216//7166 8223//7166 8222//7166
f 8216//7167 8217//7167 8224//7167 8223//7167
f 8217//7168 8218//7168 8225//7168 8224//7168
f 8218//7169 8219//7169 8226//7169 8225//7169
f 8219//7170 8220//7170 8227//7170 8226//7170
f 8221//7171 8222//7171 8229//7171 8228//7171
f 8222//7172 8223//7172 8230//7172 8229//7172
f 8223//7173 8224//7173 8231//7173 8230//7173
f 8224//7174 8225//7174 8232//7174 8231//7174
f 8225//7175 8226//7175 8233//7175 8232//7175
f 8226//7176 8227//7176 8234//7176 8233//7176
f 8228//7177 8229//7177 8236//7177 8235//7177
f 8229//7178 8230//7178 8237//7178 8236//7178
f 8230//7179 8231//7179 8238//7179 8237//7179
f 8231//7180 8232//7180 8239//7180 8238//7180
f 8232//7181 8233//7181 8240//7181 8239//7181
f 8233//7182 8234//7182 8241//7182 8240//7182
f 8235//7183 8236//7183 8243//7183 8242//7183
f 8236//7184 8237//7184 8244//7184 8243//7184
f 8237//7185 8238//7185 8245//7185 8244//7185
f 8238//7186 8239//7186 8246//7186 8245//7186
f 8239//7187 8240//7187 8247//7187 8246//7187
f 8240//7188 8241//7188 8248//7188 8247//7188
f 8242//7189 8243//7189 8250//7189 8249//7189
f 8243//7190 8244//7190 8251//7190 8250//7190
f 8244//7191 8245//7191 8252//7191 8251//7191
f 8245//7192 8246//7192 8253//7192 8252//7192
f 8246//7193 8247//7193 8254//7193 8253//7193
f 8247//7194 8248//7194 8255//7194 8254//7194
f 121//7195 1907//7195 8207//7195 1936//7195
f 1907//7196 1906//7196 8208//7196 8207//7196
f 1906//7197 1905//7197 8209//7197 8208//7197
f 1905//7198 1904//7198 8210//7198 8209//7198
f 1904//7199 1903//7199 8211//7199 8210//7199
f 1903//7200 1902//7200 8212//7200 8211//7200
f 1902//7201 1901//7201 8213//7201 8212//7201
f 1901//7202 122//7202 1943//7202 8213//7202
f 8213//7203 1943//7203 1944//7203 8220//7203
f 8220//7204 1944//7204 1945//7204 8227//7204
f 8227//7205 1945//7205 1946//7205 8234//7205
f 8234//7206 1946//7206 1947//7206 8241//7206
f 8241//7207 1947//7207 1948//7207 8248//7207
f 8248//7208 1948//7208 1949//7208 8255//7208
f 8255//7209 1949//7209 54//7209 1711//7209
f 8254//7210 8255//7210 1711//7210 1710//7210
f 8253//7211 8254//7211 1710//7211 1709//7211
f 8252//7212 8253//7212 1709//7212 1708//7212
f 8251//7213 8252//7213 1708//7213 1707//7213
f 8250//7214 8251//7214 1707//7214 1706//7214
f 8249//7215 8250//7215 1706//7215 1705//7215
f 1942//7216 8249//7216 1705//7216 53//7216
f 1941//7217 8242//7217 8249//7217 1942//7217
f 1940//7218 8235//7218 8242//7218 1941//7218
f 1939//7219 8228//7219 8235//7219 1940//7219
f 1938//7220 8221//7220 8228//7220 1939//7220
f 1937//7221 8214//7221 8221//7221 1938//7221
f 1936//7222 8207//7222 8214//7222 1937//7222
f 8256//7223 8257//7223 8264//7223 8263//7223
f 8257//7224 8258//7224 8265//7224 8264//7224
f 8258//7225 8259//7225 8266//7225 8265//7225
f 8259//7226 8260//7226 8267//7226 8266//7226
f 8260//7227 8261//7227 8268//7227 8267//7227
f 8261//7228 8262//7228 8269//7228 8268//7228
f 8263//7229 8264//7229 8271//7229 8270//7229
f 8264//7230 8265//7230 8272//7230 8271//7230
f 8265//7231 8266//7231 8273//7231 8272//7231
f 8266//7232 8267//7232 8274//7232 8273//7232
f 8267//7233 8268//7233 8275//7233 8274//7233
f 8268//7234 8269//7234 8276//7234 8275//7234
f 8270//7235 8271//7235 8278//7235 8277//7235
f 8271//7236 8272//7236 8279//7236 8278//7236
f 8272//7237 8273//7237 8280//7237 8279//7237
f 8273//7238 8274//7238 8281//7238 8280//7238
f 8274//7239 8275//7239 8282//7239 8281//7239
f 8275//7240 8276//7240 8283//7240 8282//7240
f 8277//7241 8278//7241 8285//7241 8284//7241
f 8278//7242 8279//7242 8286//7242 8285//7242
f 8279//7243 8280//7243 8287//7243 8286//7243
f 8280//7244 8281//7244 8288//7244 8287//7244
f 8281//7245 8282//7245 8289//7245 8288//7245
f 8282//7246 8283//7246 8290//7246 8289//7246
f 8284//7247 8285//7247 8292//7247 8291//7247
f 8285//7248 8286//7248 8293//7248 8292//7248
f 8286//7249 8287//7249 8294//7249 8293//7249
f 8287//7250 8288//7250 8295//7250 8294//7250
f 8288//7251 8289//7251 8296//7251 8295//7251
f 8289//7252 8290//7252 8297//7252 8296//7252
f 8291//7253 8292//7253 8299//7253 8298//7253
f 8292//7254 8293//7254 8300//7254 8299//7254
f 8293//7255 8294//7255 8301//7255 8300//7255
f 8294//7256 8295//7256 8302//7256 8301//7256
f 8295//7257 8296//7257 8303//7257 8302//7257
f 8296//7258 8297//7258 8304//7258 8303//7258
f 122//7259 1921//7259 8256//7259 1943//7259
f 1921//7260 1920//7260 8257//7260 8256//7260
f 1920//7261 1919//7261 8258//7261 8257//7261
f 1919//7262 1918//7262 8259//7262 8258//7262
f 1918//7263 1917//7263 8260//7263 8259//7263
f 1917//7264 1916//7264 8261//7264 8260//7264
f 1916//7265 1915//7265 8262//7265 8261//7265
f 1915//7266 123//7266 1950//7266 8262//7266
f 8262//7267 1950//7267 1951//7267 8269//7267
f 8269//7268 1951//7268 1952//7268 8276//7268
f 8276//7269 1952//7269 1953//7269 8283//7269
f 8283//7270 1953//7270 1954//7270 8290//7270
f 8290//7271 1954//7271 1955//7271 8297//7271
f 8297//7272 1955//7272 1956//7272 8304//7272
f 8304//7273 1956//7273 55//7273 1732//7273
f 8303//7274 8304//7274 1732//7274 1731//7274
f 8302//7275 8303//7275 1731//7275 1730//7275
f 8301//7276 8302//7276 1730//7276 1729//7276
f 8300//7277 8301//7277 1729//7277 1728//7277
f 8299//7278 8300//7278 1728//7278 1727//7278
f 8298//7279 8299//7279 1727//7279 1726//7279
f 1949//7280 8298//7280 1726//7280 54//7280
f 1948//7281 8291//7281 8298//7281 1949//7281
f 1947//7282 8284//7282 8291//7282 1948//7282
f 1946//7283 8277//7283 8284//7283 1947//7283
f 1945//7284 8270//7284 8277//7284 1946//7284
f 1944//7285 8263//7285 8270//7285 1945//7285
f 1943//7286 8256//7286 8263//7286 1944//7286
f 8305//7287 8306//7287 8313//7287 8312//7287
f 8306//7288 8307//7288 8314//7288 8313//7288
f 8307//7289 8308//7289 8315//7289 8314//7289
f 8308//7290 8309//7290 8316//7290 8315//7290
f 8309//7291 8310//7291 8317//7291 8316//7291
f 8310//7292 8311//7292 8318//7292 8317//7292
f 8312//7293 8313//7293 8320//7293 8319//7293
f 8313//7294 8314//7294 8321//7294 8320//7294
f 8314//7295 8315//7295 8322//7295 8321//7295
f 8315//7296 8316//7296 8323//7296 8322//7296
f 8316//7297 8317//7297 8324//7297 8323//7297
f 8317//7298 8318//7298 8325//7298 8324//7298
f 8319//7299 8320//7299 8327//7299 8326//7299
f 8320//7300 8321//7300 8328//7300 8327//7300
f 8321//7301 8322//7301 8329//7301 8328//7301
f 8322//7302 8323//7302 8330//7302 8329//7302
f 8323//7303 8324//7303 8331//7303 8330//7303
f 8324//7304 8325//7304 8332//7304 8331//7304
f 8326//7305 8327//7305 8334//7305 8333//7305
f 8327//7306 8328//7306 8335//7306 8334//7306
f 8328//7307 8329//7307 8336//7307 8335//7307
f 8329//7308 8330//7308 8337//7308 8336//7308
f 8330//7309 8331//7309 8338//7309 8337//7309
f 8331//7310 8332//7310 8339//7310 8338//7310
f 8333//7311 8334//7311 8341//7311 8340//7311
f 8334//7312 8335//7312 8342//7312 8341//7312
f 8335//7313 8336//7313 8343//7313 8342//7313
f 8336//7314 8337//7314 8344//7314 8343//7314
f 8337//7315 8338//7315 8345//7315 8344//7315
f 8338//7316 8339//7316 8346//7316 8345//7316
f 8340//7317 8341//7317 8348//7317 8347//7317
f 8341//7318 8342//7318 8349//7318 8348//7318
f 8342//7319 8343//7319 8350//7319 8349//7319
f 8343//7320 8344//7320 8351//7320 8350//7320
f 8344//7321 8345//7321 8352//7321 8351//7321
f 8345//7322 8346//7322 8353//7322 8352//7322
f 123//7323 1928//7323 8305//7323 1950//7323
f 1928//7324 1927//7324 8306//7324 8305//7324
f 1927//7325 1926//7325 8307//7325 8306//7325
f 1926//7326 1925//7326 8308//7326 8307//7326
f 1925//7327 1924//7327 8309//7327 8308//7327
f 1924//7328 1923//7328 8310//7328 8309//7328
f 1923//7329 1922//7329 8311//7329 8310//7329
f 1922//7330 120//7330 1935//7330 8311//7330
f 8311//7331 1935//7331 1934//7331 8318//7331
f 8318//7332 1934//7332 1933//7332 8325//7332
f 8325//7333 1933//7333 1932//7333 8332//7333
f 8332//7334 1932//7334 1931//7334 8339//7334
f 8339//7335 1931//7335 1930//7335 8346//7335
f 8346//7336 1930//7336 1929//7336 8353//7336
f 8353//7337 1929//7337 52//7337 1753//7337
f 8352//7338 8353//7338 1753//7338 1752//7338
f 8351//7339 8352//7339 1752//7339 1751//7339
f 8350//7340 8351//7340 1751//7340 1750//7340
f 8349//7341 8350//7341 1750//7341 1749//7341
f 8348//7342 8349//7342 1749//7342 1748//7342
f 8347//7343 8348//7343 1748//7343 1747//7343
f 1956//7344 8347//7344 1747//7344 55//7344
f 1955//7345 8340//7345 8347//7345 1956//7345
f 1954//7346 8333//7346 8340//7346 1955//7346
f 1953//7347 8326//7347 8333//7347 1954//7347
f 1952//7348 8319//7348 8326//7348 1953//7348
f 1951//7349 8312//7349 8319//7349 1952//7349
f 1950//7350 8305//7350 8312//7350 1951//7350
